uid,image,was_refined,gcrf_iterations,draft_ppv,final_ppv,draft_npv,final_npv,draft_sensitivity,final_sensitivity,draft_specificity,final_specificity,draft_f1_clinical,final_f1_clinical,draft_chair_i,final_chair_i,draft_chair_s,final_chair_s,draft_truthful_rate,final_truthful_rate,draft_halluc_rate,final_halluc_rate,draft_fabrication,final_fabrication,draft_danger_phrases,final_danger_phrases,draft_contradiction_count,final_contradiction_count,draft_monotone_score,final_monotone_score,draft_is_monotone,final_is_monotone,draft_report_length_words,final_report_length_words,draft_cx_f1,final_cx_f1,draft_cx_hallucination_pct,final_cx_hallucination_pct,final_cx_n_hallucinated,final_cx_n_missed,final_cx_hallucinated_conditions,final_cx_missed_conditions,draft_hallucination_score,hallucination_score,delta_hallucination_score,hallucination_class,final_monotone_score.1,final_npv_h,final_ppv_h,final_sensitivity_h,final_specificity_h,final_chair_i_h,final_chair_s_h,final_truthful_rate_h,final_monotone_score_h,final_is_monotone_h,new_score,new_class,old_score,version
7,7_IM-2263-1001.dcm.png,False,1,0.0,0.0,0.9,0.9,0.0,0.0,0.6429,0.6429,0.0,0.0,1.0,1.0,0.6,0.6,0.4,0.4,0.6,0.6,1,1,0,0,0,0,0.2222,0.2222,0,0,26,26,0.0,0.0,0.0,0.0,0,1,,Atelectasis,56.0,56.0,0.0,High,0.2222,0.9,0.0,0.0,0.6429,1.0,0.6,0.4,0.2222,0,47.38,Moderate,56.0,v2+GCRF
15,15_IM-0324-1001.dcm.png,False,1,0.4,0.4,0.9,0.9,0.6667,0.6667,0.75,0.75,0.5,0.5,0.6,0.6,0.6,0.6,0.4,0.4,0.6,0.6,1,1,0,0,0,0,0.2222,0.2222,0,0,26,26,0.0,0.0,50.0,50.0,1,3,Pneumothorax,Pleural Effusion; Support Devices; No Finding,49.5,49.5,0.0,Moderate,0.2222,0.9,0.4,0.6667,0.75,0.6,0.6,0.4,0.2222,0,44.42,Moderate,49.5,v2+GCRF
43,43_IM-2070-1001.dcm.png,False,1,0.0,0.0,1.0,1.0,0.0,0.0,0.6667,0.6667,0.0,0.0,1.0,1.0,0.6,0.6,0.4,0.4,0.6,0.6,1,1,0,0,0,0,0.2222,0.2222,0,0,26,26,0.0,0.0,0.0,0.0,0,0,,,56.0,56.0,0.0,High,0.2222,1.0,0.0,0.0,0.6667,1.0,0.6,0.4,0.2222,0,45.69,Moderate,56.0,v2+GCRF
49,49_IM-2110-1001.dcm.png,False,1,0.5,0.5,0.5556,0.5556,0.4286,0.4286,0.625,0.625,0.4615,0.4615,0.5,0.5,0.6,0.6,0.4,0.4,0.6,0.6,1,1,0,0,0,0,0.3333,0.3333,1,1,30,30,0.3333,0.3333,0.0,0.0,0,4,,Lung Opacity; Pneumonia; Pleural Other; No Finding,38.5,38.5,0.0,Moderate,0.3333,0.5556,0.5,0.4286,0.625,0.5,0.6,0.4,0.3333,1,41.8,Moderate,38.5,v2+GCRF
50,50_IM-2118-2001.dcm.png,True,2,0.6,0.6667,0.9,0.8333,0.75,0.5,0.8182,0.9091,0.6667,0.5714,0.4,0.3333,0.5,0.25,0.5,0.75,0.5,0.25,1,1,0,0,0,0,0.2222,0.2222,0,0,20,26,0.6667,0.6667,0.0,0.0,0,1,,Cardiomegaly,31.5,20.42,-11.08,Low,0.2222,0.8333,0.6667,0.5,0.9091,0.3333,0.25,0.75,0.2222,0,20.45,Low,20.42,v2+GCRF
57,57_IM-2170-1001-0002.dcm.png,False,1,0.75,0.75,0.8182,0.8182,0.6,0.6,0.9,0.9,0.6667,0.6667,0.25,0.25,0.2,0.2,0.8,0.8,0.2,0.2,1,1,0,0,0,0,0.1111,0.1111,0,0,26,26,0.0,0.0,100.0,100.0,1,2,Pleural Effusion,Consolidation; No Finding,30.75,30.75,0.0,Moderate,0.1111,0.8182,0.75,0.6,0.9,0.25,0.2,0.8,0.1111,0,31.24,Moderate,30.75,v2+GCRF
60,60_IM-2192-1001.dcm.png,False,1,0.6,0.6,0.9,0.9,0.75,0.75,0.8182,0.8182,0.6667,0.6667,0.4,0.4,0.3333,0.3333,0.6667,0.6667,0.3333,0.3333,1,1,0,0,0,0,0.3333,0.3333,1,1,34,34,0.0,0.0,100.0,100.0,1,2,Pneumothorax,Lung Lesion; Pleural Effusion,40.67,40.67,0.0,Moderate,0.3333,0.9,0.6,0.75,0.8182,0.4,0.3333,0.6667,0.3333,1,40.22,Moderate,40.67,v2+GCRF
63,63_IM-2210-0001-0001.dcm.png,False,1,0.6,0.6,0.9,0.9,0.75,0.75,0.8182,0.8182,0.6667,0.6667,0.4,0.4,0.2,0.2,0.8,0.8,0.2,0.2,1,1,0,0,0,0,0.2222,0.2222,0,0,26,26,0.4,0.4,0.0,0.0,0,3,,Edema; Pleural Effusion; Support Devices,21.0,21.0,0.0,Low,0.2222,0.9,0.6,0.75,0.8182,0.4,0.2,0.8,0.2222,0,20.38,Low,21.0,v2+GCRF
67,67_IM-2243-8001.dcm.png,False,1,0.2,0.2,0.7,0.7,0.25,0.25,0.6364,0.6364,0.2222,0.2222,0.8,0.8,0.6,0.6,0.4,0.4,0.6,0.6,1,1,0,0,0,0,0.2222,0.2222,0,0,26,26,0.0,0.0,0.0,0.0,0,4,,Lung Opacity; Pleural Effusion; Fracture; No Finding,49.0,49.0,0.0,Moderate,0.2222,0.7,0.2,0.25,0.6364,0.8,0.6,0.4,0.2222,0,45.63,Moderate,49.0,v2+GCRF
69,69_IM-2258-1001.dcm.png,False,1,0.75,0.75,0.9091,0.9091,0.75,0.75,0.9091,0.9091,0.75,0.75,0.25,0.25,0.25,0.25,0.75,0.75,0.25,0.25,1,1,0,0,0,0,0.2222,0.2222,0,0,18,18,0.0,0.0,100.0,100.0,1,1,Pneumothorax,Pleural Effusion,32.5,32.5,0.0,Moderate,0.2222,0.9091,0.75,0.75,0.9091,0.25,0.25,0.75,0.2222,0,32.31,Moderate,32.5,v2+GCRF
75,75_IM-2303-1001.dcm.png,False,1,0.0,0.0,1.0,1.0,0.0,0.0,0.7333,0.7333,0.0,0.0,1.0,1.0,0.5,0.5,0.5,0.5,0.5,0.5,1,1,0,0,0,0,0.3333,0.3333,1,1,21,21,0.0,0.0,0.0,0.0,0,1,,Support Devices,52.5,52.5,0.0,High,0.3333,1.0,0.0,0.0,0.7333,1.0,0.5,0.5,0.3333,1,43.47,Moderate,52.5,v2+GCRF
79,79_IM-2329-1001.dcm.png,False,1,0.0,0.0,0.9091,0.9091,0.0,0.0,0.7143,0.7143,0.0,0.0,1.0,1.0,0.5,0.5,0.5,0.5,0.5,0.5,1,1,0,0,0,0,0.2222,0.2222,0,0,18,18,0.0,0.0,0.0,0.0,0,2,,Support Devices; No Finding,52.5,52.5,0.0,High,0.2222,0.9091,0.0,0.0,0.7143,1.0,0.5,0.5,0.2222,0,43.87,Moderate,52.5,v2+GCRF
94,94_IM-2436-1001.dcm.png,False,1,0.6,0.6,0.8,0.8,0.6,0.6,0.8,0.8,0.6,0.6,0.4,0.4,0.4,0.4,0.6,0.6,0.4,0.4,1,1,0,0,0,0,0.2222,0.2222,0,0,26,26,0.3333,0.3333,50.0,50.0,1,3,Consolidation,Lung Opacity; Pleural Effusion; No Finding,35.5,35.5,0.0,Moderate,0.2222,0.8,0.6,0.6,0.8,0.4,0.4,0.6,0.2222,0,35.12,Moderate,35.5,v2+GCRF
99,99_IM-2476-1001.dcm.png,False,1,0.6,0.6,1.0,1.0,1.0,1.0,0.8333,0.8333,0.75,0.75,0.4,0.4,0.4,0.4,0.6,0.6,0.4,0.4,1,1,0,0,0,0,0.2222,0.2222,0,0,31,31,0.0,0.0,50.0,50.0,1,0,Pneumothorax,,35.5,35.5,0.0,Moderate,0.2222,1.0,0.6,1.0,0.8333,0.4,0.4,0.6,0.2222,0,31.86,Moderate,35.5,v2+GCRF
103,103_IM-0023-1001.dcm.png,True,2,0.6,0.75,0.8,0.8182,0.6,0.6,0.8,0.9,0.6,0.6667,0.4,0.25,0.4,0.25,0.6,0.75,0.4,0.25,1,1,0,0,0,0,0.2222,0.2222,0,0,28,26,0.5,0.8,0.0,0.0,0,1,,No Finding,28.0,17.5,-10.5,Low,0.2222,0.8182,0.75,0.6,0.9,0.25,0.25,0.75,0.2222,0,18.75,Low,17.5,v2+GCRF
108,108_IM-0056-1001.dcm.png,False,1,0.5,0.5,0.8182,0.8182,0.5,0.5,0.8182,0.8182,0.5,0.5,0.5,0.5,0.25,0.25,0.75,0.75,0.25,0.25,1,1,0,0,0,0,0.2222,0.2222,0,0,18,18,0.0,0.0,0.0,0.0,0,3,,Lung Opacity; Pleural Effusion; No Finding,26.25,26.25,0.0,Low,0.2222,0.8182,0.5,0.5,0.8182,0.5,0.25,0.75,0.2222,0,25.4,Low,26.25,v2+GCRF
114,114_IM-0096-1001.dcm.png,True,2,1.0,0.6667,1.0,1.0,1.0,1.0,1.0,0.8182,1.0,0.8,0.0,0.3333,0.0,0.4,1.0,0.6,0.0,0.4,0,1,1,0,0,0,0.2222,0.3333,0,1,28,31,0.6667,0.5714,33.33,50.0,2,1,Consolidation; Pneumothorax,Pleural Effusion,5.0,33.17,28.17,Moderate,0.3333,1.0,0.6667,1.0,0.8182,0.3333,0.4,0.6,0.3333,1,31.49,Moderate,33.17,v2+GCRF
116,116_IM-0107-1001.dcm.png,False,1,0.0,0.0,0.9091,0.9091,0.0,0.0,0.7143,0.7143,0.0,0.0,1.0,1.0,0.4,0.4,0.6,0.6,0.4,0.4,1,1,0,0,0,0,0.2222,0.2222,0,0,33,33,0.0,0.0,0.0,0.0,0,1,,No Finding,49.0,49.0,0.0,Moderate,0.2222,0.9091,0.0,0.0,0.7143,1.0,0.4,0.6,0.2222,0,41.07,Moderate,49.0,v2+GCRF
129,129_IM-0189-1001.dcm.png,False,1,0.5,0.5,0.8182,0.8182,0.5,0.5,0.8182,0.8182,0.5,0.5,0.5,0.5,0.5,0.5,0.5,0.5,0.5,0.5,1,1,0,0,0,0,0.2222,0.2222,0,0,18,18,0.3333,0.3333,0.0,0.0,0,4,,Lung Opacity; Pleural Effusion; Support Devices; No Finding,35.0,35.0,0.0,Moderate,0.2222,0.8182,0.5,0.5,0.8182,0.5,0.5,0.5,0.2222,0,32.4,Moderate,35.0,v2+GCRF
141,141_IM-0260-1001.dcm.png,False,1,0.5,0.5,0.7273,0.7273,0.4,0.4,0.8,0.8,0.4444,0.4444,0.5,0.5,0.5,0.5,0.5,0.5,0.5,0.5,1,1,0,0,0,0,0.2222,0.2222,0,0,18,18,0.4,0.4,0.0,0.0,0,3,,Lung Opacity; Pleural Effusion; No Finding,35.0,35.0,0.0,Moderate,0.2222,0.7273,0.5,0.4,0.8,0.5,0.5,0.5,0.2222,0,33.91,Moderate,35.0,v2+GCRF
145,145_IM-0290-1001.dcm.png,False,1,0.0,0.0,0.9167,0.9167,0.0,0.0,0.7857,0.7857,0.0,0.0,1.0,1.0,0.75,0.75,0.25,0.25,0.75,0.75,1,1,0,0,0,0,0.1111,0.1111,0,0,16,16,0.0,0.0,0.0,0.0,0,1,,Lung Opacity,61.25,61.25,0.0,High,0.1111,0.9167,0.0,0.0,0.7857,1.0,0.75,0.25,0.1111,0,49.07,Moderate,61.25,v2+GCRF
154,154_IM-0350-1001.dcm.png,True,2,0.6,0.75,1.0,1.0,1.0,1.0,0.8333,0.9167,0.75,0.8571,0.4,0.25,0.5,0.25,0.5,0.75,0.5,0.25,1,1,0,0,0,0,0.2222,0.2222,0,0,20,26,0.4,0.8,50.0,0.0,0,1,,Support Devices,39.0,17.5,-21.5,Low,0.2222,1.0,0.75,1.0,0.9167,0.25,0.25,0.75,0.2222,0,15.89,Low,17.5,v2+GCRF
169,169_IM-0452-1001.dcm.png,True,2,0.0,0.0,0.9,0.9167,0.0,0.0,0.6429,0.7857,0.0,0.0,1.0,1.0,0.75,0.25,0.25,0.75,0.75,0.25,1,1,0,0,0,0,0.2222,0.2222,0,0,20,26,0.0,0.0,0.0,0.0,0,1,,No Finding,61.25,43.75,-17.5,Moderate,0.2222,0.9167,0.0,0.0,0.7857,1.0,0.25,0.75,0.2222,0,36.19,Moderate,43.75,v2+GCRF
179,179_IM-0514-1001.dcm.png,False,1,0.5,0.5,0.7273,0.7273,0.4,0.4,0.8,0.8,0.4444,0.4444,0.5,0.5,0.25,0.25,0.75,0.75,0.25,0.25,1,1,0,0,0,0,0.2222,0.2222,0,0,18,18,0.0,0.0,0.0,0.0,0,3,,Lung Lesion; Pleural Effusion; No Finding,26.25,26.25,0.0,Low,0.2222,0.7273,0.5,0.4,0.8,0.5,0.25,0.75,0.2222,0,26.91,Low,26.25,v2+GCRF
184,184_IM-0544-1001.dcm.png,False,1,0.4,0.4,0.8,0.8,0.5,0.5,0.7273,0.7273,0.4444,0.4444,0.6,0.6,0.5,0.5,0.5,0.5,0.5,0.5,1,1,0,0,0,0,0.2222,0.2222,0,0,33,33,0.0,0.0,50.0,50.0,1,3,Pneumothorax,Lung Lesion; Pleural Effusion; No Finding,46.0,46.0,0.0,Moderate,0.2222,0.8,0.4,0.5,0.7273,0.6,0.5,0.5,0.2222,0,43.3,Moderate,46.0,v2+GCRF
191,191_IM-0591-1001.dcm.png,False,1,1.0,1.0,0.9091,0.9091,0.8,0.8,1.0,1.0,0.8889,0.8889,0.0,0.0,0.0,0.0,1.0,1.0,0.0,0.0,0,0,0,0,0,0,0.2222,0.2222,0,0,18,18,0.6667,0.6667,0.0,0.0,0,1,,No Finding,0.0,0.0,0.0,Hallucination-Free,0.2222,0.9091,1.0,0.8,1.0,0.0,0.0,1.0,0.2222,0,3.59,Hallucination-Free,0.0,v2+GCRF
195,195_IM-0618-1002.dcm.png,True,2,0.6,0.6,1.0,1.0,1.0,1.0,0.8333,0.8333,0.75,0.75,0.4,0.4,0.5,0.5,0.5,0.5,0.5,0.5,1,1,0,0,0,0,0.2222,0.1111,0,0,20,30,0.0,0.6667,50.0,25.0,1,0,Pneumothorax,,39.0,35.25,-3.75,Moderate,0.1111,1.0,0.6,1.0,0.8333,0.4,0.5,0.5,0.1111,0,29.79,Low,35.25,v2+GCRF
196,196_IM-0626-1001.dcm.png,True,2,0.0,0.0,1.0,1.0,0.0,0.0,0.6667,0.7333,0.0,0.0,1.0,1.0,0.75,0.75,0.25,0.25,0.75,0.75,1,1,0,0,0,0,0.2222,0.2222,0,0,20,26,0.0,0.0,0.0,0.0,0,0,0,0,61.25,61.25,0.0,High,0.2222,1.0,0.0,0.0,0.7333,1.0,0.75,0.25,0.2222,0,49.36,Moderate,61.25,v2+GCRF
197,197_IM-0631-1001.dcm.png,False,1,0.5,0.5,0.8182,0.8182,0.5,0.5,0.8182,0.8182,0.5,0.5,0.5,0.5,0.5,0.5,0.5,0.5,0.5,0.5,1,1,0,0,0,0,0.2222,0.2222,0,0,18,18,0.0,0.0,100.0,100.0,1,4,Pneumothorax,Lung Opacity; Pleural Effusion; Support Devices; No Finding,50.0,50.0,0.0,High,0.2222,0.8182,0.5,0.5,0.8182,0.5,0.5,0.5,0.2222,0,47.4,Moderate,50.0,v2+GCRF
200,200_IM-0653-1001.dcm.png,False,1,0.8,0.8,0.9,0.9,0.8,0.8,0.9,0.9,0.8,0.8,0.2,0.2,0.2,0.2,0.8,0.8,0.2,0.2,1,1,0,0,0,0,0.2222,0.2222,0,0,26,26,0.5,0.5,0.0,0.0,0,2,,Lung Opacity; No Finding,14.0,14.0,0.0,Hallucination-Free,0.2222,0.9,0.8,0.8,0.9,0.2,0.2,0.8,0.2222,0,14.92,Hallucination-Free,14.0,v2+GCRF
206,206_IM-0697-6001.dcm.png,False,1,0.4,0.4,0.8,0.8,0.5,0.5,0.7273,0.7273,0.4444,0.4444,0.6,0.6,0.75,0.75,0.25,0.25,0.75,0.75,1,1,0,0,0,0,0.3333,0.3333,1,1,22,22,0.0,0.0,0.0,0.0,0,3,,Lung Opacity; Lung Lesion; Support Devices,47.25,47.25,0.0,Moderate,0.3333,0.8,0.4,0.5,0.7273,0.6,0.75,0.25,0.3333,1,43.91,Moderate,47.25,v2+GCRF
225,225_IM-0844-1001.dcm.png,True,2,0.6,0.6667,0.9,0.8333,0.75,0.5,0.8182,0.9091,0.6667,0.5714,0.4,0.3333,0.4,0.25,0.6,0.75,0.4,0.25,1,1,0,0,0,0,0.2222,0.2222,0,0,28,26,0.0,0.0,100.0,100.0,1,3,Pneumothorax,Pleural Effusion; Support Devices; No Finding,43.0,35.42,-7.58,Moderate,0.2222,0.8333,0.6667,0.5,0.9091,0.3333,0.25,0.75,0.2222,0,35.45,Moderate,35.42,v2+GCRF
226,226_IM-0851-1001.dcm.png,False,1,0.0,0.0,1.0,1.0,0.0,0.0,0.6667,0.6667,0.0,0.0,1.0,1.0,0.6,0.6,0.4,0.4,0.6,0.6,1,1,0,0,0,0,0.2222,0.2222,0,0,26,26,0.0,0.0,0.0,0.0,0,0,,,56.0,56.0,0.0,High,0.2222,1.0,0.0,0.0,0.6667,1.0,0.6,0.4,0.2222,0,45.69,Moderate,56.0,v2+GCRF
234,234_IM-0906-0001-0001.dcm.png,True,2,0.6,0.8,0.9,1.0,0.75,1.0,0.8182,0.9091,0.6667,0.8889,0.4,0.2,0.5,0.25,0.5,0.75,0.5,0.25,1,1,0,0,0,0,0.2222,0.1111,0,0,20,30,0.3333,0.75,50.0,25.0,1,1,Pneumothorax,Support Devices,39.0,19.5,-19.5,Low,0.1111,1.0,0.8,1.0,0.9091,0.2,0.25,0.75,0.1111,0,17.39,Low,19.5,v2+GCRF
237,237_IM-0930-2001.dcm.png,False,1,0.5,0.5,0.8889,0.8889,0.75,0.75,0.7273,0.7273,0.6,0.6,0.5,0.5,0.5,0.5,0.5,0.5,0.5,0.5,1,1,0,0,0,0,0.3333,0.3333,1,1,39,39,0.5,0.5,0.0,0.0,0,2,,Pleural Effusion; Support Devices,35.0,35.0,0.0,Moderate,0.3333,0.8889,0.5,0.75,0.7273,0.5,0.5,0.5,0.3333,1,33.18,Moderate,35.0,v2+GCRF
254,254_IM-1051-1001.dcm.png,False,1,0.0,0.0,1.0,1.0,0.0,0.0,0.7333,0.7333,0.0,0.0,1.0,1.0,0.5,0.5,0.5,0.5,0.5,0.5,1,1,0,0,0,0,0.2222,0.2222,0,0,18,18,0.0,0.0,0.0,0.0,0,0,,,52.5,52.5,0.0,High,0.2222,1.0,0.0,0.0,0.7333,1.0,0.5,0.5,0.2222,0,42.36,Moderate,52.5,v2+GCRF
260,260_IM-1090-1001.dcm.png,False,1,0.4,0.4,0.9,0.9,0.6667,0.6667,0.75,0.75,0.5,0.5,0.6,0.6,0.5,0.5,0.5,0.5,0.5,0.5,1,1,0,0,0,0,0.2222,0.2222,0,0,33,33,0.0,0.0,50.0,50.0,1,3,Pneumothorax,Pleural Effusion; Support Devices; No Finding,46.0,46.0,0.0,Moderate,0.2222,0.9,0.4,0.6667,0.75,0.6,0.5,0.5,0.2222,0,41.62,Moderate,46.0,v2+GCRF
278,278_IM-1218-1001.dcm.png,False,1,0.6,0.6,0.9,0.9,0.75,0.75,0.8182,0.8182,0.6667,0.6667,0.4,0.4,0.4,0.4,0.6,0.6,0.4,0.4,1,1,0,0,0,0,0.2222,0.2222,0,0,26,26,0.0,0.0,50.0,50.0,1,3,Pneumothorax,Lung Opacity; Pleural Effusion; Support Devices,35.5,35.5,0.0,Moderate,0.2222,0.9,0.6,0.75,0.8182,0.4,0.4,0.6,0.2222,0,33.48,Moderate,35.5,v2+GCRF
301,301_IM-1389-1001.dcm.png,False,1,0.5,0.5,1.0,1.0,1.0,1.0,0.8462,0.8462,0.6667,0.6667,0.5,0.5,0.5,0.5,0.5,0.5,0.5,0.5,1,1,0,0,0,0,0.2222,0.2222,0,0,18,18,0.0,0.0,100.0,100.0,1,1,Pneumothorax,Pleural Effusion,50.0,50.0,0.0,High,0.2222,1.0,0.5,1.0,0.8462,0.5,0.5,0.5,0.2222,0,44.45,Moderate,50.0,v2+GCRF
306,306_IM-1426-1001.dcm.png,False,1,0.5,0.5,1.0,1.0,1.0,1.0,0.8462,0.8462,0.6667,0.6667,0.5,0.5,0.25,0.25,0.75,0.75,0.25,0.25,1,1,0,0,0,0,0.2222,0.2222,0,0,18,18,0.0,0.0,100.0,100.0,1,0,Pneumothorax,,41.25,41.25,0.0,Moderate,0.2222,1.0,0.5,1.0,0.8462,0.5,0.25,0.75,0.2222,0,37.45,Moderate,41.25,v2+GCRF
319,319_IM-1505-1001.dcm.png,True,2,0.8,1.0,1.0,0.9167,1.0,0.75,0.9091,1.0,0.8889,0.8571,0.2,0.0,0.25,0.0,0.75,1.0,0.25,0.0,1,0,0,0,0,0,0.2222,0.2222,0,0,20,26,0.0,0.0,50.0,100.0,1,0,Pneumothorax,,23.25,15.0,-8.25,Low,0.2222,0.9167,1.0,0.75,1.0,0.0,0.0,1.0,0.2222,0,18.47,Low,15.0,v2+GCRF
323,323_IM-1526-1001.dcm.png,False,1,0.4,0.4,0.8,0.8,0.5,0.5,0.7273,0.7273,0.4444,0.4444,0.6,0.6,0.6,0.6,0.4,0.4,0.6,0.6,1,1,0,0,0,0,0.2222,0.2222,0,0,30,30,0.0,0.0,50.0,50.0,1,3,Pneumothorax,Pleural Effusion; Support Devices; No Finding,49.5,49.5,0.0,Moderate,0.2222,0.8,0.4,0.5,0.7273,0.6,0.6,0.4,0.2222,0,46.1,Moderate,49.5,v2+GCRF
329,329_IM-1571-1004003.dcm.png,True,2,0.0,0.0,1.0,1.0,0.0,0.0,0.6667,0.7333,0.0,0.0,1.0,1.0,0.6,0.6,0.4,0.4,0.6,0.6,1,1,0,0,0,0,0.2222,0.2222,0,0,28,33,0.0,0.0,0.0,0.0,0,0,0,0,56.0,56.0,0.0,High,0.2222,1.0,0.0,0.0,0.7333,1.0,0.6,0.4,0.2222,0,45.16,Moderate,56.0,v2+GCRF
330,330_IM-1577-0001-0002.dcm.png,False,1,0.6,0.6,0.8,0.8,0.6,0.6,0.8,0.8,0.6,0.6,0.4,0.4,0.4,0.4,0.6,0.6,0.4,0.4,1,1,0,0,0,0,0.2222,0.2222,0,0,26,26,0.3333,0.3333,50.0,50.0,1,3,Consolidation,Lung Opacity; Pleural Effusion; No Finding,35.5,35.5,0.0,Moderate,0.2222,0.8,0.6,0.6,0.8,0.4,0.4,0.6,0.2222,0,35.12,Moderate,35.5,v2+GCRF
335,335_IM-1606-1001.dcm.png,False,1,0.6,0.6,0.9,0.9,0.75,0.75,0.8182,0.8182,0.6667,0.6667,0.4,0.4,0.2857,0.2857,0.7143,0.7143,0.2857,0.2857,1,1,0,0,0,0,0.3333,0.3333,1,1,42,42,0.4,0.4,50.0,50.0,1,2,Pneumothorax,Pleural Effusion; Support Devices,31.5,31.5,0.0,Moderate,0.3333,0.9,0.6,0.75,0.8182,0.4,0.2857,0.7143,0.3333,1,31.39,Moderate,31.5,v2+GCRF
337,337_IM-1622-1001.dcm.png,False,1,0.0,0.0,1.0,1.0,0.0,0.0,0.6,0.6,0.0,0.0,1.0,1.0,0.8,0.8,0.2,0.2,0.8,0.8,1,1,0,0,0,0,0.3333,0.3333,1,1,27,27,0.0,0.0,0.0,0.0,0,0,,,63.0,63.0,0.0,High,0.3333,1.0,0.0,0.0,0.6,1.0,0.8,0.2,0.3333,1,52.93,High,63.0,v2+GCRF
340,340_IM-1644-4004.dcm.png,False,1,0.25,0.25,0.8182,0.8182,0.3333,0.3333,0.75,0.75,0.2857,0.2857,0.75,0.75,0.5,0.5,0.5,0.5,0.5,0.5,1,1,0,0,0,0,0.2222,0.2222,0,0,20,20,0.0,0.0,0.0,0.0,0,4,,Edema; Consolidation; Pleural Effusion; Support Devices,43.75,43.75,0.0,Moderate,0.2222,0.8182,0.25,0.3333,0.75,0.75,0.5,0.5,0.2222,0,38.95,Moderate,43.75,v2+GCRF
347,347_IM-1686-1001.dcm.png,False,1,0.4,0.4,0.9,0.9,0.6667,0.6667,0.75,0.75,0.5,0.5,0.6,0.6,0.5,0.5,0.5,0.5,0.5,0.5,1,1,0,0,0,0,0.2222,0.2222,0,0,32,32,0.5,0.5,0.0,0.0,0,2,,Pleural Effusion; No Finding,38.5,38.5,0.0,Moderate,0.2222,0.9,0.4,0.6667,0.75,0.6,0.5,0.5,0.2222,0,34.12,Moderate,38.5,v2+GCRF
348,348_IM-1690-1001.dcm.png,False,1,0.5,0.5,1.0,1.0,1.0,1.0,0.8462,0.8462,0.6667,0.6667,0.5,0.5,0.5,0.5,0.5,0.5,0.5,0.5,1,1,0,0,0,0,0.2222,0.2222,0,0,18,18,1.0,1.0,0.0,0.0,0,0,,,35.0,35.0,0.0,Moderate,0.2222,1.0,0.5,1.0,0.8462,0.5,0.5,0.5,0.2222,0,29.45,Low,35.0,v2+GCRF
351,351_IM-1712-1001.dcm.png,False,1,0.0,0.0,0.9091,0.9091,0.0,0.0,0.7143,0.7143,0.0,0.0,1.0,1.0,0.5,0.5,0.5,0.5,0.5,0.5,1,1,0,0,0,0,0.2222,0.2222,0,0,18,18,0.0,0.0,0.0,0.0,0,1,,No Finding,52.5,52.5,0.0,High,0.2222,0.9091,0.0,0.0,0.7143,1.0,0.5,0.5,0.2222,0,43.87,Moderate,52.5,v2+GCRF
355,355_IM-1739-1001.dcm.png,False,1,0.125,0.125,1.0,1.0,1.0,1.0,0.5,0.5,0.2222,0.2222,0.875,0.875,0.8,0.8,0.2,0.2,0.8,0.8,1,1,0,0,0,0,0.2222,0.2222,0,0,44,44,1.0,1.0,0.0,0.0,0,0,,,58.63,58.63,0.0,High,0.2222,1.0,0.125,1.0,0.5,0.875,0.8,0.2,0.2222,0,49.62,Moderate,58.63,v2+GCRF
356,356_IM-1744-1001.dcm.png,False,1,0.5,0.5,0.8182,0.8182,0.5,0.5,0.8182,0.8182,0.5,0.5,0.5,0.5,0.5,0.5,0.5,0.5,0.5,0.5,1,1,0,0,0,0,0.2222,0.2222,0,0,18,18,0.3333,0.3333,0.0,0.0,0,4,,Lung Opacity; Pleural Effusion; Support Devices; No Finding,35.0,35.0,0.0,Moderate,0.2222,0.8182,0.5,0.5,0.8182,0.5,0.5,0.5,0.2222,0,32.4,Moderate,35.0,v2+GCRF
364,364_IM-1804-1001.dcm.png,True,2,0.6,0.6667,0.9,0.8333,0.75,0.5,0.8182,0.9091,0.6667,0.5714,0.4,0.3333,0.5,0.25,0.5,0.75,0.5,0.25,1,1,0,0,0,0,0.2222,0.2222,0,0,20,26,0.4,0.4,0.0,0.0,0,3,,Pleural Effusion; Support Devices; No Finding,31.5,20.42,-11.08,Low,0.2222,0.8333,0.6667,0.5,0.9091,0.3333,0.25,0.75,0.2222,0,20.45,Low,20.42,v2+GCRF
380,380_IM-1911-2001.dcm.png,False,1,0.5,0.5,0.8182,0.8182,0.5,0.5,0.8182,0.8182,0.5,0.5,0.5,0.5,0.5,0.5,0.5,0.5,0.5,0.5,1,1,0,0,0,0,0.2222,0.2222,0,0,18,18,0.5,0.5,0.0,0.0,0,2,,Pleural Effusion; No Finding,35.0,35.0,0.0,Moderate,0.2222,0.8182,0.5,0.5,0.8182,0.5,0.5,0.5,0.2222,0,32.4,Moderate,35.0,v2+GCRF
389,389_IM-1973-1001.dcm.png,False,1,0.3333,0.3333,0.8889,0.8889,0.6667,0.6667,0.6667,0.6667,0.4444,0.4444,0.6667,0.6667,0.8,0.8,0.2,0.2,0.8,0.8,1,1,0,0,0,0,0.3333,0.3333,1,1,30,30,0.5,0.5,0.0,0.0,0,2,,Pleural Effusion; No Finding,51.33,51.33,0.0,High,0.3333,0.8889,0.3333,0.6667,0.6667,0.6667,0.8,0.2,0.3333,1,46.07,Moderate,51.33,v2+GCRF
392,392_IM-1993-1001.dcm.png,False,1,0.5,0.5,0.9091,0.9091,0.6667,0.6667,0.8333,0.8333,0.5714,0.5714,0.5,0.5,0.4,0.4,0.6,0.6,0.4,0.4,1,1,0,0,0,0,0.3333,0.3333,1,1,40,40,0.8,0.8,0.0,0.0,0,1,,Pleural Effusion,31.5,31.5,0.0,Moderate,0.3333,0.9091,0.5,0.6667,0.8333,0.5,0.4,0.6,0.3333,1,29.23,Low,31.5,v2+GCRF
394,394_IM-2010-1001.dcm.png,False,1,0.6,0.6,0.8,0.8,0.6,0.6,0.8,0.8,0.6,0.6,0.4,0.4,0.4,0.4,0.6,0.6,0.4,0.4,1,1,0,0,0,0,0.0,0.0,0,0,23,23,0.0,0.0,0.0,0.0,0,2,,Lung Opacity; No Finding,28.0,28.0,0.0,Low,0.0,0.8,0.6,0.6,0.8,0.4,0.4,0.6,0.0,0,25.4,Low,28.0,v2+GCRF
402,402_IM-2051-1001.dcm.png,False,1,0.0,0.0,1.0,1.0,0.0,0.0,0.6667,0.6667,0.0,0.0,1.0,1.0,0.6,0.6,0.4,0.4,0.6,0.6,1,1,0,0,0,0,0.2222,0.2222,0,0,26,26,0.0,0.0,0.0,0.0,0,0,,,56.0,56.0,0.0,High,0.2222,1.0,0.0,0.0,0.6667,1.0,0.6,0.4,0.2222,0,45.69,Moderate,56.0,v2+GCRF
408,408_IM-2054-1001.dcm.png,False,1,0.3333,0.3333,0.8889,0.8889,0.6667,0.6667,0.6667,0.6667,0.4444,0.4444,0.6667,0.6667,0.5,0.5,0.5,0.5,0.5,0.5,1,1,0,0,0,0,0.3333,0.3333,1,1,38,38,0.0,0.0,0.0,0.0,0,2,,Pleural Effusion; No Finding,40.83,40.83,0.0,Moderate,0.3333,0.8889,0.3333,0.6667,0.6667,0.6667,0.5,0.5,0.3333,1,37.67,Moderate,40.83,v2+GCRF
415,415_IM-2058-2002.dcm.png,False,1,0.2,0.2,0.9,0.9,0.5,0.5,0.6923,0.6923,0.2857,0.2857,0.8,0.8,0.3333,0.3333,0.6667,0.6667,0.3333,0.3333,1,1,0,0,0,0,0.2222,0.2222,0,0,33,33,0.0,0.0,0.0,0.0,0,1,,No Finding,39.67,39.67,0.0,Moderate,0.2222,0.9,0.2,0.5,0.6923,0.8,0.3333,0.6667,0.2222,0,34.72,Moderate,39.67,v2+GCRF
419,419_IM-2062-1001.dcm.png,False,1,0.0,0.0,0.9,0.9,0.0,0.0,0.6429,0.6429,0.0,0.0,1.0,1.0,0.6,0.6,0.4,0.4,0.6,0.6,1,1,0,0,0,0,0.2222,0.2222,0,0,26,26,0.0,0.0,0.0,0.0,0,1,,No Finding,56.0,56.0,0.0,High,0.2222,0.9,0.0,0.0,0.6429,1.0,0.6,0.4,0.2222,0,47.38,Moderate,56.0,v2+GCRF
421,421_IM-2064-1001.dcm.png,True,2,0.8,0.6667,0.9,0.75,0.8,0.4,0.9,0.9,0.8,0.5,0.2,0.3333,0.25,0.25,0.75,0.75,0.25,0.25,1,1,0,0,0,0,0.2222,0.2222,0,0,20,26,0.6667,0.4,0.0,0.0,0,3,,Consolidation; Pleural Effusion; No Finding,15.75,20.42,4.67,Low,0.2222,0.75,0.6667,0.4,0.9,0.3333,0.25,0.75,0.2222,0,21.77,Low,20.42,v2+GCRF
427,427_IM-2070-1001.dcm.png,True,2,0.6,0.8,0.9,1.0,0.75,1.0,0.8182,0.9091,0.6667,0.8889,0.4,0.2,0.5,0.25,0.5,0.75,0.5,0.25,1,1,0,0,0,0,0.2222,0.1111,0,0,20,30,0.3333,0.75,0.0,0.0,0,2,,Lung Opacity; Support Devices,31.5,15.75,-15.75,Low,0.1111,1.0,0.8,1.0,0.9091,0.2,0.25,0.75,0.1111,0,13.64,Hallucination-Free,15.75,v2+GCRF
430,430_IM-2071-1001.dcm.png,False,1,0.5,0.5,0.8182,0.8182,0.5,0.5,0.8182,0.8182,0.5,0.5,0.5,0.5,0.5,0.5,0.5,0.5,0.5,0.5,1,1,0,0,0,0,0.2222,0.2222,0,0,18,18,0.0,0.0,100.0,100.0,1,2,Pneumothorax,Pleural Effusion; No Finding,50.0,50.0,0.0,High,0.2222,0.8182,0.5,0.5,0.8182,0.5,0.5,0.5,0.2222,0,47.4,Moderate,50.0,v2+GCRF
440,440_IM-2078-5005.dcm.png,False,1,0.4,0.4,0.7,0.7,0.4,0.4,0.7,0.7,0.4,0.4,0.6,0.6,0.6,0.6,0.4,0.4,0.6,0.6,1,1,0,0,0,0,0.2222,0.2222,0,0,26,26,0.0,0.0,50.0,50.0,1,4,Pneumothorax,Lung Opacity; Pleural Effusion; Pleural Other; No Finding,49.5,49.5,0.0,Moderate,0.2222,0.7,0.4,0.4,0.7,0.6,0.6,0.4,0.2222,0,47.82,Moderate,49.5,v2+GCRF
442,442_IM-2078-1001.dcm.png,False,1,0.0,0.0,0.8,0.8,0.0,0.0,0.6154,0.6154,0.0,0.0,1.0,1.0,0.6,0.6,0.4,0.4,0.6,0.6,1,1,0,0,0,0,0.2222,0.2222,0,0,26,26,0.0,0.0,0.0,0.0,0,2,,Lung Opacity; Lung Lesion,56.0,56.0,0.0,High,0.2222,0.8,0.0,0.0,0.6154,1.0,0.6,0.4,0.2222,0,49.1,Moderate,56.0,v2+GCRF
454,454_IM-2085-1001.dcm.png,False,1,0.4,0.4,0.8,0.8,0.5,0.5,0.7273,0.7273,0.4444,0.4444,0.6,0.6,0.5,0.5,0.5,0.5,0.5,0.5,1,1,0,0,1,1,0.4444,0.4444,1,1,35,35,0.4,0.4,0.0,0.0,0,3,,Cardiomegaly; Pleural Effusion; No Finding,43.5,43.5,0.0,Moderate,0.4444,0.8,0.4,0.5,0.7273,0.6,0.5,0.5,0.4444,1,38.03,Moderate,43.5,v2+GCRF
465,465_IM-2093-0001-0002.dcm.png,False,1,0.3333,0.3333,1.0,1.0,1.0,1.0,0.6923,0.6923,0.5,0.5,0.6667,0.6667,0.8,0.8,0.2,0.2,0.8,0.8,1,1,0,0,0,0,0.3333,0.3333,1,1,27,27,0.6667,0.6667,0.0,0.0,0,1,,Pleural Effusion,51.33,51.33,0.0,High,0.3333,1.0,0.3333,1.0,0.6923,0.6667,0.8,0.2,0.3333,1,44.2,Moderate,51.33,v2+GCRF
471,471_IM-2099-2002.dcm.png,False,1,0.2,0.2,0.9,0.9,0.5,0.5,0.6923,0.6923,0.2857,0.2857,0.8,0.8,0.4,0.4,0.6,0.6,0.4,0.4,1,1,0,0,0,0,0.2222,0.2222,0,0,26,26,0.0,0.0,0.0,0.0,0,1,,No Finding,42.0,42.0,0.0,Moderate,0.2222,0.9,0.2,0.5,0.6923,0.8,0.4,0.6,0.2222,0,36.58,Moderate,42.0,v2+GCRF
478,478_IM-2101-1001-0002.dcm.png,True,2,0.0,0.0,1.0,1.0,0.0,0.0,0.6667,0.8,0.0,0.0,1.0,1.0,0.75,0.25,0.25,0.75,0.75,0.25,1,1,0,0,0,0,0.2222,0.2222,0,0,20,26,0.0,0.0,0.0,0.0,0,0,,,61.25,43.75,-17.5,Moderate,0.2222,1.0,0.0,0.0,0.8,1.0,0.25,0.75,0.2222,0,34.82,Moderate,43.75,v2+GCRF
479,479_IM-2102-1001.dcm.png,True,2,0.6,0.75,0.7,0.7273,0.5,0.5,0.7778,0.8889,0.5455,0.6,0.4,0.25,0.4,0.25,0.6,0.75,0.4,0.25,1,1,0,0,0,0,0.2222,0.2222,0,0,28,26,0.4,0.6667,0.0,0.0,0,2,,Lung Opacity; No Finding,28.0,17.5,-10.5,Low,0.2222,0.7273,0.75,0.5,0.8889,0.25,0.25,0.75,0.2222,0,20.2,Low,17.5,v2+GCRF
482,482_IM-2106-2001.dcm.png,False,1,0.5,0.5,0.8182,0.8182,0.5,0.5,0.8182,0.8182,0.5,0.5,0.5,0.5,0.5,0.5,0.5,0.5,0.5,0.5,1,1,0,0,0,0,0.2222,0.2222,0,0,18,18,0.3333,0.3333,0.0,0.0,0,4,,Consolidation; Pleural Effusion; Support Devices; No Finding,35.0,35.0,0.0,Moderate,0.2222,0.8182,0.5,0.5,0.8182,0.5,0.5,0.5,0.2222,0,32.4,Moderate,35.0,v2+GCRF
484,484_IM-2108-1001.dcm.png,False,1,0.2,0.2,1.0,1.0,1.0,1.0,0.7143,0.7143,0.3333,0.3333,0.8,0.8,0.4,0.4,0.6,0.6,0.4,0.4,1,1,0,0,0,0,0.2222,0.2222,0,0,26,26,0.0,0.0,0.0,0.0,0,0,,,42.0,42.0,0.0,Moderate,0.2222,1.0,0.2,1.0,0.7143,0.8,0.4,0.6,0.2222,0,34.91,Moderate,42.0,v2+GCRF
493,493_IM-2113-1001.dcm.png,False,1,0.4,0.4,0.8,0.8,0.5,0.5,0.7273,0.7273,0.4444,0.4444,0.6,0.6,0.5,0.5,0.5,0.5,0.5,0.5,1,1,0,0,0,0,0.2222,0.2222,0,0,33,33,0.0,0.0,50.0,50.0,1,3,Pneumothorax,Pleural Effusion; Support Devices; No Finding,46.0,46.0,0.0,Moderate,0.2222,0.8,0.4,0.5,0.7273,0.6,0.5,0.5,0.2222,0,43.3,Moderate,46.0,v2+GCRF
497,497_IM-2114-1001.dcm.png,True,2,0.4,0.6667,0.7,0.75,0.4,0.4,0.7,0.9,0.4,0.5,0.6,0.3333,0.75,0.25,0.25,0.75,0.75,0.25,1,1,0,0,0,0,0.2222,0.2222,0,0,20,26,0.4,0.4,0.0,0.0,0,3,,Lung Lesion; Edema; Pleural Effusion,47.25,20.42,-26.83,Low,0.2222,0.75,0.6667,0.4,0.9,0.3333,0.25,0.75,0.2222,0,21.77,Low,20.42,v2+GCRF
502,502_IM-2120-1001.dcm.png,True,2,0.8,0.6667,0.8,0.6667,0.6667,0.3333,0.8889,0.8889,0.7273,0.4444,0.2,0.3333,0.25,0.25,0.75,0.75,0.25,0.25,1,1,0,0,0,0,0.2222,0.2222,0,0,20,26,0.5714,0.3333,0.0,0.0,0,4,,Lung Lesion; Consolidation; Pleural Effusion; Fracture,15.75,20.42,4.67,Low,0.2222,0.6667,0.6667,0.3333,0.8889,0.3333,0.25,0.75,0.2222,0,23.11,Low,20.42,v2+GCRF
508,508_IM-2125-1001.dcm.png,False,1,1.0,1.0,0.9,0.9,0.8333,0.8333,1.0,1.0,0.9091,0.9091,0.0,0.0,0.0,0.0,1.0,1.0,0.0,0.0,0,0,0,0,0,0,0.2222,0.2222,0,0,26,26,0.8,0.8,0.0,0.0,0,1,,No Finding,0.0,0.0,0.0,Hallucination-Free,0.2222,0.9,1.0,0.8333,1.0,0.0,0.0,1.0,0.2222,0,3.72,Hallucination-Free,0.0,v2+GCRF
513,513_IM-2128-1001.dcm.png,False,1,0.6667,0.6667,0.6667,0.6667,0.5714,0.5714,0.75,0.75,0.6154,0.6154,0.3333,0.3333,0.4,0.4,0.6,0.6,0.4,0.4,1,1,0,0,0,0,0.3333,0.3333,1,1,37,37,0.0,0.0,50.0,50.0,1,5,Pneumothorax,Lung Lesion; Consolidation; Pleural Other; Support Devices; No Finding,33.17,33.17,0.0,Moderate,0.3333,0.6667,0.6667,0.5714,0.75,0.3333,0.4,0.6,0.3333,1,37.03,Moderate,33.17,v2+GCRF
518,518_IM-2131-1001.dcm.png,True,2,0.7143,0.8,1.0,0.9,1.0,0.8,0.8,0.9,0.8333,0.8,0.2857,0.2,0.4286,0.2,0.5714,0.8,0.4286,0.2,1,1,0,0,0,0,0.2222,0.2222,0,0,50,38,0.5714,0.6667,20.0,0.0,0,2,,Support Devices; No Finding,28.0,14.0,-14.0,Hallucination-Free,0.2222,0.9,0.8,0.8,0.9,0.2,0.2,0.8,0.2222,0,14.92,Hallucination-Free,14.0,v2+GCRF
525,525_IM-2136-1001.dcm.png,False,1,0.25,0.25,0.8182,0.8182,0.3333,0.3333,0.75,0.75,0.2857,0.2857,0.75,0.75,0.5,0.5,0.5,0.5,0.5,0.5,1,1,0,0,0,0,0.2222,0.2222,0,0,18,18,0.0,0.0,0.0,0.0,0,3,,Enlarged Cardiomediastinum; Lung Lesion; Pleural Effusion,43.75,43.75,0.0,Moderate,0.2222,0.8182,0.25,0.3333,0.75,0.75,0.5,0.5,0.2222,0,38.95,Moderate,43.75,v2+GCRF
527,527_IM-2137-1001.dcm.png,False,1,0.6,0.6,0.9,0.9,0.75,0.75,0.8182,0.8182,0.6667,0.6667,0.4,0.4,0.3333,0.3333,0.6667,0.6667,0.3333,0.3333,1,1,0,0,0,0,0.2222,0.2222,0,0,33,33,0.5,0.5,0.0,0.0,0,2,,Lung Opacity; Pleural Effusion,25.67,25.67,0.0,Low,0.2222,0.9,0.6,0.75,0.8182,0.4,0.3333,0.6667,0.2222,0,24.11,Low,25.67,v2+GCRF
531,531_IM-2140-1001.dcm.png,False,1,0.6,0.6,0.9,0.9,0.75,0.75,0.8182,0.8182,0.6667,0.6667,0.4,0.4,0.4,0.4,0.6,0.6,0.4,0.4,1,1,0,0,0,0,0.2222,0.2222,0,0,26,26,0.3333,0.3333,50.0,50.0,1,3,Consolidation,Pleural Effusion; Fracture; Support Devices,35.5,35.5,0.0,Moderate,0.2222,0.9,0.6,0.75,0.8182,0.4,0.4,0.6,0.2222,0,33.48,Moderate,35.5,v2+GCRF
533,533_IM-2140-1001.dcm.png,False,1,0.6,0.6,0.8,0.8,0.6,0.6,0.8,0.8,0.6,0.6,0.4,0.4,0.5,0.5,0.5,0.5,0.5,0.5,1,1,0,0,0,0,0.3333,0.3333,1,1,22,22,0.3333,0.3333,50.0,50.0,1,3,Pneumothorax,Lung Lesion; Pleural Effusion; Support Devices,39.0,39.0,0.0,Moderate,0.3333,0.8,0.6,0.6,0.8,0.4,0.5,0.5,0.3333,1,39.03,Moderate,39.0,v2+GCRF
537,537_IM-2143-1001.dcm.png,True,2,0.4,0.5,0.9,0.9091,0.6667,0.6667,0.75,0.8333,0.5,0.5714,0.6,0.5,0.6,0.5,0.4,0.5,0.6,0.5,1,1,0,0,0,0,0.2222,0.2222,0,0,28,26,0.0,0.4,50.0,50.0,1,2,Pneumothorax,Support Devices; No Finding,49.5,42.5,-7.0,Moderate,0.2222,0.9091,0.5,0.6667,0.8333,0.5,0.5,0.5,0.2222,0,38.42,Moderate,42.5,v2+GCRF
541,541_IM-2147-1001.dcm.png,False,1,0.75,0.75,0.8182,0.8182,0.6,0.6,0.9,0.9,0.6667,0.6667,0.25,0.25,0.25,0.25,0.75,0.75,0.25,0.25,1,1,0,0,0,0,0.3333,0.3333,1,1,21,21,0.4,0.4,0.0,0.0,0,3,,Fracture; Support Devices; No Finding,17.5,17.5,0.0,Low,0.3333,0.8182,0.75,0.6,0.9,0.25,0.25,0.75,0.3333,1,19.86,Low,17.5,v2+GCRF
549,549_IM-2153-1001.dcm.png,True,2,0.4,0.75,0.7,0.8182,0.4,0.6,0.7,0.9,0.4,0.6667,0.6,0.25,0.6,0.2,0.4,0.8,0.6,0.2,1,1,0,0,0,0,0.1111,0.2222,0,0,24,41,0.2857,0.6667,0.0,0.0,0,3,,Lung Opacity; Pleural Other; Support Devices,42.0,15.75,-26.25,Low,0.2222,0.8182,0.75,0.6,0.9,0.25,0.2,0.8,0.2222,0,17.35,Low,15.75,v2+GCRF
552,552_IM-2155-1001.dcm.png,True,2,0.6,0.6667,0.9,0.8333,0.75,0.5,0.8182,0.9091,0.6667,0.5714,0.4,0.3333,0.5,0.25,0.5,0.75,0.5,0.25,1,1,0,0,0,0,0.2222,0.2222,0,0,20,26,0.3333,0.0,50.0,100.0,1,4,Pneumothorax,Consolidation; Pleural Effusion; Support Devices; No Finding,39.0,35.42,-3.58,Moderate,0.2222,0.8333,0.6667,0.5,0.9091,0.3333,0.25,0.75,0.2222,0,35.45,Moderate,35.42,v2+GCRF
553,553_IM-2155-2001.dcm.png,False,1,0.8,0.8,1.0,1.0,1.0,1.0,0.9091,0.9091,0.8889,0.8889,0.2,0.2,0.2,0.2,0.8,0.8,0.2,0.2,1,1,0,0,0,0,0.2222,0.2222,0,0,26,26,0.0,0.0,50.0,50.0,1,2,Pneumothorax,Lung Opacity; Pleural Effusion,21.5,21.5,0.0,Low,0.2222,1.0,0.8,1.0,0.9091,0.2,0.2,0.8,0.2222,0,20.85,Low,21.5,v2+GCRF
556,556_IM-2156-1001-0002.dcm.png,False,1,0.0,0.0,1.0,1.0,0.0,0.0,0.6667,0.6667,0.0,0.0,1.0,1.0,0.5,0.5,0.5,0.5,0.5,0.5,1,1,0,0,0,0,0.2222,0.2222,0,0,33,33,0.0,0.0,0.0,0.0,0,0,,,52.5,52.5,0.0,High,0.2222,1.0,0.0,0.0,0.6667,1.0,0.5,0.5,0.2222,0,42.89,Moderate,52.5,v2+GCRF
576,576_IM-2174-1001.dcm.png,False,1,0.4,0.4,0.8,0.8,0.5,0.5,0.7273,0.7273,0.4444,0.4444,0.6,0.6,0.3333,0.3333,0.6667,0.6667,0.3333,0.3333,1,1,0,0,0,0,0.2222,0.2222,0,0,33,33,0.3333,0.3333,0.0,0.0,0,4,,Cardiomegaly; Atelectasis; Pleural Effusion; Support Devices,32.67,32.67,0.0,Moderate,0.2222,0.8,0.4,0.5,0.7273,0.6,0.3333,0.6667,0.2222,0,31.14,Moderate,32.67,v2+GCRF
580,580_IM-2177-2002.dcm.png,True,2,0.2,0.4,0.9,1.0,0.5,1.0,0.6923,0.7692,0.2857,0.5714,0.8,0.6,0.5,0.25,0.5,0.75,0.5,0.25,1,1,0,0,0,0,0.2222,0.1111,0,0,20,30,0.0,1.0,0.0,0.0,0,0,,,45.5,29.75,-15.75,Low,0.1111,1.0,0.4,1.0,0.7692,0.6,0.25,0.75,0.1111,0,24.36,Low,29.75,v2+GCRF
584,584_IM-2181-1001.dcm.png,False,1,0.75,0.75,0.8182,0.8182,0.6,0.6,0.9,0.9,0.6667,0.6667,0.25,0.25,0.25,0.25,0.75,0.75,0.25,0.25,1,1,0,0,0,0,0.2222,0.2222,0,0,18,18,0.5,0.5,0.0,0.0,0,2,,Consolidation; No Finding,17.5,17.5,0.0,Low,0.2222,0.8182,0.75,0.6,0.9,0.25,0.25,0.75,0.2222,0,18.75,Low,17.5,v2+GCRF
587,587_IM-2182-2001.dcm.png,False,1,0.6667,0.6667,0.8889,0.8889,0.8,0.8,0.8,0.8,0.7273,0.7273,0.3333,0.3333,0.4,0.4,0.6,0.6,0.4,0.4,1,1,0,0,0,0,0.3333,0.3333,1,1,30,30,0.0,0.0,50.0,50.0,1,3,Pneumothorax,Consolidation; Support Devices; No Finding,33.17,33.17,0.0,Moderate,0.3333,0.8889,0.6667,0.8,0.8,0.3333,0.4,0.6,0.3333,1,33.3,Moderate,33.17,v2+GCRF
589,589_IM-2183-1001.dcm.png,True,2,0.4,0.6667,0.7,0.75,0.4,0.4,0.7,0.9,0.4,0.5,0.6,0.3333,0.75,0.25,0.25,0.75,0.75,0.25,1,1,0,0,0,0,0.2222,0.2222,0,0,20,26,0.4,0.4,0.0,0.0,0,3,,Lung Lesion; Edema; Pleural Effusion,47.25,20.42,-26.83,Low,0.2222,0.75,0.6667,0.4,0.9,0.3333,0.25,0.75,0.2222,0,21.77,Low,20.42,v2+GCRF
590,590_IM-2185-2001.dcm.png,False,1,0.8333,0.8333,0.7778,0.7778,0.7143,0.7143,0.875,0.875,0.7692,0.7692,0.1667,0.1667,0.2,0.2,0.8,0.8,0.2,0.2,1,1,0,0,0,0,0.3333,0.3333,1,1,30,30,0.2857,0.2857,50.0,50.0,1,4,Pneumothorax,Lung Opacity; Pneumonia; Support Devices; No Finding,20.33,20.33,0.0,Low,0.3333,0.7778,0.8333,0.7143,0.875,0.1667,0.2,0.8,0.3333,1,24.77,Low,20.33,v2+GCRF
594,594_IM-2187-1001.dcm.png,False,1,0.2,0.2,0.9,0.9,0.5,0.5,0.6923,0.6923,0.2857,0.2857,0.8,0.8,0.6,0.6,0.4,0.4,0.6,0.6,1,1,0,0,0,0,0.2222,0.2222,0,0,26,26,0.0,0.0,50.0,50.0,1,1,Pneumothorax,Atelectasis,56.5,56.5,0.0,High,0.2222,0.9,0.2,0.5,0.6923,0.8,0.6,0.4,0.2222,0,49.68,Moderate,56.5,v2+GCRF
596,596_IM-2188-26001.dcm.png,True,2,0.4,0.6,0.9,1.0,0.6667,1.0,0.75,0.8333,0.5,0.75,0.6,0.4,0.5,0.3333,0.5,0.6667,0.5,0.3333,1,1,0,0,0,0,0.0,0.2222,0,0,49,47,0.0,0.6667,0.0,25.0,1,0,Pneumothorax,,38.5,29.42,-9.08,Low,0.2222,1.0,0.6,1.0,0.8333,0.4,0.3333,0.6667,0.2222,0,26.24,Low,29.42,v2+GCRF
604,604_IM-2193-1001.dcm.png,True,2,0.8,0.75,0.9,0.8182,0.8,0.6,0.9,0.9,0.8,0.6667,0.2,0.25,0.25,0.25,0.75,0.75,0.25,0.25,1,1,0,0,0,0,0.2222,0.2222,0,0,20,26,0.4,0.3333,0.0,50.0,1,3,Pleural Effusion,Lung Opacity; Support Devices; No Finding,15.75,25.0,9.25,Low,0.2222,0.8182,0.75,0.6,0.9,0.25,0.25,0.75,0.2222,0,26.25,Low,25.0,v2+GCRF
608,608_IM-2196-1001.dcm.png,False,1,0.5,0.5,0.6667,0.6667,0.5,0.5,0.6667,0.6667,0.5,0.5,0.5,0.5,0.6,0.6,0.4,0.4,0.6,0.6,1,1,0,0,0,0,0.3333,0.3333,1,1,27,27,0.5,0.5,0.0,0.0,0,2,,Fracture; No Finding,38.5,38.5,0.0,Moderate,0.3333,0.6667,0.5,0.5,0.6667,0.5,0.6,0.4,0.3333,1,39.8,Moderate,38.5,v2+GCRF
622,622_IM-2204-1001.dcm.png,False,1,0.0,0.0,1.0,1.0,0.0,0.0,0.7333,0.7333,0.0,0.0,1.0,1.0,0.5,0.5,0.5,0.5,0.5,0.5,1,1,0,0,0,0,0.2222,0.2222,0,0,18,18,0.0,0.0,0.0,0.0,0,0,,,52.5,52.5,0.0,High,0.2222,1.0,0.0,0.0,0.7333,1.0,0.5,0.5,0.2222,0,42.36,Moderate,52.5,v2+GCRF
633,633_IM-2213-1001.dcm.png,True,2,0.8,1.0,0.9,0.8333,0.8,0.6,0.9,1.0,0.8,0.75,0.2,0.0,0.25,0.0,0.75,1.0,0.25,0.0,1,0,0,0,0,0,0.2222,0.2222,0,0,20,26,0.8,0.5,0.0,0.0,0,2,,Consolidation; No Finding,15.75,0.0,-15.75,Hallucination-Free,0.2222,0.8333,1.0,0.6,1.0,0.0,0.0,1.0,0.2222,0,4.72,Hallucination-Free,0.0,v2+GCRF
636,636_IM-2215-1001.dcm.png,False,1,0.6,0.6,0.8,0.8,0.6,0.6,0.8,0.8,0.6,0.6,0.4,0.4,0.3333,0.3333,0.6667,0.6667,0.3333,0.3333,1,1,0,0,0,0,0.1111,0.1111,0,0,40,40,0.0,0.0,33.33,33.33,1,1,Pleural Effusion,Atelectasis,30.67,30.67,0.0,Moderate,0.1111,0.8,0.6,0.6,0.8,0.4,0.3333,0.6667,0.1111,0,29.64,Low,30.67,v2+GCRF
637,637_IM-2216-4001.dcm.png,False,1,0.0,0.0,1.0,1.0,0.0,0.0,0.6667,0.6667,0.0,0.0,1.0,1.0,0.6,0.6,0.4,0.4,0.6,0.6,1,1,0,0,0,0,0.2222,0.2222,0,0,26,26,0.0,0.0,0.0,0.0,0,0,,,56.0,56.0,0.0,High,0.2222,1.0,0.0,0.0,0.6667,1.0,0.6,0.4,0.2222,0,45.69,Moderate,56.0,v2+GCRF
639,639_IM-2218-1001.dcm.png,True,2,0.8,1.0,0.9,0.8333,0.8,0.6,0.9,1.0,0.8,0.75,0.2,0.0,0.25,0.0,0.75,1.0,0.25,0.0,1,0,0,0,0,0,0.2222,0.2222,0,0,20,26,0.5,0.5,0.0,0.0,0,2,,Lung Opacity; No Finding,15.75,0.0,-15.75,Hallucination-Free,0.2222,0.8333,1.0,0.6,1.0,0.0,0.0,1.0,0.2222,0,4.72,Hallucination-Free,0.0,v2+GCRF
646,646_IM-2225-1001.dcm.png,False,1,0.75,0.75,0.9091,0.9091,0.75,0.75,0.9091,0.9091,0.75,0.75,0.25,0.25,0.25,0.25,0.75,0.75,0.25,0.25,1,1,0,0,0,0,0.2222,0.2222,0,0,18,18,0.0,0.0,100.0,100.0,1,1,Pneumothorax,No Finding,32.5,32.5,0.0,Moderate,0.2222,0.9091,0.75,0.75,0.9091,0.25,0.25,0.75,0.2222,0,32.31,Moderate,32.5,v2+GCRF
648,648_IM-2226-4004.dcm.png,False,1,0.6,0.6,0.8,0.8,0.6,0.6,0.8,0.8,0.6,0.6,0.4,0.4,0.4,0.4,0.6,0.6,0.4,0.4,1,1,0,0,0,0,0.2222,0.2222,0,0,26,26,0.3333,0.3333,0.0,0.0,0,4,,Lung Opacity; Pleural Effusion; Fracture; No Finding,28.0,28.0,0.0,Low,0.2222,0.8,0.6,0.6,0.8,0.4,0.4,0.6,0.2222,0,27.62,Low,28.0,v2+GCRF
649,649_IM-2227-1001.dcm.png,False,1,0.5,0.5,0.8889,0.8889,0.75,0.75,0.7273,0.7273,0.6,0.6,0.5,0.5,0.6,0.6,0.4,0.4,0.6,0.6,1,1,0,0,0,0,0.3333,0.3333,1,1,37,37,0.5,0.5,0.0,0.0,0,2,,Pleural Effusion; No Finding,38.5,38.5,0.0,Moderate,0.3333,0.8889,0.5,0.75,0.7273,0.5,0.6,0.4,0.3333,1,35.98,Moderate,38.5,v2+GCRF
660,660_IM-2237-0001-0002.dcm.png,False,1,0.4,0.4,0.8,0.8,0.5,0.5,0.7273,0.7273,0.4444,0.4444,0.6,0.6,0.4,0.4,0.6,0.6,0.4,0.4,1,1,0,0,0,0,0.2222,0.2222,0,0,26,26,0.0,0.0,50.0,50.0,1,3,Consolidation,Lung Opacity; Pleural Effusion; No Finding,42.5,42.5,0.0,Moderate,0.2222,0.8,0.4,0.5,0.7273,0.6,0.4,0.6,0.2222,0,40.5,Moderate,42.5,v2+GCRF
671,671_IM-2245-1001.dcm.png,False,1,0.6,0.6,0.6,0.6,0.4286,0.4286,0.75,0.75,0.5,0.5,0.4,0.4,0.4,0.4,0.6,0.6,0.4,0.4,1,1,0,0,0,0,0.2222,0.2222,0,0,26,26,0.3333,0.3333,0.0,0.0,0,4,,Lung Opacity; Lung Lesion; Support Devices; No Finding,28.0,28.0,0.0,Low,0.2222,0.6,0.6,0.4286,0.75,0.4,0.4,0.6,0.2222,0,31.02,Moderate,28.0,v2+GCRF
677,677_IM-2249-1001.dcm.png,False,1,0.6667,0.6667,0.9167,0.9167,0.6667,0.6667,0.9167,0.9167,0.6667,0.6667,0.3333,0.3333,0.1667,0.1667,0.8333,0.8333,0.1667,0.1667,1,1,0,0,0,0,0.0,0.0,0,0,24,24,0.5,0.5,0.0,0.0,0,2,,Lung Lesion; Support Devices,17.5,17.5,0.0,Low,0.0,0.9167,0.6667,0.6667,0.9167,0.3333,0.1667,0.8333,0.0,0,14.58,Hallucination-Free,17.5,v2+GCRF
681,681_IM-2252-0001-0002.dcm.png,False,1,0.3333,0.3333,0.8889,0.8889,0.6667,0.6667,0.6667,0.6667,0.4444,0.4444,0.6667,0.6667,0.8,0.8,0.2,0.2,0.8,0.8,1,1,0,0,0,0,0.3333,0.3333,1,1,30,30,0.0,0.0,50.0,50.0,1,3,Pneumothorax,Pleural Effusion; Support Devices; No Finding,58.83,58.83,0.0,High,0.3333,0.8889,0.3333,0.6667,0.6667,0.6667,0.8,0.2,0.3333,1,53.57,High,58.83,v2+GCRF
683,683_IM-2254-1001.dcm.png,True,2,0.6,0.6667,1.0,0.9167,1.0,0.6667,0.8333,0.9167,0.75,0.6667,0.4,0.3333,0.5,0.25,0.5,0.75,0.5,0.25,1,1,0,0,0,0,0.2222,0.2222,0,0,20,26,0.6667,0.6667,0.0,0.0,0,1,,Pleural Effusion,31.5,20.42,-11.08,Low,0.2222,0.9167,0.6667,0.6667,0.9167,0.3333,0.25,0.75,0.2222,0,19.14,Low,20.42,v2+GCRF
685,685_IM-2254-1001.dcm.png,True,2,0.4,0.5,0.8,0.8182,0.5,0.5,0.7273,0.8182,0.4444,0.5,0.6,0.5,0.75,0.5,0.25,0.5,0.75,0.5,1,1,0,0,0,0,0.2222,0.2222,0,0,20,26,0.0,0.4,50.0,50.0,1,2,Pneumothorax,Support Devices; No Finding,54.75,42.5,-12.25,Moderate,0.2222,0.8182,0.5,0.5,0.8182,0.5,0.5,0.5,0.2222,0,39.9,Moderate,42.5,v2+GCRF
690,690_IM-2258-1001.dcm.png,False,1,0.4,0.4,1.0,1.0,1.0,1.0,0.7692,0.7692,0.5714,0.5714,0.6,0.6,0.6,0.6,0.4,0.4,0.6,0.6,1,1,0,0,0,0,0.2222,0.2222,0,0,26,26,0.0,0.0,50.0,50.0,1,1,Pneumothorax,Pleural Effusion,49.5,49.5,0.0,Moderate,0.2222,1.0,0.4,1.0,0.7692,0.6,0.6,0.4,0.2222,0,42.77,Moderate,49.5,v2+GCRF
696,696_IM-2261-1001-0002.dcm.png,True,2,0.6,1.0,1.0,1.0,1.0,1.0,0.8333,1.0,0.75,1.0,0.4,0.0,0.5,0.0,0.5,1.0,0.5,0.0,1,0,0,0,0,0,0.2222,0.2222,0,0,20,26,1.0,1.0,0.0,0.0,0,0,,,31.5,0.0,-31.5,Hallucination-Free,0.2222,1.0,1.0,1.0,1.0,0.0,0.0,1.0,0.2222,0,2.22,Hallucination-Free,0.0,v2+GCRF
697,697_IM-2262-2002.dcm.png,False,1,0.25,0.25,0.9091,0.9091,0.5,0.5,0.7692,0.7692,0.3333,0.3333,0.75,0.75,0.5,0.5,0.5,0.5,0.5,0.5,1,1,0,0,0,0,0.2222,0.2222,0,0,18,18,0.0,0.0,0.0,0.0,0,2,,Lung Opacity; Pleural Effusion,43.75,43.75,0.0,Moderate,0.2222,0.9091,0.25,0.5,0.7692,0.75,0.5,0.5,0.2222,0,37.43,Moderate,43.75,v2+GCRF
706,706_IM-2269-4004.dcm.png,False,1,0.5,0.5,0.8182,0.8182,0.5,0.5,0.8182,0.8182,0.5,0.5,0.5,0.5,0.25,0.25,0.75,0.75,0.25,0.25,1,1,0,0,0,0,0.2222,0.2222,0,0,18,18,0.0,0.0,0.0,0.0,0,4,,Edema; Consolidation; Pleural Effusion; Support Devices,26.25,26.25,0.0,Low,0.2222,0.8182,0.5,0.5,0.8182,0.5,0.25,0.75,0.2222,0,25.4,Low,26.25,v2+GCRF
721,721_IM-2282-1001.dcm.png,False,1,0.4,0.4,1.0,1.0,1.0,1.0,0.7692,0.7692,0.5714,0.5714,0.6,0.6,0.6,0.6,0.4,0.4,0.6,0.6,1,1,0,0,0,0,0.2222,0.2222,0,0,26,26,1.0,1.0,0.0,0.0,0,0,,,42.0,42.0,0.0,Moderate,0.2222,1.0,0.4,1.0,0.7692,0.6,0.6,0.4,0.2222,0,35.27,Moderate,42.0,v2+GCRF
731,731_IM-2291-1001.dcm.png,True,2,0.4,0.6667,0.9,0.9167,0.6667,0.6667,0.75,0.9167,0.5,0.6667,0.6,0.3333,0.75,0.25,0.25,0.75,0.75,0.25,1,1,0,0,0,0,0.2222,0.2222,0,0,20,26,0.0,0.0,50.0,100.0,1,2,Pneumothorax,Pleural Effusion; Support Devices,54.75,35.42,-19.33,Moderate,0.2222,0.9167,0.6667,0.6667,0.9167,0.3333,0.25,0.75,0.2222,0,34.14,Moderate,35.42,v2+GCRF
732,732_IM-2292-1001-0002.dcm.png,False,1,0.6,0.6,0.9,0.9,0.75,0.75,0.8182,0.8182,0.6667,0.6667,0.4,0.4,0.3333,0.3333,0.6667,0.6667,0.3333,0.3333,1,1,0,0,0,0,0.2222,0.2222,0,0,33,33,0.6667,0.6667,0.0,0.0,0,2,,Pleural Effusion; No Finding,25.67,25.67,0.0,Low,0.2222,0.9,0.6,0.75,0.8182,0.4,0.3333,0.6667,0.2222,0,24.11,Low,25.67,v2+GCRF
745,745_IM-2299-1001.dcm.png,False,1,0.75,0.75,1.0,1.0,1.0,1.0,0.9167,0.9167,0.8571,0.8571,0.25,0.25,0.3333,0.3333,0.6667,0.6667,0.3333,0.3333,1,1,0,0,0,0,0.2222,0.2222,0,0,16,16,1.0,1.0,0.0,0.0,0,0,,,20.42,20.42,0.0,Low,0.2222,1.0,0.75,1.0,0.9167,0.25,0.3333,0.6667,0.2222,0,18.22,Low,20.42,v2+GCRF
750,750_IM-2304-1001.dcm.png,True,2,0.6,0.6667,0.7,0.6667,0.5,0.3333,0.7778,0.8889,0.5455,0.4444,0.4,0.3333,0.5,0.25,0.5,0.75,0.5,0.25,1,1,0,0,0,0,0.2222,0.2222,0,0,20,26,0.4,0.4,0.0,0.0,0,3,,Lung Opacity; Pleural Effusion; No Finding,31.5,20.42,-11.08,Low,0.2222,0.6667,0.6667,0.3333,0.8889,0.3333,0.25,0.75,0.2222,0,23.11,Low,20.42,v2+GCRF
764,764_IM-2311-3001.dcm.png,False,1,0.5,0.5,0.9091,0.9091,0.6667,0.6667,0.8333,0.8333,0.5714,0.5714,0.5,0.5,0.5,0.5,0.5,0.5,0.5,0.5,1,1,0,0,0,0,0.2222,0.2222,0,0,18,18,0.5,0.5,0.0,0.0,0,2,,Pleural Effusion; Support Devices,35.0,35.0,0.0,Moderate,0.2222,0.9091,0.5,0.6667,0.8333,0.5,0.5,0.5,0.2222,0,30.92,Moderate,35.0,v2+GCRF
773,773_IM-2318-1001.dcm.png,False,1,0.5,0.5,1.0,1.0,1.0,1.0,0.75,0.75,0.6667,0.6667,0.5,0.5,0.6,0.6,0.4,0.4,0.6,0.6,1,1,0,0,0,0,0.3333,0.3333,1,1,30,30,0.5,0.5,0.0,0.0,0,2,,Pleural Effusion; Support Devices,38.5,38.5,0.0,Moderate,0.3333,1.0,0.5,1.0,0.75,0.5,0.6,0.4,0.3333,1,34.13,Moderate,38.5,v2+GCRF
774,774_IM-2318-1001.dcm.png,False,1,0.4,0.4,1.0,1.0,1.0,1.0,0.7692,0.7692,0.5714,0.5714,0.6,0.6,0.5,0.5,0.5,0.5,0.5,0.5,1,1,0,0,0,0,0.2222,0.2222,0,0,33,33,1.0,1.0,0.0,0.0,0,0,,,38.5,38.5,0.0,Moderate,0.2222,1.0,0.4,1.0,0.7692,0.6,0.5,0.5,0.2222,0,32.47,Moderate,38.5,v2+GCRF
777,777_IM-2320-4004.dcm.png,False,1,0.6,0.6,0.9,0.9,0.75,0.75,0.8182,0.8182,0.6667,0.6667,0.4,0.4,0.3333,0.3333,0.6667,0.6667,0.3333,0.3333,1,1,0,0,0,0,0.2222,0.2222,0,0,33,33,0.3333,0.3333,50.0,50.0,1,3,Pneumothorax,Pleural Effusion; Support Devices; No Finding,33.17,33.17,0.0,Moderate,0.2222,0.9,0.6,0.75,0.8182,0.4,0.3333,0.6667,0.2222,0,31.61,Moderate,33.17,v2+GCRF
778,778_IM-2321-1001.dcm.png,False,1,0.5,0.5,0.8182,0.8182,0.5,0.5,0.8182,0.8182,0.5,0.5,0.5,0.5,0.5,0.5,0.5,0.5,0.5,0.5,1,1,0,0,0,0,0.2222,0.2222,0,0,18,18,0.3333,0.3333,0.0,0.0,0,4,,Consolidation; Pleural Effusion; Support Devices; No Finding,35.0,35.0,0.0,Moderate,0.2222,0.8182,0.5,0.5,0.8182,0.5,0.5,0.5,0.2222,0,32.4,Moderate,35.0,v2+GCRF
783,783_IM-2325-1001.dcm.png,False,1,0.0,0.0,1.0,1.0,0.0,0.0,0.6667,0.6667,0.0,0.0,1.0,1.0,0.5,0.5,0.5,0.5,0.5,0.5,1,1,0,0,0,0,0.2222,0.2222,0,0,33,33,0.0,0.0,0.0,0.0,0,0,0,0,52.5,52.5,0.0,High,0.2222,1.0,0.0,0.0,0.6667,1.0,0.5,0.5,0.2222,0,42.89,Moderate,52.5,v2+GCRF
797,797_IM-2332-1001.dcm.png,True,2,0.4,0.6667,0.7,0.75,0.4,0.4,0.7,0.9,0.4,0.5,0.6,0.3333,0.6,0.25,0.4,0.75,0.6,0.25,1,1,0,0,0,0,0.2222,0.2222,0,0,28,26,0.4,0.4,0.0,0.0,0,3,,Lung Opacity; Pleural Effusion; No Finding,42.0,20.42,-21.58,Low,0.2222,0.75,0.6667,0.4,0.9,0.3333,0.25,0.75,0.2222,0,21.77,Low,20.42,v2+GCRF
805,805_IM-2339-1001.dcm.png,False,1,0.75,0.75,0.9091,0.9091,0.75,0.75,0.9091,0.9091,0.75,0.75,0.25,0.25,0.25,0.25,0.75,0.75,0.25,0.25,1,1,0,0,0,0,0.2222,0.2222,0,0,18,18,0.5,0.5,0.0,0.0,0,2,,Consolidation; Support Devices,17.5,17.5,0.0,Low,0.2222,0.9091,0.75,0.75,0.9091,0.25,0.25,0.75,0.2222,0,17.31,Low,17.5,v2+GCRF
808,808_IM-2341-2001.dcm.png,False,1,0.375,0.375,0.8571,0.8571,0.75,0.75,0.5455,0.5455,0.5,0.5,0.625,0.625,0.75,0.75,0.25,0.25,0.75,0.75,1,1,0,0,0,0,0.2222,0.2222,0,0,29,29,0.5714,0.5714,25.0,25.0,1,2,Pneumothorax,Pneumonia; Support Devices,51.88,51.88,0.0,High,0.2222,0.8571,0.375,0.75,0.5455,0.625,0.75,0.25,0.2222,0,47.75,Moderate,51.88,v2+GCRF
814,814_IM-2345-1001.dcm.png,False,1,0.6,0.6,1.0,1.0,1.0,1.0,0.8333,0.8333,0.75,0.75,0.4,0.4,0.4,0.4,0.6,0.6,0.4,0.4,1,1,0,0,0,0,0.2222,0.2222,0,0,32,32,1.0,1.0,0.0,0.0,0,0,,,28.0,28.0,0.0,Low,0.2222,1.0,0.6,1.0,0.8333,0.4,0.4,0.6,0.2222,0,24.36,Low,28.0,v2+GCRF
831,831_IM-2358-4004.dcm.png,False,1,0.6,0.6,1.0,1.0,1.0,1.0,0.8333,0.8333,0.75,0.75,0.4,0.4,0.3333,0.3333,0.6667,0.6667,0.3333,0.3333,1,1,0,0,0,0,0.2222,0.2222,0,0,33,33,0.6667,0.6667,0.0,0.0,0,2,,Pleural Effusion; Support Devices,25.67,25.67,0.0,Low,0.2222,1.0,0.6,1.0,0.8333,0.4,0.3333,0.6667,0.2222,0,22.49,Low,25.67,v2+GCRF
834,834_IM-2359-1001.dcm.png,False,1,0.4,0.4,1.0,1.0,1.0,1.0,0.7692,0.7692,0.5714,0.5714,0.6,0.6,0.5,0.5,0.5,0.5,0.5,0.5,1,1,0,0,0,0,0.2222,0.2222,0,0,33,33,0.5,0.5,0.0,0.0,0,2,,Pleural Effusion; Support Devices,38.5,38.5,0.0,Moderate,0.2222,1.0,0.4,1.0,0.7692,0.6,0.5,0.5,0.2222,0,32.47,Moderate,38.5,v2+GCRF
835,835_IM-2360-1001.dcm.png,True,2,0.8,0.75,0.7,0.6364,0.5714,0.4286,0.875,0.875,0.6667,0.5455,0.2,0.25,0.2,0.25,0.8,0.75,0.2,0.25,1,1,0,0,0,0,0.2222,0.2222,0,0,28,26,0.0,0.0,50.0,100.0,2,2,Pneumothorax; Pleural Effusion,Lung Opacity; No Finding,21.5,32.5,11.0,Moderate,0.2222,0.6364,0.75,0.4286,0.875,0.25,0.25,0.75,0.2222,0,36.68,Moderate,32.5,v2+GCRF
856,856_IM-2377-1001.dcm.png,False,1,0.6,0.6,0.9,0.9,0.75,0.75,0.8182,0.8182,0.6667,0.6667,0.4,0.4,0.4,0.4,0.6,0.6,0.4,0.4,1,1,0,0,0,0,0.2222,0.2222,0,0,26,26,0.4,0.4,50.0,50.0,1,2,Consolidation,Cardiomegaly; Pleural Effusion,35.5,35.5,0.0,Moderate,0.2222,0.9,0.6,0.75,0.8182,0.4,0.4,0.6,0.2222,0,33.48,Moderate,35.5,v2+GCRF
857,857_IM-2378-1001.dcm.png,False,1,0.8,0.8,0.9,0.9,0.8,0.8,0.9,0.9,0.8,0.8,0.2,0.2,0.2,0.2,0.8,0.8,0.2,0.2,1,1,0,0,0,0,0.2222,0.2222,0,0,26,26,0.5,0.5,0.0,0.0,0,2,,Lung Opacity; No Finding,14.0,14.0,0.0,Hallucination-Free,0.2222,0.9,0.8,0.8,0.9,0.2,0.2,0.8,0.2222,0,14.92,Hallucination-Free,14.0,v2+GCRF
858,858_IM-2379-1001.dcm.png,False,1,0.4,0.4,1.0,1.0,1.0,1.0,0.7692,0.7692,0.5714,0.5714,0.6,0.6,0.6,0.6,0.4,0.4,0.6,0.6,1,1,0,0,0,0,0.2222,0.2222,0,0,26,26,0.0,0.0,0.0,0.0,0,1,,Support Devices,42.0,42.0,0.0,Moderate,0.2222,1.0,0.4,1.0,0.7692,0.6,0.6,0.4,0.2222,0,35.27,Moderate,42.0,v2+GCRF
864,864_IM-2384-1001.dcm.png,True,2,0.4,0.6667,0.9,0.9167,0.6667,0.6667,0.75,0.9167,0.5,0.6667,0.6,0.3333,0.6,0.25,0.4,0.75,0.6,0.25,1,1,0,0,0,0,0.2222,0.2222,0,0,28,26,0.0,0.0,50.0,100.0,1,3,Pneumothorax,Lung Opacity; Pleural Effusion; Support Devices,49.5,35.42,-14.08,Moderate,0.2222,0.9167,0.6667,0.6667,0.9167,0.3333,0.25,0.75,0.2222,0,34.14,Moderate,35.42,v2+GCRF
870,870_IM-2391-1001.dcm.png,False,1,0.0,0.0,1.0,1.0,0.0,0.0,0.6667,0.6667,0.0,0.0,1.0,1.0,0.5,0.5,0.5,0.5,0.5,0.5,1,1,0,0,0,0,0.2222,0.2222,0,0,33,33,0.0,0.0,0.0,0.0,0,0,,,52.5,52.5,0.0,High,0.2222,1.0,0.0,0.0,0.6667,1.0,0.5,0.5,0.2222,0,42.89,Moderate,52.5,v2+GCRF
875,875_IM-2392-1001.dcm.png,False,1,0.0,0.0,1.0,1.0,0.0,0.0,0.7333,0.7333,0.0,0.0,1.0,1.0,0.6667,0.6667,0.3333,0.3333,0.6667,0.6667,1,1,0,0,0,0,0.2222,0.2222,0,0,16,16,0.0,0.0,0.0,0.0,0,0,,,58.33,58.33,0.0,High,0.2222,1.0,0.0,0.0,0.7333,1.0,0.6667,0.3333,0.2222,0,47.02,Moderate,58.33,v2+GCRF
881,881_IM-2396-1001.dcm.png,False,1,0.5,0.5,0.9091,0.9091,0.6667,0.6667,0.8333,0.8333,0.5714,0.5714,0.5,0.5,0.5,0.5,0.5,0.5,0.5,0.5,1,1,0,0,0,0,0.2222,0.2222,0,0,18,18,0.0,0.0,100.0,100.0,1,3,Pneumothorax,Lung Opacity; Pleural Effusion; Support Devices,50.0,50.0,0.0,High,0.2222,0.9091,0.5,0.6667,0.8333,0.5,0.5,0.5,0.2222,0,45.92,Moderate,50.0,v2+GCRF
891,891_IM-2403-1001.dcm.png,True,2,0.8,1.0,0.9,0.8333,0.8,0.6,0.9,1.0,0.8,0.75,0.2,0.0,0.25,0.0,0.75,1.0,0.25,0.0,1,0,0,0,0,0,0.2222,0.2222,0,0,20,26,0.5,0.5,0.0,0.0,0,2,,Lung Opacity; No Finding,15.75,0.0,-15.75,Hallucination-Free,0.2222,0.8333,1.0,0.6,1.0,0.0,0.0,1.0,0.2222,0,4.72,Hallucination-Free,0.0,v2+GCRF
897,897_IM-2406-1001.dcm.png,False,1,0.3333,0.3333,0.8889,0.8889,0.6667,0.6667,0.6667,0.6667,0.4444,0.4444,0.6667,0.6667,0.8,0.8,0.2,0.2,0.8,0.8,1,1,0,0,0,0,0.3333,0.3333,1,1,37,37,0.5,0.5,0.0,0.0,0,2,,Pleural Effusion; Support Devices,51.33,51.33,0.0,High,0.3333,0.8889,0.3333,0.6667,0.6667,0.6667,0.8,0.2,0.3333,1,46.07,Moderate,51.33,v2+GCRF
912,912_IM-2417-1001.dcm.png,True,2,0.8,1.0,0.9,0.9091,0.8,0.8,0.9,1.0,0.8,0.8889,0.2,0.0,0.25,0.0,0.75,1.0,0.25,0.0,1,0,0,0,0,0,0.2222,0.2222,0,0,20,26,0.3333,0.6667,50.0,0.0,0,2,,Support Devices; No Finding,23.25,0.0,-23.25,Hallucination-Free,0.2222,0.9091,1.0,0.8,1.0,0.0,0.0,1.0,0.2222,0,3.59,Hallucination-Free,0.0,v2+GCRF
916,916_IM-2419-1001.dcm.png,False,1,0.6,0.6,1.0,1.0,1.0,1.0,0.8333,0.8333,0.75,0.75,0.4,0.4,0.3333,0.3333,0.6667,0.6667,0.3333,0.3333,1,1,0,0,1,1,0.4444,0.4444,1,1,34,34,1.0,1.0,0.0,0.0,0,0,,,30.67,30.67,0.0,Moderate,0.4444,1.0,0.6,1.0,0.8333,0.4,0.3333,0.6667,0.4444,1,24.71,Low,30.67,v2+GCRF
920,920_IM-2423-1001.dcm.png,True,2,0.8,0.75,1.0,0.9091,1.0,0.75,0.9091,0.9091,0.8889,0.75,0.2,0.25,0.25,0.25,0.75,0.75,0.25,0.25,1,1,0,0,0,0,0.2222,0.2222,0,0,20,26,0.6667,0.5,0.0,50.0,1,1,Pleural Effusion,Enlarged Cardiomediastinum,15.75,25.0,9.25,Low,0.2222,0.9091,0.75,0.75,0.9091,0.25,0.25,0.75,0.2222,0,24.81,Low,25.0,v2+GCRF
930,930_IM-2429-2001.dcm.png,True,2,0.0,0.0,0.9,0.9167,0.0,0.0,0.6429,0.7857,0.0,0.0,1.0,1.0,0.75,0.4,0.25,0.6,0.75,0.4,1,1,0,0,0,0,0.2222,0.2222,0,0,20,33,0.0,0.0,0.0,0.0,0,1,,Lung Opacity,61.25,49.0,-12.25,Moderate,0.2222,0.9167,0.0,0.0,0.7857,1.0,0.4,0.6,0.2222,0,40.39,Moderate,49.0,v2+GCRF
934,934_IM-2432-1001.dcm.png,True,2,0.4,0.6,0.9,1.0,0.6667,1.0,0.75,0.8333,0.5,0.75,0.6,0.4,0.6,0.4,0.4,0.6,0.6,0.4,1,1,0,0,0,0,0.2222,0.1111,0,0,28,34,0.3333,0.75,0.0,0.0,0,2,,Edema; Support Devices,42.0,28.0,-14.0,Low,0.1111,1.0,0.6,1.0,0.8333,0.4,0.4,0.6,0.1111,0,23.24,Low,28.0,v2+GCRF
949,949_IM-2444-1001.dcm.png,False,1,0.75,0.75,0.9091,0.9091,0.75,0.75,0.9091,0.9091,0.75,0.75,0.25,0.25,0.25,0.25,0.75,0.75,0.25,0.25,1,1,0,0,0,0,0.2222,0.2222,0,0,18,18,0.0,0.0,100.0,100.0,1,3,Pneumothorax,Consolidation; Pleural Effusion; Support Devices,32.5,32.5,0.0,Moderate,0.2222,0.9091,0.75,0.75,0.9091,0.25,0.25,0.75,0.2222,0,32.31,Moderate,32.5,v2+GCRF
952,952_IM-2447-2002.dcm.png,False,1,0.8,0.8,0.8,0.8,0.6667,0.6667,0.8889,0.8889,0.7273,0.7273,0.2,0.2,0.2,0.2,0.8,0.8,0.2,0.2,1,1,0,0,0,0,0.2222,0.2222,0,0,26,26,0.3333,0.3333,0.0,0.0,0,4,,Lung Opacity; Atelectasis; Support Devices; No Finding,14.0,14.0,0.0,Hallucination-Free,0.2222,0.8,0.8,0.6667,0.8889,0.2,0.2,0.8,0.2222,0,16.51,Low,14.0,v2+GCRF
959,959_IM-2449-2001.dcm.png,False,1,0.8,0.8,1.0,1.0,1.0,1.0,0.9091,0.9091,0.8889,0.8889,0.2,0.2,0.1667,0.1667,0.8333,0.8333,0.1667,0.1667,1,1,0,0,0,0,0.2222,0.2222,0,0,33,33,0.6667,0.6667,0.0,0.0,0,1,,Lung Opacity,12.83,12.83,0.0,Hallucination-Free,0.2222,1.0,0.8,1.0,0.9091,0.2,0.1667,0.8333,0.2222,0,12.42,Hallucination-Free,12.83,v2+GCRF
967,967_IM-2457-2002.dcm.png,False,1,0.6,0.6,0.9,0.9,0.75,0.75,0.8182,0.8182,0.6667,0.6667,0.4,0.4,0.4,0.4,0.6,0.6,0.4,0.4,1,1,0,0,0,0,0.2222,0.2222,0,0,26,26,0.4,0.4,50.0,50.0,1,2,Pneumothorax,Pleural Effusion; No Finding,35.5,35.5,0.0,Moderate,0.2222,0.9,0.6,0.75,0.8182,0.4,0.4,0.6,0.2222,0,33.48,Moderate,35.5,v2+GCRF
976,976_IM-2464-1001.dcm.png,False,1,0.2,0.2,0.9,0.9,0.5,0.5,0.6923,0.6923,0.2857,0.2857,0.8,0.8,0.375,0.375,0.625,0.625,0.375,0.375,1,1,0,0,1,1,0.3333,0.3333,1,1,47,47,0.6667,0.6667,0.0,0.0,0,1,,Support Devices,46.13,46.13,0.0,Moderate,0.3333,0.9,0.2,0.5,0.6923,0.8,0.375,0.625,0.3333,1,36.99,Moderate,46.13,v2+GCRF
982,982_IM-2470-1001.dcm.png,False,1,0.8,0.8,1.0,1.0,1.0,1.0,0.9091,0.9091,0.8889,0.8889,0.2,0.2,0.1667,0.1667,0.8333,0.8333,0.1667,0.1667,1,1,0,0,0,0,0.2222,0.2222,0,0,32,32,0.8,0.8,0.0,0.0,0,1,,Support Devices,12.83,12.83,0.0,Hallucination-Free,0.2222,1.0,0.8,1.0,0.9091,0.2,0.1667,0.8333,0.2222,0,12.42,Hallucination-Free,12.83,v2+GCRF
984,984_IM-2471-1001.dcm.png,True,2,0.6,0.6667,0.8,0.8889,0.6,0.8,0.8,0.8,0.6,0.7273,0.4,0.3333,0.5,0.4,0.5,0.6,0.5,0.4,1,1,0,0,0,0,0.2222,0.3333,0,1,20,32,0.2857,0.6667,50.0,25.0,1,2,Pneumothorax,Pleural Effusion; Fracture,39.0,29.42,-9.58,Low,0.3333,0.8889,0.6667,0.8,0.8,0.3333,0.4,0.6,0.3333,1,29.55,Low,29.42,v2+GCRF
987,987_IM-2474-1001.dcm.png,False,1,0.0,0.0,1.0,1.0,0.0,0.0,0.6667,0.6667,0.0,0.0,1.0,1.0,0.6,0.6,0.4,0.4,0.6,0.6,1,1,0,0,0,0,0.2222,0.2222,0,0,26,26,0.0,0.0,0.0,0.0,0,0,,,56.0,56.0,0.0,High,0.2222,1.0,0.0,0.0,0.6667,1.0,0.6,0.4,0.2222,0,45.69,Moderate,56.0,v2+GCRF
995,995_IM-2478-1001.dcm.png,False,1,0.0,0.0,0.9,0.9,0.0,0.0,0.6429,0.6429,0.0,0.0,1.0,1.0,0.6,0.6,0.4,0.4,0.6,0.6,1,1,0,0,0,0,0.2222,0.2222,0,0,40,40,1.0,1.0,0.0,0.0,0,0,,,56.0,56.0,0.0,High,0.2222,0.9,0.0,0.0,0.6429,1.0,0.6,0.4,0.2222,0,47.38,Moderate,56.0,v2+GCRF
1000,1000_IM-0003-1001.dcm.png,True,2,0.8,0.8,0.7,0.7,0.5714,0.5714,0.875,0.875,0.6667,0.6667,0.2,0.2,0.2,0.2,0.8,0.8,0.2,0.2,1,1,0,0,0,0,0.2222,0.1111,0,0,28,34,0.4444,0.5455,0.0,25.0,1,4,Pleural Effusion,Lung Opacity; Lung Lesion; Atelectasis; Support Devices,14.0,17.75,3.75,Low,0.1111,0.7,0.8,0.5714,0.875,0.2,0.2,0.8,0.1111,0,20.76,Low,17.75,v2+GCRF
1000,1000_IM-0003-1001.dcm.png,True,2,0.8,0.8,0.7,0.7,0.5714,0.5714,0.875,0.875,0.6667,0.6667,0.2,0.2,0.2,0.2,0.8,0.8,0.2,0.2,1,1,0,0,0,0,0.2222,0.1111,0,0,28,34,0.4444,0.5455,0.0,25.0,1,4,Pleural Effusion,Lung Opacity; Lung Lesion; Atelectasis; Support Devices,14.0,17.75,3.75,Low,0.1111,0.7,0.8,0.5714,0.875,0.2,0.2,0.8,0.1111,0,20.76,Low,17.75,v2+GCRF
1000,1000_IM-0003-1001.dcm.png,True,2,0.8,0.8,0.7,0.7,0.5714,0.5714,0.875,0.875,0.6667,0.6667,0.2,0.2,0.2,0.2,0.8,0.8,0.2,0.2,1,1,0,0,0,0,0.2222,0.1111,0,0,28,34,0.4444,0.5455,0.0,25.0,1,4,Pleural Effusion,Lung Opacity; Lung Lesion; Atelectasis; Support Devices,14.0,17.75,3.75,Low,0.1111,0.7778,0.8333,0.7143,0.875,0.1667,0.2,0.8,0.3333,1,20.76,Low,17.75,v2+GCRF
1000,1000_IM-0003-1001.dcm.png,True,2,0.8,0.8,0.7,0.7,0.5714,0.5714,0.875,0.875,0.6667,0.6667,0.2,0.2,0.2,0.2,0.8,0.8,0.2,0.2,1,1,0,0,0,0,0.2222,0.1111,0,0,28,34,0.4444,0.5455,0.0,25.0,1,4,Pleural Effusion,Lung Opacity; Lung Lesion; Atelectasis; Support Devices,14.0,17.75,3.75,Low,0.1111,0.7778,0.8333,0.7143,0.875,0.1667,0.2,0.8,0.3333,1,20.76,Low,17.75,v2+GCRF
1000,1000_IM-0003-1001.dcm.png,True,2,0.8,0.8,0.7,0.7,0.5714,0.5714,0.875,0.875,0.6667,0.6667,0.2,0.2,0.2,0.2,0.8,0.8,0.2,0.2,1,1,0,0,0,0,0.2222,0.1111,0,0,28,34,0.4444,0.5455,0.0,25.0,1,4,Pleural Effusion,Lung Opacity; Lung Lesion; Atelectasis; Support Devices,14.0,17.75,3.75,Low,0.1111,0.7,0.8,0.5714,0.875,0.2,0.2,0.8,0.1111,0,20.76,Low,17.75,v2+GCRF
1000,1000_IM-0003-1001.dcm.png,True,2,0.8,0.8,0.7,0.7,0.5714,0.5714,0.875,0.875,0.6667,0.6667,0.2,0.2,0.2,0.2,0.8,0.8,0.2,0.2,1,1,0,0,0,0,0.2222,0.1111,0,0,28,34,0.4444,0.5455,0.0,25.0,1,4,Pleural Effusion,Lung Opacity; Lung Lesion; Atelectasis; Support Devices,14.0,17.75,3.75,Low,0.1111,0.7,0.8,0.5714,0.875,0.2,0.2,0.8,0.1111,0,20.76,Low,17.75,v2+GCRF
1000,1000_IM-0003-1001.dcm.png,True,2,0.8,0.8,0.7,0.7,0.5714,0.5714,0.875,0.875,0.6667,0.6667,0.2,0.2,0.2,0.2,0.8,0.8,0.2,0.2,1,1,0,0,0,0,0.2222,0.1111,0,0,28,34,0.4444,0.5455,0.0,25.0,1,4,Pleural Effusion,Lung Opacity; Lung Lesion; Atelectasis; Support Devices,14.0,17.75,3.75,Low,0.1111,0.7778,0.8333,0.7143,0.875,0.1667,0.2,0.8,0.3333,1,20.76,Low,17.75,v2+GCRF
1000,1000_IM-0003-1001.dcm.png,True,2,0.8,0.8,0.7,0.7,0.5714,0.5714,0.875,0.875,0.6667,0.6667,0.2,0.2,0.2,0.2,0.8,0.8,0.2,0.2,1,1,0,0,0,0,0.2222,0.1111,0,0,28,34,0.4444,0.5455,0.0,25.0,1,4,Pleural Effusion,Lung Opacity; Lung Lesion; Atelectasis; Support Devices,14.0,17.75,3.75,Low,0.1111,0.7778,0.8333,0.7143,0.875,0.1667,0.2,0.8,0.3333,1,20.76,Low,17.75,v2+GCRF
1000,1000_IM-0003-1001.dcm.png,True,2,0.8,0.8,0.7,0.7,0.5714,0.5714,0.875,0.875,0.6667,0.6667,0.2,0.2,0.2,0.2,0.8,0.8,0.2,0.2,1,1,0,0,0,0,0.2222,0.1111,0,0,28,34,0.4444,0.5455,0.0,25.0,1,4,Pleural Effusion,Lung Opacity; Lung Lesion; Atelectasis; Support Devices,14.0,17.75,3.75,Low,0.1111,0.7,0.8,0.5714,0.875,0.2,0.2,0.8,0.1111,0,20.76,Low,17.75,v2+GCRF
1000,1000_IM-0003-1001.dcm.png,True,2,0.8,0.8,0.7,0.7,0.5714,0.5714,0.875,0.875,0.6667,0.6667,0.2,0.2,0.2,0.2,0.8,0.8,0.2,0.2,1,1,0,0,0,0,0.2222,0.1111,0,0,28,34,0.4444,0.5455,0.0,25.0,1,4,Pleural Effusion,Lung Opacity; Lung Lesion; Atelectasis; Support Devices,14.0,17.75,3.75,Low,0.1111,0.7,0.8,0.5714,0.875,0.2,0.2,0.8,0.1111,0,20.76,Low,17.75,v2+GCRF
1000,1000_IM-0003-1001.dcm.png,True,2,0.8,0.8,0.7,0.7,0.5714,0.5714,0.875,0.875,0.6667,0.6667,0.2,0.2,0.2,0.2,0.8,0.8,0.2,0.2,1,1,0,0,0,0,0.2222,0.1111,0,0,28,34,0.4444,0.5455,0.0,25.0,1,4,Pleural Effusion,Lung Opacity; Lung Lesion; Atelectasis; Support Devices,14.0,17.75,3.75,Low,0.1111,0.7778,0.8333,0.7143,0.875,0.1667,0.2,0.8,0.3333,1,20.76,Low,17.75,v2+GCRF
1000,1000_IM-0003-1001.dcm.png,True,2,0.8,0.8,0.7,0.7,0.5714,0.5714,0.875,0.875,0.6667,0.6667,0.2,0.2,0.2,0.2,0.8,0.8,0.2,0.2,1,1,0,0,0,0,0.2222,0.1111,0,0,28,34,0.4444,0.5455,0.0,25.0,1,4,Pleural Effusion,Lung Opacity; Lung Lesion; Atelectasis; Support Devices,14.0,17.75,3.75,Low,0.1111,0.7778,0.8333,0.7143,0.875,0.1667,0.2,0.8,0.3333,1,20.76,Low,17.75,v2+GCRF
1000,1000_IM-0003-1001.dcm.png,True,2,0.8,0.8,0.7,0.7,0.5714,0.5714,0.875,0.875,0.6667,0.6667,0.2,0.2,0.2,0.2,0.8,0.8,0.2,0.2,1,1,0,0,0,0,0.2222,0.1111,0,0,28,34,0.4444,0.5455,0.0,25.0,1,4,Pleural Effusion,Lung Opacity; Lung Lesion; Atelectasis; Support Devices,14.0,17.75,3.75,Low,0.1111,0.7,0.8,0.5714,0.875,0.2,0.2,0.8,0.1111,0,20.76,Low,17.75,v2+GCRF
1000,1000_IM-0003-1001.dcm.png,True,2,0.8,0.8,0.7,0.7,0.5714,0.5714,0.875,0.875,0.6667,0.6667,0.2,0.2,0.2,0.2,0.8,0.8,0.2,0.2,1,1,0,0,0,0,0.2222,0.1111,0,0,28,34,0.4444,0.5455,0.0,25.0,1,4,Pleural Effusion,Lung Opacity; Lung Lesion; Atelectasis; Support Devices,14.0,17.75,3.75,Low,0.1111,0.7,0.8,0.5714,0.875,0.2,0.2,0.8,0.1111,0,20.76,Low,17.75,v2+GCRF
1000,1000_IM-0003-1001.dcm.png,True,2,0.8,0.8,0.7,0.7,0.5714,0.5714,0.875,0.875,0.6667,0.6667,0.2,0.2,0.2,0.2,0.8,0.8,0.2,0.2,1,1,0,0,0,0,0.2222,0.1111,0,0,28,34,0.4444,0.5455,0.0,25.0,1,4,Pleural Effusion,Lung Opacity; Lung Lesion; Atelectasis; Support Devices,14.0,17.75,3.75,Low,0.1111,0.7778,0.8333,0.7143,0.875,0.1667,0.2,0.8,0.3333,1,20.76,Low,17.75,v2+GCRF
1000,1000_IM-0003-1001.dcm.png,True,2,0.8,0.8,0.7,0.7,0.5714,0.5714,0.875,0.875,0.6667,0.6667,0.2,0.2,0.2,0.2,0.8,0.8,0.2,0.2,1,1,0,0,0,0,0.2222,0.1111,0,0,28,34,0.4444,0.5455,0.0,25.0,1,4,Pleural Effusion,Lung Opacity; Lung Lesion; Atelectasis; Support Devices,14.0,17.75,3.75,Low,0.1111,0.7778,0.8333,0.7143,0.875,0.1667,0.2,0.8,0.3333,1,20.76,Low,17.75,v2+GCRF
1000,1000_IM-0003-3001.dcm.png,False,1,0.8333,0.8333,0.7778,0.7778,0.7143,0.7143,0.875,0.875,0.7692,0.7692,0.1667,0.1667,0.2,0.2,0.8,0.8,0.2,0.2,1,1,0,0,0,0,0.3333,0.3333,1,1,27,27,0.4444,0.4444,0.0,0.0,0,5,,Lung Opacity; Lung Lesion; Consolidation; Support Devices; No Finding,12.83,12.83,0.0,Hallucination-Free,0.3333,0.7,0.8,0.5714,0.875,0.2,0.2,0.8,0.1111,0,17.27,Low,12.83,v2+GCRF
1000,1000_IM-0003-3001.dcm.png,False,1,0.8333,0.8333,0.7778,0.7778,0.7143,0.7143,0.875,0.875,0.7692,0.7692,0.1667,0.1667,0.2,0.2,0.8,0.8,0.2,0.2,1,1,0,0,0,0,0.3333,0.3333,1,1,27,27,0.4444,0.4444,0.0,0.0,0,5,,Lung Opacity; Lung Lesion; Consolidation; Support Devices; No Finding,12.83,12.83,0.0,Hallucination-Free,0.3333,0.7,0.8,0.5714,0.875,0.2,0.2,0.8,0.1111,0,17.27,Low,12.83,v2+GCRF
1000,1000_IM-0003-3001.dcm.png,False,1,0.8333,0.8333,0.7778,0.7778,0.7143,0.7143,0.875,0.875,0.7692,0.7692,0.1667,0.1667,0.2,0.2,0.8,0.8,0.2,0.2,1,1,0,0,0,0,0.3333,0.3333,1,1,27,27,0.4444,0.4444,0.0,0.0,0,5,,Lung Opacity; Lung Lesion; Consolidation; Support Devices; No Finding,12.83,12.83,0.0,Hallucination-Free,0.3333,0.7778,0.8333,0.7143,0.875,0.1667,0.2,0.8,0.3333,1,17.27,Low,12.83,v2+GCRF
1000,1000_IM-0003-3001.dcm.png,False,1,0.8333,0.8333,0.7778,0.7778,0.7143,0.7143,0.875,0.875,0.7692,0.7692,0.1667,0.1667,0.2,0.2,0.8,0.8,0.2,0.2,1,1,0,0,0,0,0.3333,0.3333,1,1,27,27,0.4444,0.4444,0.0,0.0,0,5,,Lung Opacity; Lung Lesion; Consolidation; Support Devices; No Finding,12.83,12.83,0.0,Hallucination-Free,0.3333,0.7778,0.8333,0.7143,0.875,0.1667,0.2,0.8,0.3333,1,17.27,Low,12.83,v2+GCRF
1000,1000_IM-0003-3001.dcm.png,False,1,0.8333,0.8333,0.7778,0.7778,0.7143,0.7143,0.875,0.875,0.7692,0.7692,0.1667,0.1667,0.2,0.2,0.8,0.8,0.2,0.2,1,1,0,0,0,0,0.3333,0.3333,1,1,27,27,0.4444,0.4444,0.0,0.0,0,5,,Lung Opacity; Lung Lesion; Consolidation; Support Devices; No Finding,12.83,12.83,0.0,Hallucination-Free,0.3333,0.7,0.8,0.5714,0.875,0.2,0.2,0.8,0.1111,0,17.27,Low,12.83,v2+GCRF
1000,1000_IM-0003-3001.dcm.png,False,1,0.8333,0.8333,0.7778,0.7778,0.7143,0.7143,0.875,0.875,0.7692,0.7692,0.1667,0.1667,0.2,0.2,0.8,0.8,0.2,0.2,1,1,0,0,0,0,0.3333,0.3333,1,1,27,27,0.4444,0.4444,0.0,0.0,0,5,,Lung Opacity; Lung Lesion; Consolidation; Support Devices; No Finding,12.83,12.83,0.0,Hallucination-Free,0.3333,0.7,0.8,0.5714,0.875,0.2,0.2,0.8,0.1111,0,17.27,Low,12.83,v2+GCRF
1000,1000_IM-0003-3001.dcm.png,False,1,0.8333,0.8333,0.7778,0.7778,0.7143,0.7143,0.875,0.875,0.7692,0.7692,0.1667,0.1667,0.2,0.2,0.8,0.8,0.2,0.2,1,1,0,0,0,0,0.3333,0.3333,1,1,27,27,0.4444,0.4444,0.0,0.0,0,5,,Lung Opacity; Lung Lesion; Consolidation; Support Devices; No Finding,12.83,12.83,0.0,Hallucination-Free,0.3333,0.7778,0.8333,0.7143,0.875,0.1667,0.2,0.8,0.3333,1,17.27,Low,12.83,v2+GCRF
1000,1000_IM-0003-3001.dcm.png,False,1,0.8333,0.8333,0.7778,0.7778,0.7143,0.7143,0.875,0.875,0.7692,0.7692,0.1667,0.1667,0.2,0.2,0.8,0.8,0.2,0.2,1,1,0,0,0,0,0.3333,0.3333,1,1,27,27,0.4444,0.4444,0.0,0.0,0,5,,Lung Opacity; Lung Lesion; Consolidation; Support Devices; No Finding,12.83,12.83,0.0,Hallucination-Free,0.3333,0.7778,0.8333,0.7143,0.875,0.1667,0.2,0.8,0.3333,1,17.27,Low,12.83,v2+GCRF
1000,1000_IM-0003-3001.dcm.png,False,1,0.8333,0.8333,0.7778,0.7778,0.7143,0.7143,0.875,0.875,0.7692,0.7692,0.1667,0.1667,0.2,0.2,0.8,0.8,0.2,0.2,1,1,0,0,0,0,0.3333,0.3333,1,1,27,27,0.4444,0.4444,0.0,0.0,0,5,,Lung Opacity; Lung Lesion; Consolidation; Support Devices; No Finding,12.83,12.83,0.0,Hallucination-Free,0.3333,0.7,0.8,0.5714,0.875,0.2,0.2,0.8,0.1111,0,17.27,Low,12.83,v2+GCRF
1000,1000_IM-0003-3001.dcm.png,False,1,0.8333,0.8333,0.7778,0.7778,0.7143,0.7143,0.875,0.875,0.7692,0.7692,0.1667,0.1667,0.2,0.2,0.8,0.8,0.2,0.2,1,1,0,0,0,0,0.3333,0.3333,1,1,27,27,0.4444,0.4444,0.0,0.0,0,5,,Lung Opacity; Lung Lesion; Consolidation; Support Devices; No Finding,12.83,12.83,0.0,Hallucination-Free,0.3333,0.7,0.8,0.5714,0.875,0.2,0.2,0.8,0.1111,0,17.27,Low,12.83,v2+GCRF
1000,1000_IM-0003-3001.dcm.png,False,1,0.8333,0.8333,0.7778,0.7778,0.7143,0.7143,0.875,0.875,0.7692,0.7692,0.1667,0.1667,0.2,0.2,0.8,0.8,0.2,0.2,1,1,0,0,0,0,0.3333,0.3333,1,1,27,27,0.4444,0.4444,0.0,0.0,0,5,,Lung Opacity; Lung Lesion; Consolidation; Support Devices; No Finding,12.83,12.83,0.0,Hallucination-Free,0.3333,0.7778,0.8333,0.7143,0.875,0.1667,0.2,0.8,0.3333,1,17.27,Low,12.83,v2+GCRF
1000,1000_IM-0003-3001.dcm.png,False,1,0.8333,0.8333,0.7778,0.7778,0.7143,0.7143,0.875,0.875,0.7692,0.7692,0.1667,0.1667,0.2,0.2,0.8,0.8,0.2,0.2,1,1,0,0,0,0,0.3333,0.3333,1,1,27,27,0.4444,0.4444,0.0,0.0,0,5,,Lung Opacity; Lung Lesion; Consolidation; Support Devices; No Finding,12.83,12.83,0.0,Hallucination-Free,0.3333,0.7778,0.8333,0.7143,0.875,0.1667,0.2,0.8,0.3333,1,17.27,Low,12.83,v2+GCRF
1000,1000_IM-0003-3001.dcm.png,False,1,0.8333,0.8333,0.7778,0.7778,0.7143,0.7143,0.875,0.875,0.7692,0.7692,0.1667,0.1667,0.2,0.2,0.8,0.8,0.2,0.2,1,1,0,0,0,0,0.3333,0.3333,1,1,27,27,0.4444,0.4444,0.0,0.0,0,5,,Lung Opacity; Lung Lesion; Consolidation; Support Devices; No Finding,12.83,12.83,0.0,Hallucination-Free,0.3333,0.7,0.8,0.5714,0.875,0.2,0.2,0.8,0.1111,0,17.27,Low,12.83,v2+GCRF
1000,1000_IM-0003-3001.dcm.png,False,1,0.8333,0.8333,0.7778,0.7778,0.7143,0.7143,0.875,0.875,0.7692,0.7692,0.1667,0.1667,0.2,0.2,0.8,0.8,0.2,0.2,1,1,0,0,0,0,0.3333,0.3333,1,1,27,27,0.4444,0.4444,0.0,0.0,0,5,,Lung Opacity; Lung Lesion; Consolidation; Support Devices; No Finding,12.83,12.83,0.0,Hallucination-Free,0.3333,0.7,0.8,0.5714,0.875,0.2,0.2,0.8,0.1111,0,17.27,Low,12.83,v2+GCRF
1000,1000_IM-0003-3001.dcm.png,False,1,0.8333,0.8333,0.7778,0.7778,0.7143,0.7143,0.875,0.875,0.7692,0.7692,0.1667,0.1667,0.2,0.2,0.8,0.8,0.2,0.2,1,1,0,0,0,0,0.3333,0.3333,1,1,27,27,0.4444,0.4444,0.0,0.0,0,5,,Lung Opacity; Lung Lesion; Consolidation; Support Devices; No Finding,12.83,12.83,0.0,Hallucination-Free,0.3333,0.7778,0.8333,0.7143,0.875,0.1667,0.2,0.8,0.3333,1,17.27,Low,12.83,v2+GCRF
1000,1000_IM-0003-3001.dcm.png,False,1,0.8333,0.8333,0.7778,0.7778,0.7143,0.7143,0.875,0.875,0.7692,0.7692,0.1667,0.1667,0.2,0.2,0.8,0.8,0.2,0.2,1,1,0,0,0,0,0.3333,0.3333,1,1,27,27,0.4444,0.4444,0.0,0.0,0,5,,Lung Opacity; Lung Lesion; Consolidation; Support Devices; No Finding,12.83,12.83,0.0,Hallucination-Free,0.3333,0.7778,0.8333,0.7143,0.875,0.1667,0.2,0.8,0.3333,1,17.27,Low,12.83,v2+GCRF
1005,1005_IM-0006-1001.dcm.png,False,1,0.0,0.0,0.9091,0.9091,0.0,0.0,0.7143,0.7143,0.0,0.0,1.0,1.0,0.5,0.5,0.5,0.5,0.5,0.5,1,1,0,0,0,0,0.2222,0.2222,0,0,18,18,0.0,0.0,0.0,0.0,0,1,,No Finding,52.5,52.5,0.0,High,0.2222,0.9091,0.0,0.0,0.7143,1.0,0.5,0.5,0.2222,0,43.87,Moderate,52.5,v2+GCRF
1009,1009_IM-0010-1001.dcm.png,False,1,0.5,0.5,0.8182,0.8182,0.5,0.5,0.8182,0.8182,0.5,0.5,0.5,0.5,0.5,0.5,0.5,0.5,0.5,0.5,1,1,0,0,0,0,0.2222,0.2222,0,0,18,18,0.0,0.0,100.0,100.0,1,4,Pneumothorax,Consolidation; Pleural Effusion; Support Devices; No Finding,50.0,50.0,0.0,High,0.2222,0.8182,0.5,0.5,0.8182,0.5,0.5,0.5,0.2222,0,47.4,Moderate,50.0,v2+GCRF
1011,1011_IM-0013-1001.dcm.png,False,1,0.0,0.0,0.9,0.9,0.0,0.0,0.6429,0.6429,0.0,0.0,1.0,1.0,0.5,0.5,0.5,0.5,0.5,0.5,1,1,0,0,0,0,0.2222,0.2222,0,0,33,33,0.0,0.0,0.0,0.0,0,1,,No Finding,52.5,52.5,0.0,High,0.2222,0.9,0.0,0.0,0.6429,1.0,0.5,0.5,0.2222,0,44.58,Moderate,52.5,v2+GCRF
1013,1013_IM-0013-1001.dcm.png,False,1,0.6,0.6,0.9,0.9,0.75,0.75,0.8182,0.8182,0.6667,0.6667,0.4,0.4,0.4,0.4,0.6,0.6,0.4,0.4,1,1,0,0,0,0,0.2222,0.2222,0,0,26,26,0.0,0.0,50.0,50.0,1,3,Pneumothorax,Cardiomegaly; Lung Opacity; Pleural Effusion,35.5,35.5,0.0,Moderate,0.2222,0.9,0.6,0.75,0.8182,0.4,0.4,0.6,0.2222,0,33.48,Moderate,35.5,v2+GCRF
1019,1019_IM-0015-1001.dcm.png,False,1,0.5,0.5,0.8182,0.8182,0.5,0.5,0.8182,0.8182,0.5,0.5,0.5,0.5,0.5,0.5,0.5,0.5,0.5,0.5,1,1,0,0,0,0,0.2222,0.2222,0,0,18,18,0.4,0.4,0.0,0.0,0,3,,Consolidation; Pleural Effusion; No Finding,35.0,35.0,0.0,Moderate,0.2222,0.8182,0.5,0.5,0.8182,0.5,0.5,0.5,0.2222,0,32.4,Moderate,35.0,v2+GCRF
1022,1022_IM-0017-2001.dcm.png,False,1,0.0,0.0,0.9,0.9,0.0,0.0,0.6429,0.6429,0.0,0.0,1.0,1.0,0.6,0.6,0.4,0.4,0.6,0.6,1,1,0,0,0,0,0.2222,0.2222,0,0,26,26,0.0,0.0,0.0,0.0,0,1,,Lung Lesion,56.0,56.0,0.0,High,0.2222,0.9,0.0,0.0,0.6429,1.0,0.6,0.4,0.2222,0,47.38,Moderate,56.0,v2+GCRF
1024,1024_IM-0019-1001.dcm.png,False,1,0.75,0.75,0.9091,0.9091,0.75,0.75,0.9091,0.9091,0.75,0.75,0.25,0.25,0.25,0.25,0.75,0.75,0.25,0.25,1,1,0,0,0,0,0.2222,0.2222,0,0,18,18,0.6667,0.6667,0.0,0.0,0,1,,Consolidation,17.5,17.5,0.0,Low,0.2222,0.9091,0.75,0.75,0.9091,0.25,0.25,0.75,0.2222,0,17.31,Low,17.5,v2+GCRF
1028,1028_IM-0022-1001.dcm.png,True,2,0.0,0.0,0.9,0.9167,0.0,0.0,0.6429,0.7857,0.0,0.0,1.0,1.0,0.75,0.25,0.25,0.75,0.75,0.25,1,1,0,0,0,0,0.2222,0.2222,0,0,20,26,0.0,0.0,0.0,0.0,0,1,,No Finding,61.25,43.75,-17.5,Moderate,0.2222,0.9167,0.0,0.0,0.7857,1.0,0.25,0.75,0.2222,0,36.19,Moderate,43.75,v2+GCRF
1037,1037_IM-0029-1001.dcm.png,False,1,1.0,1.0,0.9,0.9,0.8333,0.8333,1.0,1.0,0.9091,0.9091,0.0,0.0,0.0,0.0,1.0,1.0,0.0,0.0,0,0,0,0,0,0,0.3333,0.3333,1,1,41,41,0.4,0.4,0.0,0.0,0,3,,Lung Opacity; Support Devices; No Finding,0.0,0.0,0.0,Hallucination-Free,0.3333,0.9,1.0,0.8333,1.0,0.0,0.0,1.0,0.3333,1,4.83,Hallucination-Free,0.0,v2+GCRF
1050,1050_IM-0038-4004.dcm.png,False,1,0.6,0.6,0.9,0.9,0.75,0.75,0.8182,0.8182,0.6667,0.6667,0.4,0.4,0.4,0.4,0.6,0.6,0.4,0.4,1,1,0,0,0,0,0.2222,0.2222,0,0,26,26,0.6667,0.6667,0.0,0.0,0,2,,Lung Opacity; Pleural Effusion,28.0,28.0,0.0,Low,0.2222,0.9,0.6,0.75,0.8182,0.4,0.4,0.6,0.2222,0,25.98,Low,28.0,v2+GCRF
1051,1051_IM-0039-5001.dcm.png,False,1,0.5,0.5,1.0,1.0,1.0,1.0,0.8462,0.8462,0.6667,0.6667,0.5,0.5,0.5,0.5,0.5,0.5,0.5,0.5,1,1,0,0,0,0,0.2222,0.2222,0,0,18,18,1.0,1.0,0.0,0.0,0,0,,,35.0,35.0,0.0,Moderate,0.2222,1.0,0.5,1.0,0.8462,0.5,0.5,0.5,0.2222,0,29.45,Low,35.0,v2+GCRF
1056,1056_IM-0040-1001.dcm.png,False,1,0.6,0.6,1.0,1.0,1.0,1.0,0.8333,0.8333,0.75,0.75,0.4,0.4,0.3333,0.3333,0.6667,0.6667,0.3333,0.3333,1,1,0,0,0,0,0.2222,0.2222,0,0,33,33,0.0,0.0,50.0,50.0,1,2,Pneumothorax,Pleural Effusion; Support Devices,33.17,33.17,0.0,Moderate,0.2222,1.0,0.6,1.0,0.8333,0.4,0.3333,0.6667,0.2222,0,29.99,Low,33.17,v2+GCRF
1056,1056_IM-0040-1001.dcm.png,False,1,0.6,0.6,1.0,1.0,1.0,1.0,0.8333,0.8333,0.75,0.75,0.4,0.4,0.3333,0.3333,0.6667,0.6667,0.3333,0.3333,1,1,0,0,0,0,0.2222,0.2222,0,0,33,33,0.0,0.0,50.0,50.0,1,2,Pneumothorax,Pleural Effusion; Support Devices,33.17,33.17,0.0,Moderate,0.2222,1.0,0.6,1.0,0.8333,0.4,0.3333,0.6667,0.2222,0,29.99,Low,33.17,v2+GCRF
1056,1056_IM-0040-1001.dcm.png,False,1,0.6,0.6,1.0,1.0,1.0,1.0,0.8333,0.8333,0.75,0.75,0.4,0.4,0.3333,0.3333,0.6667,0.6667,0.3333,0.3333,1,1,0,0,0,0,0.2222,0.2222,0,0,33,33,0.0,0.0,50.0,50.0,1,2,Pneumothorax,Pleural Effusion; Support Devices,33.17,33.17,0.0,Moderate,0.2222,1.0,0.6,1.0,0.8333,0.4,0.3333,0.6667,0.2222,0,29.99,Low,33.17,v2+GCRF
1056,1056_IM-0040-1001.dcm.png,False,1,0.6,0.6,1.0,1.0,1.0,1.0,0.8333,0.8333,0.75,0.75,0.4,0.4,0.3333,0.3333,0.6667,0.6667,0.3333,0.3333,1,1,0,0,0,0,0.2222,0.2222,0,0,33,33,0.0,0.0,50.0,50.0,1,2,Pneumothorax,Pleural Effusion; Support Devices,33.17,33.17,0.0,Moderate,0.2222,1.0,0.6,1.0,0.8333,0.4,0.3333,0.6667,0.2222,0,29.99,Low,33.17,v2+GCRF
1056,1056_IM-0040-1001.dcm.png,False,1,0.6,0.6,1.0,1.0,1.0,1.0,0.8333,0.8333,0.75,0.75,0.4,0.4,0.3333,0.3333,0.6667,0.6667,0.3333,0.3333,1,1,0,0,0,0,0.2222,0.2222,0,0,33,33,0.0,0.0,50.0,50.0,1,2,Pneumothorax,Pleural Effusion; Support Devices,33.17,33.17,0.0,Moderate,0.2222,1.0,0.6,1.0,0.8333,0.4,0.3333,0.6667,0.2222,0,29.99,Low,33.17,v2+GCRF
1056,1056_IM-0040-1001.dcm.png,False,1,0.6,0.6,1.0,1.0,1.0,1.0,0.8333,0.8333,0.75,0.75,0.4,0.4,0.3333,0.3333,0.6667,0.6667,0.3333,0.3333,1,1,0,0,0,0,0.2222,0.2222,0,0,33,33,0.0,0.0,50.0,50.0,1,2,Pneumothorax,Pleural Effusion; Support Devices,33.17,33.17,0.0,Moderate,0.2222,1.0,0.6,1.0,0.8333,0.4,0.3333,0.6667,0.2222,0,29.99,Low,33.17,v2+GCRF
1056,1056_IM-0040-1001.dcm.png,False,1,0.6,0.6,1.0,1.0,1.0,1.0,0.8333,0.8333,0.75,0.75,0.4,0.4,0.3333,0.3333,0.6667,0.6667,0.3333,0.3333,1,1,0,0,0,0,0.2222,0.2222,0,0,33,33,0.0,0.0,50.0,50.0,1,2,Pneumothorax,Pleural Effusion; Support Devices,33.17,33.17,0.0,Moderate,0.2222,1.0,0.6,1.0,0.8333,0.4,0.3333,0.6667,0.2222,0,29.99,Low,33.17,v2+GCRF
1056,1056_IM-0040-1001.dcm.png,False,1,0.6,0.6,1.0,1.0,1.0,1.0,0.8333,0.8333,0.75,0.75,0.4,0.4,0.3333,0.3333,0.6667,0.6667,0.3333,0.3333,1,1,0,0,0,0,0.2222,0.2222,0,0,33,33,0.0,0.0,50.0,50.0,1,2,Pneumothorax,Pleural Effusion; Support Devices,33.17,33.17,0.0,Moderate,0.2222,1.0,0.6,1.0,0.8333,0.4,0.3333,0.6667,0.2222,0,29.99,Low,33.17,v2+GCRF
1056,1056_IM-0040-1001.dcm.png,False,1,0.6,0.6,1.0,1.0,1.0,1.0,0.8333,0.8333,0.75,0.75,0.4,0.4,0.3333,0.3333,0.6667,0.6667,0.3333,0.3333,1,1,0,0,0,0,0.2222,0.2222,0,0,33,33,0.0,0.0,50.0,50.0,1,2,Pneumothorax,Pleural Effusion; Support Devices,33.17,33.17,0.0,Moderate,0.2222,1.0,0.6,1.0,0.8333,0.4,0.3333,0.6667,0.2222,0,29.99,Low,33.17,v2+GCRF
1056,1056_IM-0040-1001.dcm.png,False,1,0.6,0.6,1.0,1.0,1.0,1.0,0.8333,0.8333,0.75,0.75,0.4,0.4,0.3333,0.3333,0.6667,0.6667,0.3333,0.3333,1,1,0,0,0,0,0.2222,0.2222,0,0,33,33,0.0,0.0,50.0,50.0,1,2,Pneumothorax,Pleural Effusion; Support Devices,33.17,33.17,0.0,Moderate,0.2222,1.0,0.6,1.0,0.8333,0.4,0.3333,0.6667,0.2222,0,29.99,Low,33.17,v2+GCRF
1056,1056_IM-0040-1001.dcm.png,False,1,0.6,0.6,1.0,1.0,1.0,1.0,0.8333,0.8333,0.75,0.75,0.4,0.4,0.3333,0.3333,0.6667,0.6667,0.3333,0.3333,1,1,0,0,0,0,0.2222,0.2222,0,0,33,33,0.0,0.0,50.0,50.0,1,2,Pneumothorax,Pleural Effusion; Support Devices,33.17,33.17,0.0,Moderate,0.2222,1.0,0.6,1.0,0.8333,0.4,0.3333,0.6667,0.2222,0,29.99,Low,33.17,v2+GCRF
1056,1056_IM-0040-1001.dcm.png,False,1,0.6,0.6,1.0,1.0,1.0,1.0,0.8333,0.8333,0.75,0.75,0.4,0.4,0.3333,0.3333,0.6667,0.6667,0.3333,0.3333,1,1,0,0,0,0,0.2222,0.2222,0,0,33,33,0.0,0.0,50.0,50.0,1,2,Pneumothorax,Pleural Effusion; Support Devices,33.17,33.17,0.0,Moderate,0.2222,1.0,0.6,1.0,0.8333,0.4,0.3333,0.6667,0.2222,0,29.99,Low,33.17,v2+GCRF
1056,1056_IM-0040-1001.dcm.png,False,1,0.6,0.6,1.0,1.0,1.0,1.0,0.8333,0.8333,0.75,0.75,0.4,0.4,0.3333,0.3333,0.6667,0.6667,0.3333,0.3333,1,1,0,0,0,0,0.2222,0.2222,0,0,33,33,0.0,0.0,50.0,50.0,1,2,Pneumothorax,Pleural Effusion; Support Devices,33.17,33.17,0.0,Moderate,0.2222,1.0,0.6,1.0,0.8333,0.4,0.3333,0.6667,0.2222,0,29.99,Low,33.17,v2+GCRF
1056,1056_IM-0040-1001.dcm.png,False,1,0.6,0.6,1.0,1.0,1.0,1.0,0.8333,0.8333,0.75,0.75,0.4,0.4,0.3333,0.3333,0.6667,0.6667,0.3333,0.3333,1,1,0,0,0,0,0.2222,0.2222,0,0,33,33,0.0,0.0,50.0,50.0,1,2,Pneumothorax,Pleural Effusion; Support Devices,33.17,33.17,0.0,Moderate,0.2222,1.0,0.6,1.0,0.8333,0.4,0.3333,0.6667,0.2222,0,29.99,Low,33.17,v2+GCRF
1056,1056_IM-0040-1001.dcm.png,False,1,0.6,0.6,1.0,1.0,1.0,1.0,0.8333,0.8333,0.75,0.75,0.4,0.4,0.3333,0.3333,0.6667,0.6667,0.3333,0.3333,1,1,0,0,0,0,0.2222,0.2222,0,0,33,33,0.0,0.0,50.0,50.0,1,2,Pneumothorax,Pleural Effusion; Support Devices,33.17,33.17,0.0,Moderate,0.2222,1.0,0.6,1.0,0.8333,0.4,0.3333,0.6667,0.2222,0,29.99,Low,33.17,v2+GCRF
1056,1056_IM-0040-1001.dcm.png,False,1,0.6,0.6,1.0,1.0,1.0,1.0,0.8333,0.8333,0.75,0.75,0.4,0.4,0.3333,0.3333,0.6667,0.6667,0.3333,0.3333,1,1,0,0,0,0,0.2222,0.2222,0,0,33,33,0.0,0.0,50.0,50.0,1,2,Pneumothorax,Pleural Effusion; Support Devices,33.17,33.17,0.0,Moderate,0.2222,1.0,0.6,1.0,0.8333,0.4,0.3333,0.6667,0.2222,0,29.99,Low,33.17,v2+GCRF
1056,1056_IM-0040-1002.dcm.png,False,1,0.6,0.6,1.0,1.0,1.0,1.0,0.8333,0.8333,0.75,0.75,0.4,0.4,0.3333,0.3333,0.6667,0.6667,0.3333,0.3333,1,1,0,0,0,0,0.2222,0.2222,0,0,33,33,0.0,0.0,50.0,50.0,1,2,Pneumothorax,Pleural Effusion; Support Devices,33.17,33.17,0.0,Moderate,0.2222,1.0,0.6,1.0,0.8333,0.4,0.3333,0.6667,0.2222,0,29.99,Low,33.17,v2+GCRF
1056,1056_IM-0040-1002.dcm.png,False,1,0.6,0.6,1.0,1.0,1.0,1.0,0.8333,0.8333,0.75,0.75,0.4,0.4,0.3333,0.3333,0.6667,0.6667,0.3333,0.3333,1,1,0,0,0,0,0.2222,0.2222,0,0,33,33,0.0,0.0,50.0,50.0,1,2,Pneumothorax,Pleural Effusion; Support Devices,33.17,33.17,0.0,Moderate,0.2222,1.0,0.6,1.0,0.8333,0.4,0.3333,0.6667,0.2222,0,29.99,Low,33.17,v2+GCRF
1056,1056_IM-0040-1002.dcm.png,False,1,0.6,0.6,1.0,1.0,1.0,1.0,0.8333,0.8333,0.75,0.75,0.4,0.4,0.3333,0.3333,0.6667,0.6667,0.3333,0.3333,1,1,0,0,0,0,0.2222,0.2222,0,0,33,33,0.0,0.0,50.0,50.0,1,2,Pneumothorax,Pleural Effusion; Support Devices,33.17,33.17,0.0,Moderate,0.2222,1.0,0.6,1.0,0.8333,0.4,0.3333,0.6667,0.2222,0,29.99,Low,33.17,v2+GCRF
1056,1056_IM-0040-1002.dcm.png,False,1,0.6,0.6,1.0,1.0,1.0,1.0,0.8333,0.8333,0.75,0.75,0.4,0.4,0.3333,0.3333,0.6667,0.6667,0.3333,0.3333,1,1,0,0,0,0,0.2222,0.2222,0,0,33,33,0.0,0.0,50.0,50.0,1,2,Pneumothorax,Pleural Effusion; Support Devices,33.17,33.17,0.0,Moderate,0.2222,1.0,0.6,1.0,0.8333,0.4,0.3333,0.6667,0.2222,0,29.99,Low,33.17,v2+GCRF
1056,1056_IM-0040-1002.dcm.png,False,1,0.6,0.6,1.0,1.0,1.0,1.0,0.8333,0.8333,0.75,0.75,0.4,0.4,0.3333,0.3333,0.6667,0.6667,0.3333,0.3333,1,1,0,0,0,0,0.2222,0.2222,0,0,33,33,0.0,0.0,50.0,50.0,1,2,Pneumothorax,Pleural Effusion; Support Devices,33.17,33.17,0.0,Moderate,0.2222,1.0,0.6,1.0,0.8333,0.4,0.3333,0.6667,0.2222,0,29.99,Low,33.17,v2+GCRF
1056,1056_IM-0040-1002.dcm.png,False,1,0.6,0.6,1.0,1.0,1.0,1.0,0.8333,0.8333,0.75,0.75,0.4,0.4,0.3333,0.3333,0.6667,0.6667,0.3333,0.3333,1,1,0,0,0,0,0.2222,0.2222,0,0,33,33,0.0,0.0,50.0,50.0,1,2,Pneumothorax,Pleural Effusion; Support Devices,33.17,33.17,0.0,Moderate,0.2222,1.0,0.6,1.0,0.8333,0.4,0.3333,0.6667,0.2222,0,29.99,Low,33.17,v2+GCRF
1056,1056_IM-0040-1002.dcm.png,False,1,0.6,0.6,1.0,1.0,1.0,1.0,0.8333,0.8333,0.75,0.75,0.4,0.4,0.3333,0.3333,0.6667,0.6667,0.3333,0.3333,1,1,0,0,0,0,0.2222,0.2222,0,0,33,33,0.0,0.0,50.0,50.0,1,2,Pneumothorax,Pleural Effusion; Support Devices,33.17,33.17,0.0,Moderate,0.2222,1.0,0.6,1.0,0.8333,0.4,0.3333,0.6667,0.2222,0,29.99,Low,33.17,v2+GCRF
1056,1056_IM-0040-1002.dcm.png,False,1,0.6,0.6,1.0,1.0,1.0,1.0,0.8333,0.8333,0.75,0.75,0.4,0.4,0.3333,0.3333,0.6667,0.6667,0.3333,0.3333,1,1,0,0,0,0,0.2222,0.2222,0,0,33,33,0.0,0.0,50.0,50.0,1,2,Pneumothorax,Pleural Effusion; Support Devices,33.17,33.17,0.0,Moderate,0.2222,1.0,0.6,1.0,0.8333,0.4,0.3333,0.6667,0.2222,0,29.99,Low,33.17,v2+GCRF
1056,1056_IM-0040-1002.dcm.png,False,1,0.6,0.6,1.0,1.0,1.0,1.0,0.8333,0.8333,0.75,0.75,0.4,0.4,0.3333,0.3333,0.6667,0.6667,0.3333,0.3333,1,1,0,0,0,0,0.2222,0.2222,0,0,33,33,0.0,0.0,50.0,50.0,1,2,Pneumothorax,Pleural Effusion; Support Devices,33.17,33.17,0.0,Moderate,0.2222,1.0,0.6,1.0,0.8333,0.4,0.3333,0.6667,0.2222,0,29.99,Low,33.17,v2+GCRF
1056,1056_IM-0040-1002.dcm.png,False,1,0.6,0.6,1.0,1.0,1.0,1.0,0.8333,0.8333,0.75,0.75,0.4,0.4,0.3333,0.3333,0.6667,0.6667,0.3333,0.3333,1,1,0,0,0,0,0.2222,0.2222,0,0,33,33,0.0,0.0,50.0,50.0,1,2,Pneumothorax,Pleural Effusion; Support Devices,33.17,33.17,0.0,Moderate,0.2222,1.0,0.6,1.0,0.8333,0.4,0.3333,0.6667,0.2222,0,29.99,Low,33.17,v2+GCRF
1056,1056_IM-0040-1002.dcm.png,False,1,0.6,0.6,1.0,1.0,1.0,1.0,0.8333,0.8333,0.75,0.75,0.4,0.4,0.3333,0.3333,0.6667,0.6667,0.3333,0.3333,1,1,0,0,0,0,0.2222,0.2222,0,0,33,33,0.0,0.0,50.0,50.0,1,2,Pneumothorax,Pleural Effusion; Support Devices,33.17,33.17,0.0,Moderate,0.2222,1.0,0.6,1.0,0.8333,0.4,0.3333,0.6667,0.2222,0,29.99,Low,33.17,v2+GCRF
1056,1056_IM-0040-1002.dcm.png,False,1,0.6,0.6,1.0,1.0,1.0,1.0,0.8333,0.8333,0.75,0.75,0.4,0.4,0.3333,0.3333,0.6667,0.6667,0.3333,0.3333,1,1,0,0,0,0,0.2222,0.2222,0,0,33,33,0.0,0.0,50.0,50.0,1,2,Pneumothorax,Pleural Effusion; Support Devices,33.17,33.17,0.0,Moderate,0.2222,1.0,0.6,1.0,0.8333,0.4,0.3333,0.6667,0.2222,0,29.99,Low,33.17,v2+GCRF
1056,1056_IM-0040-1002.dcm.png,False,1,0.6,0.6,1.0,1.0,1.0,1.0,0.8333,0.8333,0.75,0.75,0.4,0.4,0.3333,0.3333,0.6667,0.6667,0.3333,0.3333,1,1,0,0,0,0,0.2222,0.2222,0,0,33,33,0.0,0.0,50.0,50.0,1,2,Pneumothorax,Pleural Effusion; Support Devices,33.17,33.17,0.0,Moderate,0.2222,1.0,0.6,1.0,0.8333,0.4,0.3333,0.6667,0.2222,0,29.99,Low,33.17,v2+GCRF
1056,1056_IM-0040-1002.dcm.png,False,1,0.6,0.6,1.0,1.0,1.0,1.0,0.8333,0.8333,0.75,0.75,0.4,0.4,0.3333,0.3333,0.6667,0.6667,0.3333,0.3333,1,1,0,0,0,0,0.2222,0.2222,0,0,33,33,0.0,0.0,50.0,50.0,1,2,Pneumothorax,Pleural Effusion; Support Devices,33.17,33.17,0.0,Moderate,0.2222,1.0,0.6,1.0,0.8333,0.4,0.3333,0.6667,0.2222,0,29.99,Low,33.17,v2+GCRF
1056,1056_IM-0040-1002.dcm.png,False,1,0.6,0.6,1.0,1.0,1.0,1.0,0.8333,0.8333,0.75,0.75,0.4,0.4,0.3333,0.3333,0.6667,0.6667,0.3333,0.3333,1,1,0,0,0,0,0.2222,0.2222,0,0,33,33,0.0,0.0,50.0,50.0,1,2,Pneumothorax,Pleural Effusion; Support Devices,33.17,33.17,0.0,Moderate,0.2222,1.0,0.6,1.0,0.8333,0.4,0.3333,0.6667,0.2222,0,29.99,Low,33.17,v2+GCRF
1056,1056_IM-0040-1002.dcm.png,False,1,0.6,0.6,1.0,1.0,1.0,1.0,0.8333,0.8333,0.75,0.75,0.4,0.4,0.3333,0.3333,0.6667,0.6667,0.3333,0.3333,1,1,0,0,0,0,0.2222,0.2222,0,0,33,33,0.0,0.0,50.0,50.0,1,2,Pneumothorax,Pleural Effusion; Support Devices,33.17,33.17,0.0,Moderate,0.2222,1.0,0.6,1.0,0.8333,0.4,0.3333,0.6667,0.2222,0,29.99,Low,33.17,v2+GCRF
1059,1059_IM-0041-1001.dcm.png,True,2,0.6,0.75,0.9,0.9091,0.75,0.75,0.8182,0.9091,0.6667,0.75,0.4,0.25,0.4,0.25,0.6,0.75,0.4,0.25,1,1,0,0,0,0,0.2222,0.2222,0,0,28,26,0.0,0.4,50.0,50.0,1,2,Pneumothorax,Lung Opacity; Support Devices,35.5,25.0,-10.5,Low,0.2222,0.9091,0.75,0.75,0.9091,0.25,0.25,0.75,0.2222,0,24.81,Low,25.0,v2+GCRF
1078,1078_IM-0055-1001.dcm.png,True,2,0.6,0.5,1.0,0.9091,1.0,0.6667,0.8333,0.8333,0.75,0.5714,0.4,0.5,0.4,0.5,0.6,0.5,0.4,0.5,1,1,0,0,0,0,0.2222,0.2222,0,0,28,26,1.0,0.6667,0.0,50.0,1,0,Pleural Effusion,,28.0,42.5,14.5,Moderate,0.2222,0.9091,0.5,0.6667,0.8333,0.5,0.5,0.5,0.2222,0,38.42,Moderate,42.5,v2+GCRF
1079,1079_IM-0056-1001.dcm.png,False,1,0.4,0.4,0.8,0.8,0.5,0.5,0.7273,0.7273,0.4444,0.4444,0.6,0.6,0.6,0.6,0.4,0.4,0.6,0.6,1,1,0,0,0,0,0.2222,0.2222,0,0,26,26,0.4,0.4,0.0,0.0,0,3,,Edema; Atelectasis; Pleural Effusion,42.0,42.0,0.0,Moderate,0.2222,0.8,0.4,0.5,0.7273,0.6,0.6,0.4,0.2222,0,38.6,Moderate,42.0,v2+GCRF
1081,1081_IM-0057-2002.dcm.png,False,1,0.125,0.125,1.0,1.0,1.0,1.0,0.5,0.5,0.2222,0.2222,0.875,0.875,0.8,0.8,0.2,0.2,0.8,0.8,1,1,0,0,0,0,0.2222,0.2222,0,0,45,45,0.0,0.0,0.0,0.0,0,0,,,58.63,58.63,0.0,High,0.2222,1.0,0.125,1.0,0.5,0.875,0.8,0.2,0.2222,0,49.62,Moderate,58.63,v2+GCRF
1086,1086_IM-0059-1001.dcm.png,False,1,0.5,0.5,0.7273,0.7273,0.4,0.4,0.8,0.8,0.4444,0.4444,0.5,0.5,0.5,0.5,0.5,0.5,0.5,0.5,1,1,0,0,0,0,0.3333,0.3333,1,1,21,21,0.3333,0.3333,0.0,0.0,0,4,,Pleural Effusion; Fracture; Support Devices; No Finding,35.0,35.0,0.0,Moderate,0.3333,0.7273,0.5,0.4,0.8,0.5,0.5,0.5,0.3333,1,35.02,Moderate,35.0,v2+GCRF
1095,1095_IM-0066-1001.dcm.png,False,1,0.0,0.0,0.9091,0.9091,0.0,0.0,0.7143,0.7143,0.0,0.0,1.0,1.0,0.4,0.4,0.6,0.6,0.4,0.4,1,1,0,0,0,0,0.2222,0.2222,0,0,33,33,0.0,0.0,0.0,0.0,0,1,,Fracture,49.0,49.0,0.0,Moderate,0.2222,0.9091,0.0,0.0,0.7143,1.0,0.4,0.6,0.2222,0,41.07,Moderate,49.0,v2+GCRF
1098,1098_IM-0067-1001.dcm.png,False,1,0.625,0.625,1.0,1.0,1.0,1.0,0.7,0.7,0.7692,0.7692,0.375,0.375,0.4,0.4,0.6,0.6,0.4,0.4,1,1,0,0,0,0,0.2222,0.2222,0,0,44,44,1.0,1.0,0.0,0.0,0,0,,,27.12,27.12,0.0,Low,0.2222,1.0,0.625,1.0,0.7,0.375,0.4,0.6,0.2222,0,24.82,Low,27.12,v2+GCRF
1103,1103_IM-0070-1001.dcm.png,False,1,0.75,0.75,0.7273,0.7273,0.5,0.5,0.8889,0.8889,0.6,0.6,0.25,0.25,0.25,0.25,0.75,0.75,0.25,0.25,1,1,0,0,0,0,0.2222,0.2222,0,0,18,18,0.5,0.5,0.0,0.0,0,2,,Lung Opacity; No Finding,17.5,17.5,0.0,Low,0.2222,0.7273,0.75,0.5,0.8889,0.25,0.25,0.75,0.2222,0,20.2,Low,17.5,v2+GCRF
1113,1113_IM-0078-1001.dcm.png,False,1,0.5,0.5,0.6364,0.6364,0.3333,0.3333,0.7778,0.7778,0.4,0.4,0.5,0.5,0.5,0.5,0.5,0.5,0.5,0.5,1,1,0,0,0,0,0.2222,0.2222,0,0,18,18,0.5,0.5,0.0,0.0,0,2,,Pleural Effusion; No Finding,35.0,35.0,0.0,Moderate,0.2222,0.6364,0.5,0.3333,0.7778,0.5,0.5,0.5,0.2222,0,35.45,Moderate,35.0,v2+GCRF
1124,1124_IM-0081-2001.dcm.png,False,1,0.8,0.8,0.9,0.9,0.8,0.8,0.9,0.9,0.8,0.8,0.2,0.2,0.2,0.2,0.8,0.8,0.2,0.2,1,1,0,0,0,0,0.2222,0.2222,0,0,34,34,0.8571,0.8571,0.0,0.0,0,1,,No Finding,14.0,14.0,0.0,Hallucination-Free,0.2222,0.9,0.8,0.8,0.9,0.2,0.2,0.8,0.2222,0,14.92,Hallucination-Free,14.0,v2+GCRF
1130,1130_IM-0087-1001.dcm.png,True,2,0.4,0.5,0.8,0.8182,0.5,0.5,0.7273,0.8182,0.4444,0.5,0.6,0.5,0.6,0.5,0.4,0.5,0.6,0.5,1,1,0,0,0,0,0.2222,0.2222,0,0,28,26,0.0,0.4,50.0,50.0,1,2,Pneumothorax,Lung Opacity; No Finding,49.5,42.5,-7.0,Moderate,0.2222,0.8182,0.5,0.5,0.8182,0.5,0.5,0.5,0.2222,0,39.9,Moderate,42.5,v2+GCRF
1141,1141_IM-0096-1001.dcm.png,False,1,0.0,0.0,1.0,1.0,0.0,0.0,0.7333,0.7333,0.0,0.0,1.0,1.0,0.5,0.5,0.5,0.5,0.5,0.5,1,1,0,0,0,0,0.2222,0.2222,0,0,18,18,0.0,0.0,0.0,0.0,0,0,,,52.5,52.5,0.0,High,0.2222,1.0,0.0,0.0,0.7333,1.0,0.5,0.5,0.2222,0,42.36,Moderate,52.5,v2+GCRF
1154,1154_IM-0104-1001.dcm.png,False,1,0.2,0.2,1.0,1.0,1.0,1.0,0.7143,0.7143,0.3333,0.3333,0.8,0.8,0.3333,0.3333,0.6667,0.6667,0.3333,0.3333,1,1,0,0,0,0,0.2222,0.2222,0,0,32,32,0.0,0.0,0.0,0.0,0,0,,,39.67,39.67,0.0,Moderate,0.2222,1.0,0.2,1.0,0.7143,0.8,0.3333,0.6667,0.2222,0,33.04,Moderate,39.67,v2+GCRF
1157,1157_IM-0106-1001.dcm.png,False,1,0.6,0.6,0.8,0.8,0.6,0.6,0.8,0.8,0.6,0.6,0.4,0.4,0.4,0.4,0.6,0.6,0.4,0.4,1,1,0,0,0,0,0.2222,0.2222,0,0,26,26,0.5,0.5,0.0,0.0,0,2,,Lung Opacity; No Finding,28.0,28.0,0.0,Low,0.2222,0.8,0.6,0.6,0.8,0.4,0.4,0.6,0.2222,0,27.62,Low,28.0,v2+GCRF
1171,1171_IM-0116-1001.dcm.png,False,1,0.5,0.5,0.9091,0.9091,0.6667,0.6667,0.8333,0.8333,0.5714,0.5714,0.5,0.5,0.5,0.5,0.5,0.5,0.5,0.5,1,1,0,0,0,0,0.2222,0.2222,0,0,20,20,0.0,0.0,100.0,100.0,1,2,Pneumothorax,Lung Opacity; Pleural Effusion,50.0,50.0,0.0,High,0.2222,0.9091,0.5,0.6667,0.8333,0.5,0.5,0.5,0.2222,0,45.92,Moderate,50.0,v2+GCRF
1172,1172_IM-0117-1001.dcm.png,False,1,0.6,0.6,0.9,0.9,0.75,0.75,0.8182,0.8182,0.6667,0.6667,0.4,0.4,0.3333,0.3333,0.6667,0.6667,0.3333,0.3333,1,1,0,0,0,0,0.2222,0.2222,0,0,33,33,0.4,0.4,0.0,0.0,0,3,,Pleural Effusion; Support Devices; No Finding,25.67,25.67,0.0,Low,0.2222,0.9,0.6,0.75,0.8182,0.4,0.3333,0.6667,0.2222,0,24.11,Low,25.67,v2+GCRF
1176,1176_IM-0119-1001.dcm.png,False,1,0.0,0.0,0.9,0.9,0.0,0.0,0.6429,0.6429,0.0,0.0,1.0,1.0,0.6,0.6,0.4,0.4,0.6,0.6,1,1,0,0,0,0,0.2222,0.2222,0,0,26,26,0.0,0.0,0.0,0.0,0,1,,No Finding,56.0,56.0,0.0,High,0.2222,0.9,0.0,0.0,0.6429,1.0,0.6,0.4,0.2222,0,47.38,Moderate,56.0,v2+GCRF
1192,1192_IM-0129-1001.dcm.png,True,2,0.6,0.6667,0.8,0.75,0.6,0.4,0.8,0.9,0.6,0.5,0.4,0.3333,0.5,0.25,0.5,0.75,0.5,0.25,1,1,0,0,0,0,0.2222,0.2222,0,0,20,26,0.3333,0.4,50.0,0.0,0,3,,Lung Opacity; Pleural Effusion; No Finding,39.0,20.42,-18.58,Low,0.2222,0.75,0.6667,0.4,0.9,0.3333,0.25,0.75,0.2222,0,21.77,Low,20.42,v2+GCRF
1200,1200_IM-0134-1001.dcm.png,False,1,0.5,0.5,0.7273,0.7273,0.4,0.4,0.8,0.8,0.4444,0.4444,0.5,0.5,0.5,0.5,0.5,0.5,0.5,0.5,1,1,0,0,0,0,0.2222,0.2222,0,0,18,18,0.0,0.0,100.0,100.0,1,3,Pneumothorax,Lung Opacity; Pleural Effusion; No Finding,50.0,50.0,0.0,High,0.2222,0.7273,0.5,0.4,0.8,0.5,0.5,0.5,0.2222,0,48.91,Moderate,50.0,v2+GCRF
1203,1203_IM-0137-1001.dcm.png,False,1,0.75,0.75,0.6364,0.6364,0.4286,0.4286,0.875,0.875,0.5455,0.5455,0.25,0.25,0.25,0.25,0.75,0.75,0.25,0.25,1,1,0,0,0,0,0.2222,0.2222,0,0,26,26,0.0,0.0,100.0,100.0,2,2,Pneumothorax; Pleural Effusion,Lung Opacity; No Finding,32.5,32.5,0.0,Moderate,0.2222,0.6364,0.75,0.4286,0.875,0.25,0.25,0.75,0.2222,0,36.68,Moderate,32.5,v2+GCRF
1204,1204_IM-0138-1001.dcm.png,True,2,0.6,0.75,0.9,0.9091,0.75,0.75,0.8182,0.9091,0.6667,0.75,0.4,0.25,0.4,0.25,0.6,0.75,0.4,0.25,1,1,0,0,0,0,0.2222,0.2222,0,0,28,26,0.4,0.4,50.0,50.0,1,2,Pneumothorax,Consolidation; No Finding,35.5,25.0,-10.5,Low,0.2222,0.9091,0.75,0.75,0.9091,0.25,0.25,0.75,0.2222,0,24.81,Low,25.0,v2+GCRF
1207,1207_IM-0140-0001-0002.dcm.png,False,1,0.2,0.2,1.0,1.0,1.0,1.0,0.7143,0.7143,0.3333,0.3333,0.8,0.8,0.6,0.6,0.4,0.4,0.6,0.6,1,1,0,0,0,0,0.2222,0.2222,0,0,26,26,0.0,0.0,50.0,50.0,1,0,Pneumothorax,,56.5,56.5,0.0,High,0.2222,1.0,0.2,1.0,0.7143,0.8,0.6,0.4,0.2222,0,48.01,Moderate,56.5,v2+GCRF
1208,1208_IM-0141-1001.dcm.png,False,1,0.5,0.5,0.9091,0.9091,0.6667,0.6667,0.8333,0.8333,0.5714,0.5714,0.5,0.5,0.5,0.5,0.5,0.5,0.5,0.5,1,1,0,0,0,0,0.2222,0.2222,0,0,18,18,0.4,0.4,0.0,0.0,0,3,,Lung Opacity; Pleural Effusion; Support Devices,35.0,35.0,0.0,Moderate,0.2222,0.9091,0.5,0.6667,0.8333,0.5,0.5,0.5,0.2222,0,30.92,Moderate,35.0,v2+GCRF
1208,1208_IM-0141-1001.dcm.png,False,1,0.5,0.5,0.9091,0.9091,0.6667,0.6667,0.8333,0.8333,0.5714,0.5714,0.5,0.5,0.5,0.5,0.5,0.5,0.5,0.5,1,1,0,0,0,0,0.2222,0.2222,0,0,18,18,0.4,0.4,0.0,0.0,0,3,,Lung Opacity; Pleural Effusion; Support Devices,35.0,35.0,0.0,Moderate,0.2222,0.9091,0.5,0.6667,0.8333,0.5,0.5,0.5,0.2222,0,30.92,Moderate,35.0,v2+GCRF
1208,1208_IM-0141-1001.dcm.png,False,1,0.5,0.5,0.9091,0.9091,0.6667,0.6667,0.8333,0.8333,0.5714,0.5714,0.5,0.5,0.5,0.5,0.5,0.5,0.5,0.5,1,1,0,0,0,0,0.2222,0.2222,0,0,18,18,0.4,0.4,0.0,0.0,0,3,,Lung Opacity; Pleural Effusion; Support Devices,35.0,35.0,0.0,Moderate,0.2222,0.9091,0.5,0.6667,0.8333,0.5,0.5,0.5,0.2222,0,30.92,Moderate,35.0,v2+GCRF
1208,1208_IM-0141-1001.dcm.png,False,1,0.5,0.5,0.9091,0.9091,0.6667,0.6667,0.8333,0.8333,0.5714,0.5714,0.5,0.5,0.5,0.5,0.5,0.5,0.5,0.5,1,1,0,0,0,0,0.2222,0.2222,0,0,18,18,0.4,0.4,0.0,0.0,0,3,,Lung Opacity; Pleural Effusion; Support Devices,35.0,35.0,0.0,Moderate,0.2222,0.9091,0.5,0.6667,0.8333,0.5,0.5,0.5,0.2222,0,30.92,Moderate,35.0,v2+GCRF
1208,1208_IM-0141-1001.dcm.png,False,1,0.5,0.5,0.9091,0.9091,0.6667,0.6667,0.8333,0.8333,0.5714,0.5714,0.5,0.5,0.5,0.5,0.5,0.5,0.5,0.5,1,1,0,0,0,0,0.2222,0.2222,0,0,18,18,0.4,0.4,0.0,0.0,0,3,,Lung Opacity; Pleural Effusion; Support Devices,35.0,35.0,0.0,Moderate,0.2222,0.9091,0.5,0.6667,0.8333,0.5,0.5,0.5,0.2222,0,30.92,Moderate,35.0,v2+GCRF
1208,1208_IM-0141-1001.dcm.png,False,1,0.5,0.5,0.9091,0.9091,0.6667,0.6667,0.8333,0.8333,0.5714,0.5714,0.5,0.5,0.5,0.5,0.5,0.5,0.5,0.5,1,1,0,0,0,0,0.2222,0.2222,0,0,18,18,0.4,0.4,0.0,0.0,0,3,,Lung Opacity; Pleural Effusion; Support Devices,35.0,35.0,0.0,Moderate,0.2222,0.9091,0.5,0.6667,0.8333,0.5,0.5,0.5,0.2222,0,30.92,Moderate,35.0,v2+GCRF
1208,1208_IM-0141-1001.dcm.png,False,1,0.5,0.5,0.9091,0.9091,0.6667,0.6667,0.8333,0.8333,0.5714,0.5714,0.5,0.5,0.5,0.5,0.5,0.5,0.5,0.5,1,1,0,0,0,0,0.2222,0.2222,0,0,18,18,0.4,0.4,0.0,0.0,0,3,,Lung Opacity; Pleural Effusion; Support Devices,35.0,35.0,0.0,Moderate,0.2222,0.9091,0.5,0.6667,0.8333,0.5,0.5,0.5,0.2222,0,30.92,Moderate,35.0,v2+GCRF
1208,1208_IM-0141-1001.dcm.png,False,1,0.5,0.5,0.9091,0.9091,0.6667,0.6667,0.8333,0.8333,0.5714,0.5714,0.5,0.5,0.5,0.5,0.5,0.5,0.5,0.5,1,1,0,0,0,0,0.2222,0.2222,0,0,18,18,0.4,0.4,0.0,0.0,0,3,,Lung Opacity; Pleural Effusion; Support Devices,35.0,35.0,0.0,Moderate,0.2222,0.9091,0.5,0.6667,0.8333,0.5,0.5,0.5,0.2222,0,30.92,Moderate,35.0,v2+GCRF
1208,1208_IM-0141-1001.dcm.png,False,1,0.5,0.5,0.9091,0.9091,0.6667,0.6667,0.8333,0.8333,0.5714,0.5714,0.5,0.5,0.5,0.5,0.5,0.5,0.5,0.5,1,1,0,0,0,0,0.2222,0.2222,0,0,18,18,0.4,0.4,0.0,0.0,0,3,,Lung Opacity; Pleural Effusion; Support Devices,35.0,35.0,0.0,Moderate,0.2222,0.9091,0.5,0.6667,0.8333,0.5,0.5,0.5,0.2222,0,30.92,Moderate,35.0,v2+GCRF
1208,1208_IM-0141-1001.dcm.png,False,1,0.5,0.5,0.9091,0.9091,0.6667,0.6667,0.8333,0.8333,0.5714,0.5714,0.5,0.5,0.5,0.5,0.5,0.5,0.5,0.5,1,1,0,0,0,0,0.2222,0.2222,0,0,18,18,0.4,0.4,0.0,0.0,0,3,,Lung Opacity; Pleural Effusion; Support Devices,35.0,35.0,0.0,Moderate,0.2222,0.9091,0.5,0.6667,0.8333,0.5,0.5,0.5,0.2222,0,30.92,Moderate,35.0,v2+GCRF
1208,1208_IM-0141-1001.dcm.png,False,1,0.5,0.5,0.9091,0.9091,0.6667,0.6667,0.8333,0.8333,0.5714,0.5714,0.5,0.5,0.5,0.5,0.5,0.5,0.5,0.5,1,1,0,0,0,0,0.2222,0.2222,0,0,18,18,0.4,0.4,0.0,0.0,0,3,,Lung Opacity; Pleural Effusion; Support Devices,35.0,35.0,0.0,Moderate,0.2222,0.9091,0.5,0.6667,0.8333,0.5,0.5,0.5,0.2222,0,30.92,Moderate,35.0,v2+GCRF
1208,1208_IM-0141-1001.dcm.png,False,1,0.5,0.5,0.9091,0.9091,0.6667,0.6667,0.8333,0.8333,0.5714,0.5714,0.5,0.5,0.5,0.5,0.5,0.5,0.5,0.5,1,1,0,0,0,0,0.2222,0.2222,0,0,18,18,0.4,0.4,0.0,0.0,0,3,,Lung Opacity; Pleural Effusion; Support Devices,35.0,35.0,0.0,Moderate,0.2222,0.9091,0.5,0.6667,0.8333,0.5,0.5,0.5,0.2222,0,30.92,Moderate,35.0,v2+GCRF
1208,1208_IM-0141-1001.dcm.png,False,1,0.5,0.5,0.9091,0.9091,0.6667,0.6667,0.8333,0.8333,0.5714,0.5714,0.5,0.5,0.5,0.5,0.5,0.5,0.5,0.5,1,1,0,0,0,0,0.2222,0.2222,0,0,18,18,0.4,0.4,0.0,0.0,0,3,,Lung Opacity; Pleural Effusion; Support Devices,35.0,35.0,0.0,Moderate,0.2222,0.9091,0.5,0.6667,0.8333,0.5,0.5,0.5,0.2222,0,30.92,Moderate,35.0,v2+GCRF
1208,1208_IM-0141-1001.dcm.png,False,1,0.5,0.5,0.9091,0.9091,0.6667,0.6667,0.8333,0.8333,0.5714,0.5714,0.5,0.5,0.5,0.5,0.5,0.5,0.5,0.5,1,1,0,0,0,0,0.2222,0.2222,0,0,18,18,0.4,0.4,0.0,0.0,0,3,,Lung Opacity; Pleural Effusion; Support Devices,35.0,35.0,0.0,Moderate,0.2222,0.9091,0.5,0.6667,0.8333,0.5,0.5,0.5,0.2222,0,30.92,Moderate,35.0,v2+GCRF
1208,1208_IM-0141-1001.dcm.png,False,1,0.5,0.5,0.9091,0.9091,0.6667,0.6667,0.8333,0.8333,0.5714,0.5714,0.5,0.5,0.5,0.5,0.5,0.5,0.5,0.5,1,1,0,0,0,0,0.2222,0.2222,0,0,18,18,0.4,0.4,0.0,0.0,0,3,,Lung Opacity; Pleural Effusion; Support Devices,35.0,35.0,0.0,Moderate,0.2222,0.9091,0.5,0.6667,0.8333,0.5,0.5,0.5,0.2222,0,30.92,Moderate,35.0,v2+GCRF
1208,1208_IM-0141-1001.dcm.png,False,1,0.5,0.5,0.9091,0.9091,0.6667,0.6667,0.8333,0.8333,0.5714,0.5714,0.5,0.5,0.5,0.5,0.5,0.5,0.5,0.5,1,1,0,0,0,0,0.2222,0.2222,0,0,18,18,0.4,0.4,0.0,0.0,0,3,,Lung Opacity; Pleural Effusion; Support Devices,35.0,35.0,0.0,Moderate,0.2222,0.9091,0.5,0.6667,0.8333,0.5,0.5,0.5,0.2222,0,30.92,Moderate,35.0,v2+GCRF
1208,1208_IM-0141-3001.dcm.png,False,1,0.5,0.5,0.9091,0.9091,0.6667,0.6667,0.8333,0.8333,0.5714,0.5714,0.5,0.5,0.5,0.5,0.5,0.5,0.5,0.5,1,1,0,0,0,0,0.2222,0.2222,0,0,18,18,0.4,0.4,0.0,0.0,0,3,,Lung Opacity; Pleural Effusion; Support Devices,35.0,35.0,0.0,Moderate,0.2222,0.9091,0.5,0.6667,0.8333,0.5,0.5,0.5,0.2222,0,30.92,Moderate,35.0,v2+GCRF
1208,1208_IM-0141-3001.dcm.png,False,1,0.5,0.5,0.9091,0.9091,0.6667,0.6667,0.8333,0.8333,0.5714,0.5714,0.5,0.5,0.5,0.5,0.5,0.5,0.5,0.5,1,1,0,0,0,0,0.2222,0.2222,0,0,18,18,0.4,0.4,0.0,0.0,0,3,,Lung Opacity; Pleural Effusion; Support Devices,35.0,35.0,0.0,Moderate,0.2222,0.9091,0.5,0.6667,0.8333,0.5,0.5,0.5,0.2222,0,30.92,Moderate,35.0,v2+GCRF
1208,1208_IM-0141-3001.dcm.png,False,1,0.5,0.5,0.9091,0.9091,0.6667,0.6667,0.8333,0.8333,0.5714,0.5714,0.5,0.5,0.5,0.5,0.5,0.5,0.5,0.5,1,1,0,0,0,0,0.2222,0.2222,0,0,18,18,0.4,0.4,0.0,0.0,0,3,,Lung Opacity; Pleural Effusion; Support Devices,35.0,35.0,0.0,Moderate,0.2222,0.9091,0.5,0.6667,0.8333,0.5,0.5,0.5,0.2222,0,30.92,Moderate,35.0,v2+GCRF
1208,1208_IM-0141-3001.dcm.png,False,1,0.5,0.5,0.9091,0.9091,0.6667,0.6667,0.8333,0.8333,0.5714,0.5714,0.5,0.5,0.5,0.5,0.5,0.5,0.5,0.5,1,1,0,0,0,0,0.2222,0.2222,0,0,18,18,0.4,0.4,0.0,0.0,0,3,,Lung Opacity; Pleural Effusion; Support Devices,35.0,35.0,0.0,Moderate,0.2222,0.9091,0.5,0.6667,0.8333,0.5,0.5,0.5,0.2222,0,30.92,Moderate,35.0,v2+GCRF
1208,1208_IM-0141-3001.dcm.png,False,1,0.5,0.5,0.9091,0.9091,0.6667,0.6667,0.8333,0.8333,0.5714,0.5714,0.5,0.5,0.5,0.5,0.5,0.5,0.5,0.5,1,1,0,0,0,0,0.2222,0.2222,0,0,18,18,0.4,0.4,0.0,0.0,0,3,,Lung Opacity; Pleural Effusion; Support Devices,35.0,35.0,0.0,Moderate,0.2222,0.9091,0.5,0.6667,0.8333,0.5,0.5,0.5,0.2222,0,30.92,Moderate,35.0,v2+GCRF
1208,1208_IM-0141-3001.dcm.png,False,1,0.5,0.5,0.9091,0.9091,0.6667,0.6667,0.8333,0.8333,0.5714,0.5714,0.5,0.5,0.5,0.5,0.5,0.5,0.5,0.5,1,1,0,0,0,0,0.2222,0.2222,0,0,18,18,0.4,0.4,0.0,0.0,0,3,,Lung Opacity; Pleural Effusion; Support Devices,35.0,35.0,0.0,Moderate,0.2222,0.9091,0.5,0.6667,0.8333,0.5,0.5,0.5,0.2222,0,30.92,Moderate,35.0,v2+GCRF
1208,1208_IM-0141-3001.dcm.png,False,1,0.5,0.5,0.9091,0.9091,0.6667,0.6667,0.8333,0.8333,0.5714,0.5714,0.5,0.5,0.5,0.5,0.5,0.5,0.5,0.5,1,1,0,0,0,0,0.2222,0.2222,0,0,18,18,0.4,0.4,0.0,0.0,0,3,,Lung Opacity; Pleural Effusion; Support Devices,35.0,35.0,0.0,Moderate,0.2222,0.9091,0.5,0.6667,0.8333,0.5,0.5,0.5,0.2222,0,30.92,Moderate,35.0,v2+GCRF
1208,1208_IM-0141-3001.dcm.png,False,1,0.5,0.5,0.9091,0.9091,0.6667,0.6667,0.8333,0.8333,0.5714,0.5714,0.5,0.5,0.5,0.5,0.5,0.5,0.5,0.5,1,1,0,0,0,0,0.2222,0.2222,0,0,18,18,0.4,0.4,0.0,0.0,0,3,,Lung Opacity; Pleural Effusion; Support Devices,35.0,35.0,0.0,Moderate,0.2222,0.9091,0.5,0.6667,0.8333,0.5,0.5,0.5,0.2222,0,30.92,Moderate,35.0,v2+GCRF
1208,1208_IM-0141-3001.dcm.png,False,1,0.5,0.5,0.9091,0.9091,0.6667,0.6667,0.8333,0.8333,0.5714,0.5714,0.5,0.5,0.5,0.5,0.5,0.5,0.5,0.5,1,1,0,0,0,0,0.2222,0.2222,0,0,18,18,0.4,0.4,0.0,0.0,0,3,,Lung Opacity; Pleural Effusion; Support Devices,35.0,35.0,0.0,Moderate,0.2222,0.9091,0.5,0.6667,0.8333,0.5,0.5,0.5,0.2222,0,30.92,Moderate,35.0,v2+GCRF
1208,1208_IM-0141-3001.dcm.png,False,1,0.5,0.5,0.9091,0.9091,0.6667,0.6667,0.8333,0.8333,0.5714,0.5714,0.5,0.5,0.5,0.5,0.5,0.5,0.5,0.5,1,1,0,0,0,0,0.2222,0.2222,0,0,18,18,0.4,0.4,0.0,0.0,0,3,,Lung Opacity; Pleural Effusion; Support Devices,35.0,35.0,0.0,Moderate,0.2222,0.9091,0.5,0.6667,0.8333,0.5,0.5,0.5,0.2222,0,30.92,Moderate,35.0,v2+GCRF
1208,1208_IM-0141-3001.dcm.png,False,1,0.5,0.5,0.9091,0.9091,0.6667,0.6667,0.8333,0.8333,0.5714,0.5714,0.5,0.5,0.5,0.5,0.5,0.5,0.5,0.5,1,1,0,0,0,0,0.2222,0.2222,0,0,18,18,0.4,0.4,0.0,0.0,0,3,,Lung Opacity; Pleural Effusion; Support Devices,35.0,35.0,0.0,Moderate,0.2222,0.9091,0.5,0.6667,0.8333,0.5,0.5,0.5,0.2222,0,30.92,Moderate,35.0,v2+GCRF
1208,1208_IM-0141-3001.dcm.png,False,1,0.5,0.5,0.9091,0.9091,0.6667,0.6667,0.8333,0.8333,0.5714,0.5714,0.5,0.5,0.5,0.5,0.5,0.5,0.5,0.5,1,1,0,0,0,0,0.2222,0.2222,0,0,18,18,0.4,0.4,0.0,0.0,0,3,,Lung Opacity; Pleural Effusion; Support Devices,35.0,35.0,0.0,Moderate,0.2222,0.9091,0.5,0.6667,0.8333,0.5,0.5,0.5,0.2222,0,30.92,Moderate,35.0,v2+GCRF
1208,1208_IM-0141-3001.dcm.png,False,1,0.5,0.5,0.9091,0.9091,0.6667,0.6667,0.8333,0.8333,0.5714,0.5714,0.5,0.5,0.5,0.5,0.5,0.5,0.5,0.5,1,1,0,0,0,0,0.2222,0.2222,0,0,18,18,0.4,0.4,0.0,0.0,0,3,,Lung Opacity; Pleural Effusion; Support Devices,35.0,35.0,0.0,Moderate,0.2222,0.9091,0.5,0.6667,0.8333,0.5,0.5,0.5,0.2222,0,30.92,Moderate,35.0,v2+GCRF
1208,1208_IM-0141-3001.dcm.png,False,1,0.5,0.5,0.9091,0.9091,0.6667,0.6667,0.8333,0.8333,0.5714,0.5714,0.5,0.5,0.5,0.5,0.5,0.5,0.5,0.5,1,1,0,0,0,0,0.2222,0.2222,0,0,18,18,0.4,0.4,0.0,0.0,0,3,,Lung Opacity; Pleural Effusion; Support Devices,35.0,35.0,0.0,Moderate,0.2222,0.9091,0.5,0.6667,0.8333,0.5,0.5,0.5,0.2222,0,30.92,Moderate,35.0,v2+GCRF
1208,1208_IM-0141-3001.dcm.png,False,1,0.5,0.5,0.9091,0.9091,0.6667,0.6667,0.8333,0.8333,0.5714,0.5714,0.5,0.5,0.5,0.5,0.5,0.5,0.5,0.5,1,1,0,0,0,0,0.2222,0.2222,0,0,18,18,0.4,0.4,0.0,0.0,0,3,,Lung Opacity; Pleural Effusion; Support Devices,35.0,35.0,0.0,Moderate,0.2222,0.9091,0.5,0.6667,0.8333,0.5,0.5,0.5,0.2222,0,30.92,Moderate,35.0,v2+GCRF
1208,1208_IM-0141-3001.dcm.png,False,1,0.5,0.5,0.9091,0.9091,0.6667,0.6667,0.8333,0.8333,0.5714,0.5714,0.5,0.5,0.5,0.5,0.5,0.5,0.5,0.5,1,1,0,0,0,0,0.2222,0.2222,0,0,18,18,0.4,0.4,0.0,0.0,0,3,,Lung Opacity; Pleural Effusion; Support Devices,35.0,35.0,0.0,Moderate,0.2222,0.9091,0.5,0.6667,0.8333,0.5,0.5,0.5,0.2222,0,30.92,Moderate,35.0,v2+GCRF
1213,1213_IM-0144-1001.dcm.png,False,1,0.25,0.25,0.9091,0.9091,0.5,0.5,0.7692,0.7692,0.3333,0.3333,0.75,0.75,0.5,0.5,0.5,0.5,0.5,0.5,1,1,0,0,0,0,0.2222,0.2222,0,0,18,18,0.0,0.0,0.0,0.0,0,3,,Consolidation; Pleural Effusion; Support Devices,43.75,43.75,0.0,Moderate,0.2222,0.9091,0.25,0.5,0.7692,0.75,0.5,0.5,0.2222,0,37.43,Moderate,43.75,v2+GCRF
1218,1218_IM-0146-1001.dcm.png,False,1,0.1429,0.1429,0.75,0.75,0.3333,0.3333,0.5,0.5,0.2,0.2,0.8571,0.8571,0.7143,0.7143,0.2857,0.2857,0.7143,0.7143,1,1,0,0,0,0,0.2222,0.2222,0,0,40,40,0.4,0.4,0.0,0.0,0,3,,Pleural Effusion; Support Devices; No Finding,55.0,55.0,0.0,High,0.2222,0.75,0.1429,0.3333,0.5,0.8571,0.7143,0.2857,0.2222,0,50.54,High,55.0,v2+GCRF
1229,1229_IM-0152-1001.dcm.png,False,1,0.6,0.6,1.0,1.0,1.0,1.0,0.8333,0.8333,0.75,0.75,0.4,0.4,0.3333,0.3333,0.6667,0.6667,0.3333,0.3333,1,1,0,0,0,0,0.3333,0.3333,1,1,41,41,0.0,0.0,0.0,0.0,0,0,,,25.67,25.67,0.0,Low,0.3333,1.0,0.6,1.0,0.8333,0.4,0.3333,0.6667,0.3333,1,23.6,Low,25.67,v2+GCRF
1231,1231_IM-0155-1001.dcm.png,False,1,0.4,0.4,0.9,0.9,0.6667,0.6667,0.75,0.75,0.5,0.5,0.6,0.6,0.4,0.4,0.6,0.6,0.4,0.4,1,1,0,0,0,0,0.2222,0.2222,0,0,26,26,0.0,0.0,50.0,50.0,1,2,Pneumothorax,Support Devices; No Finding,42.5,42.5,0.0,Moderate,0.2222,0.9,0.4,0.6667,0.75,0.6,0.4,0.6,0.2222,0,38.82,Moderate,42.5,v2+GCRF
1237,1237_IM-0159-1001.dcm.png,False,1,0.5,0.5,0.8182,0.8182,0.5,0.5,0.8182,0.8182,0.5,0.5,0.5,0.5,0.5,0.5,0.5,0.5,0.5,0.5,1,1,0,0,0,0,0.2222,0.2222,0,0,18,18,0.3333,0.3333,0.0,0.0,0,4,,Lung Opacity; Lung Lesion; Pleural Effusion; No Finding,35.0,35.0,0.0,Moderate,0.2222,0.8182,0.5,0.5,0.8182,0.5,0.5,0.5,0.2222,0,32.4,Moderate,35.0,v2+GCRF
1240,1240_IM-0162-4001.dcm.png,False,1,0.2,0.2,0.8,0.8,0.3333,0.3333,0.6667,0.6667,0.25,0.25,0.8,0.8,0.75,0.75,0.25,0.25,0.75,0.75,1,1,0,0,0,0,0.1111,0.1111,0,0,27,27,0.4,0.4,0.0,0.0,0,3,,Consolidation; Support Devices; No Finding,54.25,54.25,0.0,High,0.1111,0.8,0.2,0.3333,0.6667,0.8,0.75,0.25,0.1111,0,46.98,Moderate,54.25,v2+GCRF
1249,1249_IM-0169-1001.dcm.png,False,1,0.5,0.5,0.8182,0.8182,0.5,0.5,0.8182,0.8182,0.5,0.5,0.5,0.5,0.4,0.4,0.6,0.6,0.4,0.4,1,1,0,0,0,0,0.2222,0.2222,0,0,33,33,0.5,0.5,0.0,0.0,0,2,,Pleural Effusion; No Finding,31.5,31.5,0.0,Moderate,0.2222,0.8182,0.5,0.5,0.8182,0.5,0.4,0.6,0.2222,0,29.6,Low,31.5,v2+GCRF
1250,1250_IM-0169-1001.dcm.png,False,1,0.5,0.5,0.8182,0.8182,0.5,0.5,0.8182,0.8182,0.5,0.5,0.5,0.5,0.5,0.5,0.5,0.5,0.5,0.5,1,1,0,0,0,0,0.2222,0.2222,0,0,18,18,0.3333,0.3333,0.0,0.0,0,4,,Consolidation; Pleural Effusion; Support Devices; No Finding,35.0,35.0,0.0,Moderate,0.2222,0.8182,0.5,0.5,0.8182,0.5,0.5,0.5,0.2222,0,32.4,Moderate,35.0,v2+GCRF
1257,1257_IM-0174-1001.dcm.png,False,1,0.6,0.6,0.7,0.7,0.5,0.5,0.7778,0.7778,0.5455,0.5455,0.4,0.4,0.3333,0.3333,0.6667,0.6667,0.3333,0.3333,1,1,0,0,0,0,0.2222,0.2222,0,0,33,33,0.5,0.5,0.0,0.0,0,4,,Cardiomegaly; Lung Opacity; Atelectasis; Pleural Effusion,25.67,25.67,0.0,Low,0.2222,0.7,0.6,0.5,0.7778,0.4,0.3333,0.6667,0.2222,0,27.43,Low,25.67,v2+GCRF
1262,1262_IM-0178-0001.dcm.png,False,1,0.5,0.5,0.8889,0.8889,0.75,0.75,0.7273,0.7273,0.6,0.6,0.5,0.5,0.6,0.6,0.4,0.4,0.6,0.6,1,1,0,0,0,0,0.3333,0.3333,1,1,30,30,0.4,0.4,0.0,0.0,0,3,,Pleural Effusion; Support Devices; No Finding,38.5,38.5,0.0,Moderate,0.3333,0.8889,0.5,0.75,0.7273,0.5,0.6,0.4,0.3333,1,35.98,Moderate,38.5,v2+GCRF
1270,1270_IM-0181-1001.dcm.png,False,1,0.6,0.6,0.9,0.9,0.75,0.75,0.8182,0.8182,0.6667,0.6667,0.4,0.4,0.4,0.4,0.6,0.6,0.4,0.4,1,1,0,0,0,0,0.2222,0.2222,0,0,26,26,0.4,0.4,50.0,50.0,1,2,Consolidation,Pleural Effusion; No Finding,35.5,35.5,0.0,Moderate,0.2222,0.9,0.6,0.75,0.8182,0.4,0.4,0.6,0.2222,0,33.48,Moderate,35.5,v2+GCRF
1272,1272_IM-0183-1001.dcm.png,False,1,1.0,1.0,1.0,1.0,1.0,1.0,1.0,1.0,1.0,1.0,0.0,0.0,0.0,0.0,1.0,1.0,0.0,0.0,0,0,0,0,0,0,0.2222,0.2222,0,0,26,26,1.0,1.0,0.0,0.0,0,0,,,0.0,0.0,0.0,Hallucination-Free,0.2222,1.0,1.0,1.0,1.0,0.0,0.0,1.0,0.2222,0,2.22,Hallucination-Free,0.0,v2+GCRF
1273,1273_IM-0183-1001.dcm.png,False,1,0.5,0.5,1.0,1.0,1.0,1.0,0.8462,0.8462,0.6667,0.6667,0.5,0.5,0.5,0.5,0.5,0.5,0.5,0.5,1,1,0,0,0,0,0.2222,0.2222,0,0,18,18,1.0,1.0,0.0,0.0,0,0,,,35.0,35.0,0.0,Moderate,0.2222,1.0,0.5,1.0,0.8462,0.5,0.5,0.5,0.2222,0,29.45,Low,35.0,v2+GCRF
1278,1278_IM-0185-1001.dcm.png,False,1,0.4,0.4,1.0,1.0,1.0,1.0,0.7692,0.7692,0.5714,0.5714,0.6,0.6,0.25,0.25,0.75,0.75,0.25,0.25,1,1,0,0,0,0,0.2222,0.2222,0,0,18,18,1.0,1.0,0.0,0.0,0,0,,,29.75,29.75,0.0,Low,0.2222,1.0,0.4,1.0,0.7692,0.6,0.25,0.75,0.2222,0,25.47,Low,29.75,v2+GCRF
1283,1283_IM-0188-1001.dcm.png,False,1,0.6,0.6,0.7,0.7,0.5,0.5,0.7778,0.7778,0.5455,0.5455,0.4,0.4,0.4,0.4,0.6,0.6,0.4,0.4,1,1,0,0,0,0,0.2222,0.2222,0,0,26,26,0.4,0.4,0.0,0.0,0,3,,Lung Opacity; Pneumonia; No Finding,28.0,28.0,0.0,Low,0.2222,0.7,0.6,0.5,0.7778,0.4,0.4,0.6,0.2222,0,29.3,Low,28.0,v2+GCRF
1285,1285_IM-0188-0001.dcm.png,True,2,0.6,0.75,0.9,0.9091,0.75,0.75,0.8182,0.9091,0.6667,0.75,0.4,0.25,0.5,0.25,0.5,0.75,0.5,0.25,1,1,0,0,0,0,0.2222,0.2222,0,0,20,26,0.4,0.4,50.0,50.0,1,2,Pneumothorax,Consolidation; Support Devices,39.0,25.0,-14.0,Low,0.2222,0.9091,0.75,0.75,0.9091,0.25,0.25,0.75,0.2222,0,24.81,Low,25.0,v2+GCRF
1291,1291_IM-0190-1001.dcm.png,False,1,0.0,0.0,0.9091,0.9091,0.0,0.0,0.7143,0.7143,0.0,0.0,1.0,1.0,0.5,0.5,0.5,0.5,0.5,0.5,1,1,0,0,0,0,0.2222,0.2222,0,0,18,18,0.0,0.0,0.0,0.0,0,1,,No Finding,52.5,52.5,0.0,High,0.2222,0.9091,0.0,0.0,0.7143,1.0,0.5,0.5,0.2222,0,43.87,Moderate,52.5,v2+GCRF
1294,1294_IM-0193-1001.dcm.png,True,2,0.6,0.4,1.0,0.9,1.0,0.6667,0.8333,0.75,0.75,0.5,0.4,0.6,0.5,0.6,0.5,0.4,0.5,0.6,1,1,0,0,0,0,0.2222,0.1111,0,0,20,34,1.0,0.6667,0.0,25.0,1,0,Pleural Effusion,,31.5,45.75,14.25,Moderate,0.1111,0.9,0.4,0.6667,0.75,0.6,0.6,0.4,0.1111,0,39.56,Moderate,45.75,v2+GCRF
1306,1306_IM-0200-2001.dcm.png,True,2,0.6,0.6667,0.9,0.8333,0.75,0.5,0.8182,0.9091,0.6667,0.5714,0.4,0.3333,0.5,0.25,0.5,0.75,0.5,0.25,1,1,0,0,0,0,0.2222,0.2222,0,0,20,26,0.4,0.5,50.0,0.0,0,2,,Pleural Effusion; No Finding,39.0,20.42,-18.58,Low,0.2222,0.8333,0.6667,0.5,0.9091,0.3333,0.25,0.75,0.2222,0,20.45,Low,20.42,v2+GCRF
1330,1330_IM-0213-1001.dcm.png,False,1,0.6,0.6,0.9,0.9,0.75,0.75,0.8182,0.8182,0.6667,0.6667,0.4,0.4,0.4,0.4,0.6,0.6,0.4,0.4,1,1,0,0,0,0,0.2222,0.2222,0,0,26,26,0.5,0.5,0.0,0.0,0,2,,Pleural Effusion; Support Devices,28.0,28.0,0.0,Low,0.2222,0.9,0.6,0.75,0.8182,0.4,0.4,0.6,0.2222,0,25.98,Low,28.0,v2+GCRF
1333,1333_IM-0214-1001.dcm.png,False,1,0.5,0.5,0.8182,0.8182,0.5,0.5,0.8182,0.8182,0.5,0.5,0.5,0.5,0.5,0.5,0.5,0.5,0.5,0.5,1,1,0,0,0,0,0.2222,0.2222,0,0,18,18,0.3333,0.3333,0.0,0.0,0,4,,Consolidation; Pleural Effusion; Support Devices; No Finding,35.0,35.0,0.0,Moderate,0.2222,0.8182,0.5,0.5,0.8182,0.5,0.5,0.5,0.2222,0,32.4,Moderate,35.0,v2+GCRF
1343,1343_IM-0222-0001-0002.dcm.png,False,1,0.6,0.6,0.8,0.8,0.6,0.6,0.8,0.8,0.6,0.6,0.4,0.4,0.4,0.4,0.6,0.6,0.4,0.4,1,1,0,0,0,0,0.2222,0.2222,0,0,26,26,0.6667,0.6667,0.0,0.0,0,1,,Cardiomegaly,28.0,28.0,0.0,Low,0.2222,0.8,0.6,0.6,0.8,0.4,0.4,0.6,0.2222,0,27.62,Low,28.0,v2+GCRF
1346,1346_IM-0224-4001.dcm.png,False,1,0.6,0.6,1.0,1.0,1.0,1.0,0.8333,0.8333,0.75,0.75,0.4,0.4,0.3333,0.3333,0.6667,0.6667,0.3333,0.3333,1,1,0,0,0,0,0.2222,0.2222,0,0,33,33,0.6667,0.6667,0.0,0.0,0,1,,Support Devices,25.67,25.67,0.0,Low,0.2222,1.0,0.6,1.0,0.8333,0.4,0.3333,0.6667,0.2222,0,22.49,Low,25.67,v2+GCRF
1346,1346_IM-0224-4001.dcm.png,False,1,0.6,0.6,1.0,1.0,1.0,1.0,0.8333,0.8333,0.75,0.75,0.4,0.4,0.3333,0.3333,0.6667,0.6667,0.3333,0.3333,1,1,0,0,0,0,0.2222,0.2222,0,0,33,33,0.6667,0.6667,0.0,0.0,0,1,,Support Devices,25.67,25.67,0.0,Low,0.2222,1.0,0.6,1.0,0.8333,0.4,0.3333,0.6667,0.2222,0,22.49,Low,25.67,v2+GCRF
1346,1346_IM-0224-4001.dcm.png,False,1,0.6,0.6,1.0,1.0,1.0,1.0,0.8333,0.8333,0.75,0.75,0.4,0.4,0.3333,0.3333,0.6667,0.6667,0.3333,0.3333,1,1,0,0,0,0,0.2222,0.2222,0,0,33,33,0.6667,0.6667,0.0,0.0,0,1,,Support Devices,25.67,25.67,0.0,Low,0.2222,1.0,0.6,1.0,0.8333,0.4,0.3333,0.6667,0.2222,0,22.49,Low,25.67,v2+GCRF
1346,1346_IM-0224-4001.dcm.png,False,1,0.6,0.6,1.0,1.0,1.0,1.0,0.8333,0.8333,0.75,0.75,0.4,0.4,0.3333,0.3333,0.6667,0.6667,0.3333,0.3333,1,1,0,0,0,0,0.2222,0.2222,0,0,33,33,0.6667,0.6667,0.0,0.0,0,1,,Support Devices,25.67,25.67,0.0,Low,0.2222,1.0,0.6,1.0,0.8333,0.4,0.3333,0.6667,0.2222,0,22.49,Low,25.67,v2+GCRF
1346,1346_IM-0224-4001.dcm.png,False,1,0.6,0.6,1.0,1.0,1.0,1.0,0.8333,0.8333,0.75,0.75,0.4,0.4,0.3333,0.3333,0.6667,0.6667,0.3333,0.3333,1,1,0,0,0,0,0.2222,0.2222,0,0,33,33,0.6667,0.6667,0.0,0.0,0,1,,Support Devices,25.67,25.67,0.0,Low,0.2222,1.0,0.6,1.0,0.8333,0.4,0.3333,0.6667,0.2222,0,22.49,Low,25.67,v2+GCRF
1346,1346_IM-0224-4001.dcm.png,False,1,0.6,0.6,1.0,1.0,1.0,1.0,0.8333,0.8333,0.75,0.75,0.4,0.4,0.3333,0.3333,0.6667,0.6667,0.3333,0.3333,1,1,0,0,0,0,0.2222,0.2222,0,0,33,33,0.6667,0.6667,0.0,0.0,0,1,,Support Devices,25.67,25.67,0.0,Low,0.2222,1.0,0.6,1.0,0.8333,0.4,0.3333,0.6667,0.2222,0,22.49,Low,25.67,v2+GCRF
1346,1346_IM-0224-4001.dcm.png,False,1,0.6,0.6,1.0,1.0,1.0,1.0,0.8333,0.8333,0.75,0.75,0.4,0.4,0.3333,0.3333,0.6667,0.6667,0.3333,0.3333,1,1,0,0,0,0,0.2222,0.2222,0,0,33,33,0.6667,0.6667,0.0,0.0,0,1,,Support Devices,25.67,25.67,0.0,Low,0.2222,1.0,0.6,1.0,0.8333,0.4,0.3333,0.6667,0.2222,0,22.49,Low,25.67,v2+GCRF
1346,1346_IM-0224-4001.dcm.png,False,1,0.6,0.6,1.0,1.0,1.0,1.0,0.8333,0.8333,0.75,0.75,0.4,0.4,0.3333,0.3333,0.6667,0.6667,0.3333,0.3333,1,1,0,0,0,0,0.2222,0.2222,0,0,33,33,0.6667,0.6667,0.0,0.0,0,1,,Support Devices,25.67,25.67,0.0,Low,0.2222,1.0,0.6,1.0,0.8333,0.4,0.3333,0.6667,0.2222,0,22.49,Low,25.67,v2+GCRF
1346,1346_IM-0224-4001.dcm.png,False,1,0.6,0.6,1.0,1.0,1.0,1.0,0.8333,0.8333,0.75,0.75,0.4,0.4,0.3333,0.3333,0.6667,0.6667,0.3333,0.3333,1,1,0,0,0,0,0.2222,0.2222,0,0,33,33,0.6667,0.6667,0.0,0.0,0,1,,Support Devices,25.67,25.67,0.0,Low,0.2222,1.0,0.6,1.0,0.8333,0.4,0.3333,0.6667,0.2222,0,22.49,Low,25.67,v2+GCRF
1346,1346_IM-0224-4001.dcm.png,False,1,0.6,0.6,1.0,1.0,1.0,1.0,0.8333,0.8333,0.75,0.75,0.4,0.4,0.3333,0.3333,0.6667,0.6667,0.3333,0.3333,1,1,0,0,0,0,0.2222,0.2222,0,0,33,33,0.6667,0.6667,0.0,0.0,0,1,,Support Devices,25.67,25.67,0.0,Low,0.2222,1.0,0.6,1.0,0.8333,0.4,0.3333,0.6667,0.2222,0,22.49,Low,25.67,v2+GCRF
1346,1346_IM-0224-4001.dcm.png,False,1,0.6,0.6,1.0,1.0,1.0,1.0,0.8333,0.8333,0.75,0.75,0.4,0.4,0.3333,0.3333,0.6667,0.6667,0.3333,0.3333,1,1,0,0,0,0,0.2222,0.2222,0,0,33,33,0.6667,0.6667,0.0,0.0,0,1,,Support Devices,25.67,25.67,0.0,Low,0.2222,1.0,0.6,1.0,0.8333,0.4,0.3333,0.6667,0.2222,0,22.49,Low,25.67,v2+GCRF
1346,1346_IM-0224-4001.dcm.png,False,1,0.6,0.6,1.0,1.0,1.0,1.0,0.8333,0.8333,0.75,0.75,0.4,0.4,0.3333,0.3333,0.6667,0.6667,0.3333,0.3333,1,1,0,0,0,0,0.2222,0.2222,0,0,33,33,0.6667,0.6667,0.0,0.0,0,1,,Support Devices,25.67,25.67,0.0,Low,0.2222,1.0,0.6,1.0,0.8333,0.4,0.3333,0.6667,0.2222,0,22.49,Low,25.67,v2+GCRF
1346,1346_IM-0224-4001.dcm.png,False,1,0.6,0.6,1.0,1.0,1.0,1.0,0.8333,0.8333,0.75,0.75,0.4,0.4,0.3333,0.3333,0.6667,0.6667,0.3333,0.3333,1,1,0,0,0,0,0.2222,0.2222,0,0,33,33,0.6667,0.6667,0.0,0.0,0,1,,Support Devices,25.67,25.67,0.0,Low,0.2222,1.0,0.6,1.0,0.8333,0.4,0.3333,0.6667,0.2222,0,22.49,Low,25.67,v2+GCRF
1346,1346_IM-0224-4001.dcm.png,False,1,0.6,0.6,1.0,1.0,1.0,1.0,0.8333,0.8333,0.75,0.75,0.4,0.4,0.3333,0.3333,0.6667,0.6667,0.3333,0.3333,1,1,0,0,0,0,0.2222,0.2222,0,0,33,33,0.6667,0.6667,0.0,0.0,0,1,,Support Devices,25.67,25.67,0.0,Low,0.2222,1.0,0.6,1.0,0.8333,0.4,0.3333,0.6667,0.2222,0,22.49,Low,25.67,v2+GCRF
1346,1346_IM-0224-4001.dcm.png,False,1,0.6,0.6,1.0,1.0,1.0,1.0,0.8333,0.8333,0.75,0.75,0.4,0.4,0.3333,0.3333,0.6667,0.6667,0.3333,0.3333,1,1,0,0,0,0,0.2222,0.2222,0,0,33,33,0.6667,0.6667,0.0,0.0,0,1,,Support Devices,25.67,25.67,0.0,Low,0.2222,1.0,0.6,1.0,0.8333,0.4,0.3333,0.6667,0.2222,0,22.49,Low,25.67,v2+GCRF
1346,1346_IM-0224-4001.dcm.png,False,1,0.6,0.6,1.0,1.0,1.0,1.0,0.8333,0.8333,0.75,0.75,0.4,0.4,0.3333,0.3333,0.6667,0.6667,0.3333,0.3333,1,1,0,0,0,0,0.2222,0.2222,0,0,33,33,0.6667,0.6667,0.0,0.0,0,1,,Support Devices,25.67,25.67,0.0,Low,0.2222,1.0,0.6,1.0,0.8333,0.4,0.3333,0.6667,0.2222,0,22.49,Low,25.67,v2+GCRF
1346,1346_IM-0224-8001.dcm.png,False,1,0.6,0.6,1.0,1.0,1.0,1.0,0.8333,0.8333,0.75,0.75,0.4,0.4,0.3333,0.3333,0.6667,0.6667,0.3333,0.3333,1,1,0,0,0,0,0.2222,0.2222,0,0,33,33,0.6667,0.6667,0.0,0.0,0,1,,Support Devices,25.67,25.67,0.0,Low,0.2222,1.0,0.6,1.0,0.8333,0.4,0.3333,0.6667,0.2222,0,22.49,Low,25.67,v2+GCRF
1346,1346_IM-0224-8001.dcm.png,False,1,0.6,0.6,1.0,1.0,1.0,1.0,0.8333,0.8333,0.75,0.75,0.4,0.4,0.3333,0.3333,0.6667,0.6667,0.3333,0.3333,1,1,0,0,0,0,0.2222,0.2222,0,0,33,33,0.6667,0.6667,0.0,0.0,0,1,,Support Devices,25.67,25.67,0.0,Low,0.2222,1.0,0.6,1.0,0.8333,0.4,0.3333,0.6667,0.2222,0,22.49,Low,25.67,v2+GCRF
1346,1346_IM-0224-8001.dcm.png,False,1,0.6,0.6,1.0,1.0,1.0,1.0,0.8333,0.8333,0.75,0.75,0.4,0.4,0.3333,0.3333,0.6667,0.6667,0.3333,0.3333,1,1,0,0,0,0,0.2222,0.2222,0,0,33,33,0.6667,0.6667,0.0,0.0,0,1,,Support Devices,25.67,25.67,0.0,Low,0.2222,1.0,0.6,1.0,0.8333,0.4,0.3333,0.6667,0.2222,0,22.49,Low,25.67,v2+GCRF
1346,1346_IM-0224-8001.dcm.png,False,1,0.6,0.6,1.0,1.0,1.0,1.0,0.8333,0.8333,0.75,0.75,0.4,0.4,0.3333,0.3333,0.6667,0.6667,0.3333,0.3333,1,1,0,0,0,0,0.2222,0.2222,0,0,33,33,0.6667,0.6667,0.0,0.0,0,1,,Support Devices,25.67,25.67,0.0,Low,0.2222,1.0,0.6,1.0,0.8333,0.4,0.3333,0.6667,0.2222,0,22.49,Low,25.67,v2+GCRF
1346,1346_IM-0224-8001.dcm.png,False,1,0.6,0.6,1.0,1.0,1.0,1.0,0.8333,0.8333,0.75,0.75,0.4,0.4,0.3333,0.3333,0.6667,0.6667,0.3333,0.3333,1,1,0,0,0,0,0.2222,0.2222,0,0,33,33,0.6667,0.6667,0.0,0.0,0,1,,Support Devices,25.67,25.67,0.0,Low,0.2222,1.0,0.6,1.0,0.8333,0.4,0.3333,0.6667,0.2222,0,22.49,Low,25.67,v2+GCRF
1346,1346_IM-0224-8001.dcm.png,False,1,0.6,0.6,1.0,1.0,1.0,1.0,0.8333,0.8333,0.75,0.75,0.4,0.4,0.3333,0.3333,0.6667,0.6667,0.3333,0.3333,1,1,0,0,0,0,0.2222,0.2222,0,0,33,33,0.6667,0.6667,0.0,0.0,0,1,,Support Devices,25.67,25.67,0.0,Low,0.2222,1.0,0.6,1.0,0.8333,0.4,0.3333,0.6667,0.2222,0,22.49,Low,25.67,v2+GCRF
1346,1346_IM-0224-8001.dcm.png,False,1,0.6,0.6,1.0,1.0,1.0,1.0,0.8333,0.8333,0.75,0.75,0.4,0.4,0.3333,0.3333,0.6667,0.6667,0.3333,0.3333,1,1,0,0,0,0,0.2222,0.2222,0,0,33,33,0.6667,0.6667,0.0,0.0,0,1,,Support Devices,25.67,25.67,0.0,Low,0.2222,1.0,0.6,1.0,0.8333,0.4,0.3333,0.6667,0.2222,0,22.49,Low,25.67,v2+GCRF
1346,1346_IM-0224-8001.dcm.png,False,1,0.6,0.6,1.0,1.0,1.0,1.0,0.8333,0.8333,0.75,0.75,0.4,0.4,0.3333,0.3333,0.6667,0.6667,0.3333,0.3333,1,1,0,0,0,0,0.2222,0.2222,0,0,33,33,0.6667,0.6667,0.0,0.0,0,1,,Support Devices,25.67,25.67,0.0,Low,0.2222,1.0,0.6,1.0,0.8333,0.4,0.3333,0.6667,0.2222,0,22.49,Low,25.67,v2+GCRF
1346,1346_IM-0224-8001.dcm.png,False,1,0.6,0.6,1.0,1.0,1.0,1.0,0.8333,0.8333,0.75,0.75,0.4,0.4,0.3333,0.3333,0.6667,0.6667,0.3333,0.3333,1,1,0,0,0,0,0.2222,0.2222,0,0,33,33,0.6667,0.6667,0.0,0.0,0,1,,Support Devices,25.67,25.67,0.0,Low,0.2222,1.0,0.6,1.0,0.8333,0.4,0.3333,0.6667,0.2222,0,22.49,Low,25.67,v2+GCRF
1346,1346_IM-0224-8001.dcm.png,False,1,0.6,0.6,1.0,1.0,1.0,1.0,0.8333,0.8333,0.75,0.75,0.4,0.4,0.3333,0.3333,0.6667,0.6667,0.3333,0.3333,1,1,0,0,0,0,0.2222,0.2222,0,0,33,33,0.6667,0.6667,0.0,0.0,0,1,,Support Devices,25.67,25.67,0.0,Low,0.2222,1.0,0.6,1.0,0.8333,0.4,0.3333,0.6667,0.2222,0,22.49,Low,25.67,v2+GCRF
1346,1346_IM-0224-8001.dcm.png,False,1,0.6,0.6,1.0,1.0,1.0,1.0,0.8333,0.8333,0.75,0.75,0.4,0.4,0.3333,0.3333,0.6667,0.6667,0.3333,0.3333,1,1,0,0,0,0,0.2222,0.2222,0,0,33,33,0.6667,0.6667,0.0,0.0,0,1,,Support Devices,25.67,25.67,0.0,Low,0.2222,1.0,0.6,1.0,0.8333,0.4,0.3333,0.6667,0.2222,0,22.49,Low,25.67,v2+GCRF
1346,1346_IM-0224-8001.dcm.png,False,1,0.6,0.6,1.0,1.0,1.0,1.0,0.8333,0.8333,0.75,0.75,0.4,0.4,0.3333,0.3333,0.6667,0.6667,0.3333,0.3333,1,1,0,0,0,0,0.2222,0.2222,0,0,33,33,0.6667,0.6667,0.0,0.0,0,1,,Support Devices,25.67,25.67,0.0,Low,0.2222,1.0,0.6,1.0,0.8333,0.4,0.3333,0.6667,0.2222,0,22.49,Low,25.67,v2+GCRF
1346,1346_IM-0224-8001.dcm.png,False,1,0.6,0.6,1.0,1.0,1.0,1.0,0.8333,0.8333,0.75,0.75,0.4,0.4,0.3333,0.3333,0.6667,0.6667,0.3333,0.3333,1,1,0,0,0,0,0.2222,0.2222,0,0,33,33,0.6667,0.6667,0.0,0.0,0,1,,Support Devices,25.67,25.67,0.0,Low,0.2222,1.0,0.6,1.0,0.8333,0.4,0.3333,0.6667,0.2222,0,22.49,Low,25.67,v2+GCRF
1346,1346_IM-0224-8001.dcm.png,False,1,0.6,0.6,1.0,1.0,1.0,1.0,0.8333,0.8333,0.75,0.75,0.4,0.4,0.3333,0.3333,0.6667,0.6667,0.3333,0.3333,1,1,0,0,0,0,0.2222,0.2222,0,0,33,33,0.6667,0.6667,0.0,0.0,0,1,,Support Devices,25.67,25.67,0.0,Low,0.2222,1.0,0.6,1.0,0.8333,0.4,0.3333,0.6667,0.2222,0,22.49,Low,25.67,v2+GCRF
1346,1346_IM-0224-8001.dcm.png,False,1,0.6,0.6,1.0,1.0,1.0,1.0,0.8333,0.8333,0.75,0.75,0.4,0.4,0.3333,0.3333,0.6667,0.6667,0.3333,0.3333,1,1,0,0,0,0,0.2222,0.2222,0,0,33,33,0.6667,0.6667,0.0,0.0,0,1,,Support Devices,25.67,25.67,0.0,Low,0.2222,1.0,0.6,1.0,0.8333,0.4,0.3333,0.6667,0.2222,0,22.49,Low,25.67,v2+GCRF
1346,1346_IM-0224-8001.dcm.png,False,1,0.6,0.6,1.0,1.0,1.0,1.0,0.8333,0.8333,0.75,0.75,0.4,0.4,0.3333,0.3333,0.6667,0.6667,0.3333,0.3333,1,1,0,0,0,0,0.2222,0.2222,0,0,33,33,0.6667,0.6667,0.0,0.0,0,1,,Support Devices,25.67,25.67,0.0,Low,0.2222,1.0,0.6,1.0,0.8333,0.4,0.3333,0.6667,0.2222,0,22.49,Low,25.67,v2+GCRF
1354,1354_IM-0230-1001.dcm.png,False,1,0.6,0.6,0.9,0.9,0.75,0.75,0.8182,0.8182,0.6667,0.6667,0.4,0.4,0.4,0.4,0.6,0.6,0.4,0.4,1,1,0,0,0,0,0.2222,0.2222,0,0,26,26,0.0,0.0,50.0,50.0,1,1,Pneumothorax,Pleural Effusion,35.5,35.5,0.0,Moderate,0.2222,0.9,0.6,0.75,0.8182,0.4,0.4,0.6,0.2222,0,33.48,Moderate,35.5,v2+GCRF
1373,1373_IM-0240-1001.dcm.png,False,1,0.6,0.6,1.0,1.0,1.0,1.0,0.8333,0.8333,0.75,0.75,0.4,0.4,0.3333,0.3333,0.6667,0.6667,0.3333,0.3333,1,1,0,0,0,0,0.2222,0.2222,0,0,33,33,1.0,1.0,0.0,0.0,0,0,,,25.67,25.67,0.0,Low,0.2222,1.0,0.6,1.0,0.8333,0.4,0.3333,0.6667,0.2222,0,22.49,Low,25.67,v2+GCRF
1377,1377_IM-0242-1001.dcm.png,False,1,0.8333,0.8333,0.8889,0.8889,0.8333,0.8333,0.8889,0.8889,0.8333,0.8333,0.1667,0.1667,0.1429,0.1429,0.8571,0.8571,0.1429,0.1429,1,1,0,0,0,0,0.2222,0.2222,0,0,39,39,0.5714,0.5714,33.33,33.33,1,2,Lung Lesion,Lung Opacity; Pleural Effusion,15.84,15.84,0.0,Low,0.2222,0.8889,0.8333,0.8333,0.8889,0.1667,0.1429,0.8571,0.2222,0,17.78,Low,15.84,v2+GCRF
1379,1379_IM-0243-1001.dcm.png,False,1,0.5,0.5,0.8182,0.8182,0.5,0.5,0.8182,0.8182,0.5,0.5,0.5,0.5,0.5,0.5,0.5,0.5,0.5,0.5,1,1,0,0,0,0,0.2222,0.2222,0,0,18,18,0.0,0.0,100.0,100.0,1,3,Pneumothorax,Lung Opacity; Pleural Effusion; No Finding,50.0,50.0,0.0,High,0.2222,0.8182,0.5,0.5,0.8182,0.5,0.5,0.5,0.2222,0,47.4,Moderate,50.0,v2+GCRF
1383,1383_IM-0245-1001.dcm.png,False,1,0.6667,0.6667,0.75,0.75,0.4,0.4,0.9,0.9,0.5,0.5,0.3333,0.3333,0.2,0.2,0.8,0.8,0.2,0.2,1,1,0,0,0,0,0.0,0.0,0,0,25,25,0.3333,0.3333,0.0,0.0,0,4,,Lung Opacity; Atelectasis; Support Devices; No Finding,18.67,18.67,0.0,Low,0.0,0.75,0.6667,0.4,0.9,0.3333,0.2,0.8,0.0,0,18.15,Low,18.67,v2+GCRF
1388,1388_IM-0246-1001.dcm.png,True,2,0.6,0.6,1.0,1.0,1.0,1.0,0.8333,0.8333,0.75,0.75,0.4,0.4,0.4,0.4,0.6,0.6,0.4,0.4,1,1,0,0,0,0,0.2222,0.1111,0,0,28,34,0.4,0.6667,50.0,25.0,1,1,Consolidation,Support Devices,35.5,31.75,-3.75,Moderate,0.1111,1.0,0.6,1.0,0.8333,0.4,0.4,0.6,0.1111,0,26.99,Low,31.75,v2+GCRF
1403,1403_IM-0258-1001.dcm.png,False,1,0.6667,0.6667,1.0,1.0,1.0,1.0,0.8182,0.8182,0.8,0.8,0.3333,0.3333,0.4,0.4,0.6,0.6,0.4,0.4,1,1,0,0,0,0,0.3333,0.3333,1,1,30,30,1.0,1.0,0.0,0.0,0,0,,,25.67,25.67,0.0,Low,0.3333,1.0,0.6667,1.0,0.8182,0.3333,0.4,0.6,0.3333,1,23.99,Low,25.67,v2+GCRF
1412,1412_IM-0262-1001.dcm.png,False,1,0.0,0.0,0.9091,0.9091,0.0,0.0,0.7143,0.7143,0.0,0.0,1.0,1.0,0.5,0.5,0.5,0.5,0.5,0.5,1,1,0,0,0,0,0.2222,0.2222,0,0,18,18,0.0,0.0,0.0,0.0,0,1,,Lung Lesion,52.5,52.5,0.0,High,0.2222,0.9091,0.0,0.0,0.7143,1.0,0.5,0.5,0.2222,0,43.87,Moderate,52.5,v2+GCRF
1429,1429_IM-0275-1001.dcm.png,False,1,0.4,0.4,0.9,0.9,0.6667,0.6667,0.75,0.75,0.5,0.5,0.6,0.6,0.5,0.5,0.5,0.5,0.5,0.5,1,1,0,0,0,0,0.2222,0.2222,0,0,33,33,0.0,0.0,50.0,50.0,1,2,Pneumothorax,Pleural Effusion; No Finding,46.0,46.0,0.0,Moderate,0.2222,0.9,0.4,0.6667,0.75,0.6,0.5,0.5,0.2222,0,41.62,Moderate,46.0,v2+GCRF
1432,1432_IM-0278-1001.dcm.png,False,1,0.8,0.8,0.9,0.9,0.8,0.8,0.9,0.9,0.8,0.8,0.2,0.2,0.25,0.25,0.75,0.75,0.25,0.25,1,1,0,0,0,0,0.3333,0.3333,1,1,22,22,0.8,0.8,0.0,0.0,0,1,,Lung Opacity,15.75,15.75,0.0,Low,0.3333,0.9,0.8,0.8,0.9,0.2,0.25,0.75,0.3333,1,17.43,Low,15.75,v2+GCRF
1444,1444_IM-0286-1001.dcm.png,False,1,0.0,0.0,0.7778,0.7778,0.0,0.0,0.5385,0.5385,0.0,0.0,1.0,1.0,0.8,0.8,0.2,0.2,0.8,0.8,1,1,0,0,0,0,0.3333,0.3333,1,1,30,30,0.0,0.0,0.0,0.0,0,2,,Lung Lesion; Fracture,63.0,63.0,0.0,High,0.3333,0.7778,0.0,0.0,0.5385,1.0,0.8,0.2,0.3333,1,56.76,High,63.0,v2+GCRF
1451,1451_IM-0291-1001.dcm.png,False,1,0.6,0.6,0.9,0.9,0.75,0.75,0.8182,0.8182,0.6667,0.6667,0.4,0.4,0.4,0.4,0.6,0.6,0.4,0.4,1,1,0,0,0,0,0.2222,0.2222,0,0,26,26,0.6667,0.6667,0.0,0.0,0,1,,Atelectasis,28.0,28.0,0.0,Low,0.2222,0.9,0.6,0.75,0.8182,0.4,0.4,0.6,0.2222,0,25.98,Low,28.0,v2+GCRF
1453,1453_IM-0292-12012.dcm.png,True,2,0.4,0.3333,1.0,1.0,1.0,1.0,0.7692,0.6923,0.5714,0.5,0.6,0.6667,0.75,0.8,0.25,0.2,0.75,0.8,1,1,0,0,0,0,0.2222,0.3333,0,1,20,32,0.0,0.0,50.0,25.0,1,1,Pneumothorax,Pleural Effusion,54.75,55.08,0.33,High,0.3333,1.0,0.3333,1.0,0.6923,0.6667,0.8,0.2,0.3333,1,47.95,Moderate,55.08,v2+GCRF
1454,1454_IM-0293-1001.dcm.png,False,1,0.2,0.2,0.9,0.9,0.5,0.5,0.6923,0.6923,0.2857,0.2857,0.8,0.8,0.4,0.4,0.6,0.6,0.4,0.4,1,1,0,0,0,0,0.2222,0.2222,0,0,26,26,0.0,0.0,0.0,0.0,0,1,,No Finding,42.0,42.0,0.0,Moderate,0.2222,0.9,0.2,0.5,0.6923,0.8,0.4,0.6,0.2222,0,36.58,Moderate,42.0,v2+GCRF
1459,1459_IM-0297-1001.dcm.png,True,2,0.6,0.6667,0.8,0.8889,0.6,0.8,0.8,0.8,0.6,0.7273,0.4,0.3333,0.5,0.3333,0.5,0.6667,0.5,0.3333,1,1,0,0,0,0,0.1111,0.2222,0,0,21,37,0.5714,0.5714,0.0,0.0,0,3,,Cardiomegaly; Consolidation; No Finding,31.5,23.33,-8.17,Low,0.2222,0.8889,0.6667,0.8,0.8,0.3333,0.3333,0.6667,0.2222,0,22.82,Low,23.33,v2+GCRF
1459,1459_IM-0297-1001.dcm.png,True,2,0.6,0.6667,0.8,0.8889,0.6,0.8,0.8,0.8,0.6,0.7273,0.4,0.3333,0.5,0.3333,0.5,0.6667,0.5,0.3333,1,1,0,0,0,0,0.1111,0.2222,0,0,21,37,0.5714,0.5714,0.0,0.0,0,3,,Cardiomegaly; Consolidation; No Finding,31.5,23.33,-8.17,Low,0.2222,0.8889,0.6667,0.8,0.8,0.3333,0.3333,0.6667,0.2222,0,22.82,Low,23.33,v2+GCRF
1459,1459_IM-0297-1001.dcm.png,True,2,0.6,0.6667,0.8,0.8889,0.6,0.8,0.8,0.8,0.6,0.7273,0.4,0.3333,0.5,0.3333,0.5,0.6667,0.5,0.3333,1,1,0,0,0,0,0.1111,0.2222,0,0,21,37,0.5714,0.5714,0.0,0.0,0,3,,Cardiomegaly; Consolidation; No Finding,31.5,23.33,-8.17,Low,0.2222,0.8182,0.75,0.6,0.9,0.25,0.3333,0.6667,0.2222,0,22.82,Low,23.33,v2+GCRF
1459,1459_IM-0297-1001.dcm.png,True,2,0.6,0.6667,0.8,0.8889,0.6,0.8,0.8,0.8,0.6,0.7273,0.4,0.3333,0.5,0.3333,0.5,0.6667,0.5,0.3333,1,1,0,0,0,0,0.1111,0.2222,0,0,21,37,0.5714,0.5714,0.0,0.0,0,3,,Cardiomegaly; Consolidation; No Finding,31.5,23.33,-8.17,Low,0.2222,0.8182,0.75,0.6,0.9,0.25,0.3333,0.6667,0.2222,0,22.82,Low,23.33,v2+GCRF
1459,1459_IM-0297-1001.dcm.png,True,2,0.6,0.6667,0.8,0.8889,0.6,0.8,0.8,0.8,0.6,0.7273,0.4,0.3333,0.5,0.3333,0.5,0.6667,0.5,0.3333,1,1,0,0,0,0,0.1111,0.2222,0,0,21,37,0.5714,0.5714,0.0,0.0,0,3,,Cardiomegaly; Consolidation; No Finding,31.5,23.33,-8.17,Low,0.2222,0.8889,0.6667,0.8,0.8,0.3333,0.3333,0.6667,0.2222,0,22.82,Low,23.33,v2+GCRF
1459,1459_IM-0297-1001.dcm.png,True,2,0.6,0.6667,0.8,0.8889,0.6,0.8,0.8,0.8,0.6,0.7273,0.4,0.3333,0.5,0.3333,0.5,0.6667,0.5,0.3333,1,1,0,0,0,0,0.1111,0.2222,0,0,21,37,0.5714,0.5714,0.0,0.0,0,3,,Cardiomegaly; Consolidation; No Finding,31.5,23.33,-8.17,Low,0.2222,0.8889,0.6667,0.8,0.8,0.3333,0.3333,0.6667,0.2222,0,22.82,Low,23.33,v2+GCRF
1459,1459_IM-0297-1001.dcm.png,True,2,0.6,0.6667,0.8,0.8889,0.6,0.8,0.8,0.8,0.6,0.7273,0.4,0.3333,0.5,0.3333,0.5,0.6667,0.5,0.3333,1,1,0,0,0,0,0.1111,0.2222,0,0,21,37,0.5714,0.5714,0.0,0.0,0,3,,Cardiomegaly; Consolidation; No Finding,31.5,23.33,-8.17,Low,0.2222,0.8182,0.75,0.6,0.9,0.25,0.3333,0.6667,0.2222,0,22.82,Low,23.33,v2+GCRF
1459,1459_IM-0297-1001.dcm.png,True,2,0.6,0.6667,0.8,0.8889,0.6,0.8,0.8,0.8,0.6,0.7273,0.4,0.3333,0.5,0.3333,0.5,0.6667,0.5,0.3333,1,1,0,0,0,0,0.1111,0.2222,0,0,21,37,0.5714,0.5714,0.0,0.0,0,3,,Cardiomegaly; Consolidation; No Finding,31.5,23.33,-8.17,Low,0.2222,0.8182,0.75,0.6,0.9,0.25,0.3333,0.6667,0.2222,0,22.82,Low,23.33,v2+GCRF
1459,1459_IM-0297-1001.dcm.png,True,2,0.6,0.6667,0.8,0.8889,0.6,0.8,0.8,0.8,0.6,0.7273,0.4,0.3333,0.5,0.3333,0.5,0.6667,0.5,0.3333,1,1,0,0,0,0,0.1111,0.2222,0,0,21,37,0.5714,0.5714,0.0,0.0,0,3,,Cardiomegaly; Consolidation; No Finding,31.5,23.33,-8.17,Low,0.2222,0.8889,0.6667,0.8,0.8,0.3333,0.3333,0.6667,0.2222,0,22.82,Low,23.33,v2+GCRF
1459,1459_IM-0297-1001.dcm.png,True,2,0.6,0.6667,0.8,0.8889,0.6,0.8,0.8,0.8,0.6,0.7273,0.4,0.3333,0.5,0.3333,0.5,0.6667,0.5,0.3333,1,1,0,0,0,0,0.1111,0.2222,0,0,21,37,0.5714,0.5714,0.0,0.0,0,3,,Cardiomegaly; Consolidation; No Finding,31.5,23.33,-8.17,Low,0.2222,0.8889,0.6667,0.8,0.8,0.3333,0.3333,0.6667,0.2222,0,22.82,Low,23.33,v2+GCRF
1459,1459_IM-0297-1001.dcm.png,True,2,0.6,0.6667,0.8,0.8889,0.6,0.8,0.8,0.8,0.6,0.7273,0.4,0.3333,0.5,0.3333,0.5,0.6667,0.5,0.3333,1,1,0,0,0,0,0.1111,0.2222,0,0,21,37,0.5714,0.5714,0.0,0.0,0,3,,Cardiomegaly; Consolidation; No Finding,31.5,23.33,-8.17,Low,0.2222,0.8182,0.75,0.6,0.9,0.25,0.3333,0.6667,0.2222,0,22.82,Low,23.33,v2+GCRF
1459,1459_IM-0297-1001.dcm.png,True,2,0.6,0.6667,0.8,0.8889,0.6,0.8,0.8,0.8,0.6,0.7273,0.4,0.3333,0.5,0.3333,0.5,0.6667,0.5,0.3333,1,1,0,0,0,0,0.1111,0.2222,0,0,21,37,0.5714,0.5714,0.0,0.0,0,3,,Cardiomegaly; Consolidation; No Finding,31.5,23.33,-8.17,Low,0.2222,0.8182,0.75,0.6,0.9,0.25,0.3333,0.6667,0.2222,0,22.82,Low,23.33,v2+GCRF
1459,1459_IM-0297-1001.dcm.png,True,2,0.6,0.6667,0.8,0.8889,0.6,0.8,0.8,0.8,0.6,0.7273,0.4,0.3333,0.5,0.3333,0.5,0.6667,0.5,0.3333,1,1,0,0,0,0,0.1111,0.2222,0,0,21,37,0.5714,0.5714,0.0,0.0,0,3,,Cardiomegaly; Consolidation; No Finding,31.5,23.33,-8.17,Low,0.2222,0.8889,0.6667,0.8,0.8,0.3333,0.3333,0.6667,0.2222,0,22.82,Low,23.33,v2+GCRF
1459,1459_IM-0297-1001.dcm.png,True,2,0.6,0.6667,0.8,0.8889,0.6,0.8,0.8,0.8,0.6,0.7273,0.4,0.3333,0.5,0.3333,0.5,0.6667,0.5,0.3333,1,1,0,0,0,0,0.1111,0.2222,0,0,21,37,0.5714,0.5714,0.0,0.0,0,3,,Cardiomegaly; Consolidation; No Finding,31.5,23.33,-8.17,Low,0.2222,0.8889,0.6667,0.8,0.8,0.3333,0.3333,0.6667,0.2222,0,22.82,Low,23.33,v2+GCRF
1459,1459_IM-0297-1001.dcm.png,True,2,0.6,0.6667,0.8,0.8889,0.6,0.8,0.8,0.8,0.6,0.7273,0.4,0.3333,0.5,0.3333,0.5,0.6667,0.5,0.3333,1,1,0,0,0,0,0.1111,0.2222,0,0,21,37,0.5714,0.5714,0.0,0.0,0,3,,Cardiomegaly; Consolidation; No Finding,31.5,23.33,-8.17,Low,0.2222,0.8182,0.75,0.6,0.9,0.25,0.3333,0.6667,0.2222,0,22.82,Low,23.33,v2+GCRF
1459,1459_IM-0297-1001.dcm.png,True,2,0.6,0.6667,0.8,0.8889,0.6,0.8,0.8,0.8,0.6,0.7273,0.4,0.3333,0.5,0.3333,0.5,0.6667,0.5,0.3333,1,1,0,0,0,0,0.1111,0.2222,0,0,21,37,0.5714,0.5714,0.0,0.0,0,3,,Cardiomegaly; Consolidation; No Finding,31.5,23.33,-8.17,Low,0.2222,0.8182,0.75,0.6,0.9,0.25,0.3333,0.6667,0.2222,0,22.82,Low,23.33,v2+GCRF
1459,1459_IM-0297-3001.dcm.png,False,1,0.75,0.75,0.8182,0.8182,0.6,0.6,0.9,0.9,0.6667,0.6667,0.25,0.25,0.3333,0.3333,0.6667,0.6667,0.3333,0.3333,1,1,0,0,0,0,0.2222,0.2222,0,0,16,16,0.5714,0.5714,0.0,0.0,0,3,,Consolidation; Pleural Effusion; No Finding,20.42,20.42,0.0,Low,0.2222,0.8889,0.6667,0.8,0.8,0.3333,0.3333,0.6667,0.2222,0,21.08,Low,20.42,v2+GCRF
1459,1459_IM-0297-3001.dcm.png,False,1,0.75,0.75,0.8182,0.8182,0.6,0.6,0.9,0.9,0.6667,0.6667,0.25,0.25,0.3333,0.3333,0.6667,0.6667,0.3333,0.3333,1,1,0,0,0,0,0.2222,0.2222,0,0,16,16,0.5714,0.5714,0.0,0.0,0,3,,Consolidation; Pleural Effusion; No Finding,20.42,20.42,0.0,Low,0.2222,0.8889,0.6667,0.8,0.8,0.3333,0.3333,0.6667,0.2222,0,21.08,Low,20.42,v2+GCRF
1459,1459_IM-0297-3001.dcm.png,False,1,0.75,0.75,0.8182,0.8182,0.6,0.6,0.9,0.9,0.6667,0.6667,0.25,0.25,0.3333,0.3333,0.6667,0.6667,0.3333,0.3333,1,1,0,0,0,0,0.2222,0.2222,0,0,16,16,0.5714,0.5714,0.0,0.0,0,3,,Consolidation; Pleural Effusion; No Finding,20.42,20.42,0.0,Low,0.2222,0.8182,0.75,0.6,0.9,0.25,0.3333,0.6667,0.2222,0,21.08,Low,20.42,v2+GCRF
1459,1459_IM-0297-3001.dcm.png,False,1,0.75,0.75,0.8182,0.8182,0.6,0.6,0.9,0.9,0.6667,0.6667,0.25,0.25,0.3333,0.3333,0.6667,0.6667,0.3333,0.3333,1,1,0,0,0,0,0.2222,0.2222,0,0,16,16,0.5714,0.5714,0.0,0.0,0,3,,Consolidation; Pleural Effusion; No Finding,20.42,20.42,0.0,Low,0.2222,0.8182,0.75,0.6,0.9,0.25,0.3333,0.6667,0.2222,0,21.08,Low,20.42,v2+GCRF
1459,1459_IM-0297-3001.dcm.png,False,1,0.75,0.75,0.8182,0.8182,0.6,0.6,0.9,0.9,0.6667,0.6667,0.25,0.25,0.3333,0.3333,0.6667,0.6667,0.3333,0.3333,1,1,0,0,0,0,0.2222,0.2222,0,0,16,16,0.5714,0.5714,0.0,0.0,0,3,,Consolidation; Pleural Effusion; No Finding,20.42,20.42,0.0,Low,0.2222,0.8889,0.6667,0.8,0.8,0.3333,0.3333,0.6667,0.2222,0,21.08,Low,20.42,v2+GCRF
1459,1459_IM-0297-3001.dcm.png,False,1,0.75,0.75,0.8182,0.8182,0.6,0.6,0.9,0.9,0.6667,0.6667,0.25,0.25,0.3333,0.3333,0.6667,0.6667,0.3333,0.3333,1,1,0,0,0,0,0.2222,0.2222,0,0,16,16,0.5714,0.5714,0.0,0.0,0,3,,Consolidation; Pleural Effusion; No Finding,20.42,20.42,0.0,Low,0.2222,0.8889,0.6667,0.8,0.8,0.3333,0.3333,0.6667,0.2222,0,21.08,Low,20.42,v2+GCRF
1459,1459_IM-0297-3001.dcm.png,False,1,0.75,0.75,0.8182,0.8182,0.6,0.6,0.9,0.9,0.6667,0.6667,0.25,0.25,0.3333,0.3333,0.6667,0.6667,0.3333,0.3333,1,1,0,0,0,0,0.2222,0.2222,0,0,16,16,0.5714,0.5714,0.0,0.0,0,3,,Consolidation; Pleural Effusion; No Finding,20.42,20.42,0.0,Low,0.2222,0.8182,0.75,0.6,0.9,0.25,0.3333,0.6667,0.2222,0,21.08,Low,20.42,v2+GCRF
1459,1459_IM-0297-3001.dcm.png,False,1,0.75,0.75,0.8182,0.8182,0.6,0.6,0.9,0.9,0.6667,0.6667,0.25,0.25,0.3333,0.3333,0.6667,0.6667,0.3333,0.3333,1,1,0,0,0,0,0.2222,0.2222,0,0,16,16,0.5714,0.5714,0.0,0.0,0,3,,Consolidation; Pleural Effusion; No Finding,20.42,20.42,0.0,Low,0.2222,0.8182,0.75,0.6,0.9,0.25,0.3333,0.6667,0.2222,0,21.08,Low,20.42,v2+GCRF
1459,1459_IM-0297-3001.dcm.png,False,1,0.75,0.75,0.8182,0.8182,0.6,0.6,0.9,0.9,0.6667,0.6667,0.25,0.25,0.3333,0.3333,0.6667,0.6667,0.3333,0.3333,1,1,0,0,0,0,0.2222,0.2222,0,0,16,16,0.5714,0.5714,0.0,0.0,0,3,,Consolidation; Pleural Effusion; No Finding,20.42,20.42,0.0,Low,0.2222,0.8889,0.6667,0.8,0.8,0.3333,0.3333,0.6667,0.2222,0,21.08,Low,20.42,v2+GCRF
1459,1459_IM-0297-3001.dcm.png,False,1,0.75,0.75,0.8182,0.8182,0.6,0.6,0.9,0.9,0.6667,0.6667,0.25,0.25,0.3333,0.3333,0.6667,0.6667,0.3333,0.3333,1,1,0,0,0,0,0.2222,0.2222,0,0,16,16,0.5714,0.5714,0.0,0.0,0,3,,Consolidation; Pleural Effusion; No Finding,20.42,20.42,0.0,Low,0.2222,0.8889,0.6667,0.8,0.8,0.3333,0.3333,0.6667,0.2222,0,21.08,Low,20.42,v2+GCRF
1459,1459_IM-0297-3001.dcm.png,False,1,0.75,0.75,0.8182,0.8182,0.6,0.6,0.9,0.9,0.6667,0.6667,0.25,0.25,0.3333,0.3333,0.6667,0.6667,0.3333,0.3333,1,1,0,0,0,0,0.2222,0.2222,0,0,16,16,0.5714,0.5714,0.0,0.0,0,3,,Consolidation; Pleural Effusion; No Finding,20.42,20.42,0.0,Low,0.2222,0.8182,0.75,0.6,0.9,0.25,0.3333,0.6667,0.2222,0,21.08,Low,20.42,v2+GCRF
1459,1459_IM-0297-3001.dcm.png,False,1,0.75,0.75,0.8182,0.8182,0.6,0.6,0.9,0.9,0.6667,0.6667,0.25,0.25,0.3333,0.3333,0.6667,0.6667,0.3333,0.3333,1,1,0,0,0,0,0.2222,0.2222,0,0,16,16,0.5714,0.5714,0.0,0.0,0,3,,Consolidation; Pleural Effusion; No Finding,20.42,20.42,0.0,Low,0.2222,0.8182,0.75,0.6,0.9,0.25,0.3333,0.6667,0.2222,0,21.08,Low,20.42,v2+GCRF
1459,1459_IM-0297-3001.dcm.png,False,1,0.75,0.75,0.8182,0.8182,0.6,0.6,0.9,0.9,0.6667,0.6667,0.25,0.25,0.3333,0.3333,0.6667,0.6667,0.3333,0.3333,1,1,0,0,0,0,0.2222,0.2222,0,0,16,16,0.5714,0.5714,0.0,0.0,0,3,,Consolidation; Pleural Effusion; No Finding,20.42,20.42,0.0,Low,0.2222,0.8889,0.6667,0.8,0.8,0.3333,0.3333,0.6667,0.2222,0,21.08,Low,20.42,v2+GCRF
1459,1459_IM-0297-3001.dcm.png,False,1,0.75,0.75,0.8182,0.8182,0.6,0.6,0.9,0.9,0.6667,0.6667,0.25,0.25,0.3333,0.3333,0.6667,0.6667,0.3333,0.3333,1,1,0,0,0,0,0.2222,0.2222,0,0,16,16,0.5714,0.5714,0.0,0.0,0,3,,Consolidation; Pleural Effusion; No Finding,20.42,20.42,0.0,Low,0.2222,0.8889,0.6667,0.8,0.8,0.3333,0.3333,0.6667,0.2222,0,21.08,Low,20.42,v2+GCRF
1459,1459_IM-0297-3001.dcm.png,False,1,0.75,0.75,0.8182,0.8182,0.6,0.6,0.9,0.9,0.6667,0.6667,0.25,0.25,0.3333,0.3333,0.6667,0.6667,0.3333,0.3333,1,1,0,0,0,0,0.2222,0.2222,0,0,16,16,0.5714,0.5714,0.0,0.0,0,3,,Consolidation; Pleural Effusion; No Finding,20.42,20.42,0.0,Low,0.2222,0.8182,0.75,0.6,0.9,0.25,0.3333,0.6667,0.2222,0,21.08,Low,20.42,v2+GCRF
1459,1459_IM-0297-3001.dcm.png,False,1,0.75,0.75,0.8182,0.8182,0.6,0.6,0.9,0.9,0.6667,0.6667,0.25,0.25,0.3333,0.3333,0.6667,0.6667,0.3333,0.3333,1,1,0,0,0,0,0.2222,0.2222,0,0,16,16,0.5714,0.5714,0.0,0.0,0,3,,Consolidation; Pleural Effusion; No Finding,20.42,20.42,0.0,Low,0.2222,0.8182,0.75,0.6,0.9,0.25,0.3333,0.6667,0.2222,0,21.08,Low,20.42,v2+GCRF
1467,1467_IM-0302-1001.dcm.png,True,2,0.6,0.75,0.9,0.9091,0.75,0.75,0.8182,0.9091,0.6667,0.75,0.4,0.25,0.5,0.25,0.5,0.75,0.5,0.25,1,1,0,0,0,0,0.2222,0.2222,0,0,20,26,0.5714,0.5714,0.0,0.0,0,3,,Consolidation; Support Devices; No Finding,31.5,17.5,-14.0,Low,0.2222,0.9091,0.75,0.75,0.9091,0.25,0.25,0.75,0.2222,0,17.31,Low,17.5,v2+GCRF
1471,1471_IM-0304-2001.dcm.png,False,1,0.8,0.8,0.9,0.9,0.8,0.8,0.9,0.9,0.8,0.8,0.2,0.2,0.2,0.2,0.8,0.8,0.2,0.2,1,1,0,0,0,0,0.2222,0.2222,0,0,26,26,0.4,0.4,50.0,50.0,1,2,Pneumothorax,Support Devices; No Finding,21.5,21.5,0.0,Low,0.2222,0.9,0.8,0.8,0.9,0.2,0.2,0.8,0.2222,0,22.42,Low,21.5,v2+GCRF
1472,1472_IM-0305-1001.dcm.png,False,1,0.75,0.75,1.0,1.0,1.0,1.0,0.9167,0.9167,0.8571,0.8571,0.25,0.25,0.25,0.25,0.75,0.75,0.25,0.25,1,1,0,0,0,0,0.2222,0.2222,0,0,18,18,0.0,0.0,100.0,100.0,1,1,Pneumothorax,Pleural Effusion,32.5,32.5,0.0,Moderate,0.2222,1.0,0.75,1.0,0.9167,0.25,0.25,0.75,0.2222,0,30.89,Moderate,32.5,v2+GCRF
1473,1473_IM-0306-1001.dcm.png,False,1,0.6,0.6,0.9,0.9,0.75,0.75,0.8182,0.8182,0.6667,0.6667,0.4,0.4,0.3333,0.3333,0.6667,0.6667,0.3333,0.3333,1,1,0,0,0,0,0.2222,0.2222,0,0,33,33,0.3333,0.3333,0.0,0.0,0,4,,Lung Opacity; Pleural Effusion; Support Devices; No Finding,25.67,25.67,0.0,Low,0.2222,0.9,0.6,0.75,0.8182,0.4,0.3333,0.6667,0.2222,0,24.11,Low,25.67,v2+GCRF
1484,1484_IM-0313-1001.dcm.png,False,1,0.75,0.75,0.9091,0.9091,0.75,0.75,0.9091,0.9091,0.75,0.75,0.25,0.25,0.25,0.25,0.75,0.75,0.25,0.25,1,1,0,0,0,0,0.2222,0.2222,0,0,18,18,0.0,0.0,100.0,100.0,1,1,Pneumothorax,Consolidation,32.5,32.5,0.0,Moderate,0.2222,0.9091,0.75,0.75,0.9091,0.25,0.25,0.75,0.2222,0,32.31,Moderate,32.5,v2+GCRF
1485,1485_IM-0313-1001.dcm.png,False,1,0.5,0.5,0.5556,0.5556,0.4286,0.4286,0.625,0.625,0.4615,0.4615,0.5,0.5,0.5,0.5,0.5,0.5,0.5,0.5,1,1,0,0,0,0,0.3333,0.3333,1,1,39,39,0.2222,0.2222,50.0,50.0,1,6,Pneumothorax,Lung Lesion; Pneumonia; Pleural Effusion; Fracture; Support Devices; No Finding,42.5,42.5,0.0,Moderate,0.3333,0.5556,0.5,0.4286,0.625,0.5,0.5,0.5,0.3333,1,46.5,Moderate,42.5,v2+GCRF
1489,1489_IM-0315-1001.dcm.png,False,1,0.6,0.6,1.0,1.0,1.0,1.0,0.8333,0.8333,0.75,0.75,0.4,0.4,0.5,0.5,0.5,0.5,0.5,0.5,1,1,0,0,0,0,0.2222,0.2222,0,0,18,18,0.6667,0.6667,0.0,0.0,0,1,,Pleural Effusion,31.5,31.5,0.0,Moderate,0.2222,1.0,0.6,1.0,0.8333,0.4,0.5,0.5,0.2222,0,27.16,Low,31.5,v2+GCRF
1499,1499_IM-0323-1001.dcm.png,True,2,0.6,0.6,0.9,0.9,0.75,0.75,0.8182,0.8182,0.6667,0.6667,0.4,0.4,0.4,0.2857,0.6,0.7143,0.4,0.2857,1,1,0,0,0,1,0.2222,0.3333,0,1,28,39,0.5714,0.5714,0.0,0.0,0,3,,Consolidation; Support Devices; No Finding,28.0,29.0,1.0,Low,0.3333,0.9,0.6,0.75,0.8182,0.4,0.2857,0.7143,0.3333,1,23.89,Low,29.0,v2+GCRF
1511,1511_IM-0331-1001.dcm.png,False,1,0.0,0.0,1.0,1.0,0.0,0.0,0.6667,0.6667,0.0,0.0,1.0,1.0,0.5,0.5,0.5,0.5,0.5,0.5,1,1,0,0,0,0,0.2222,0.2222,0,0,33,33,0.0,0.0,0.0,0.0,0,0,,,52.5,52.5,0.0,High,0.2222,1.0,0.0,0.0,0.6667,1.0,0.5,0.5,0.2222,0,42.89,Moderate,52.5,v2+GCRF
1516,1516_IM-0334-1001.dcm.png,False,1,0.25,0.25,0.9091,0.9091,0.5,0.5,0.7692,0.7692,0.3333,0.3333,0.75,0.75,0.25,0.25,0.75,0.75,0.25,0.25,1,1,0,0,0,0,0.2222,0.2222,0,0,18,18,0.0,0.0,0.0,0.0,0,1,,No Finding,35.0,35.0,0.0,Moderate,0.2222,0.9091,0.25,0.5,0.7692,0.75,0.25,0.75,0.2222,0,30.43,Moderate,35.0,v2+GCRF
1521,1521_IM-0337-1001.dcm.png,False,1,0.6,0.6,0.7,0.7,0.5,0.5,0.7778,0.7778,0.5455,0.5455,0.4,0.4,0.4,0.4,0.6,0.6,0.4,0.4,1,1,0,0,0,0,0.2222,0.2222,0,0,26,26,0.4,0.4,0.0,0.0,0,3,,Lung Opacity; Pleural Effusion; No Finding,28.0,28.0,0.0,Low,0.2222,0.7,0.6,0.5,0.7778,0.4,0.4,0.6,0.2222,0,29.3,Low,28.0,v2+GCRF
1521,1521_IM-0337-1001.dcm.png,False,1,0.6,0.6,0.7,0.7,0.5,0.5,0.7778,0.7778,0.5455,0.5455,0.4,0.4,0.4,0.4,0.6,0.6,0.4,0.4,1,1,0,0,0,0,0.2222,0.2222,0,0,26,26,0.4,0.4,0.0,0.0,0,3,,Lung Opacity; Pleural Effusion; No Finding,28.0,28.0,0.0,Low,0.2222,0.7,0.6,0.5,0.7778,0.4,0.4,0.6,0.2222,0,29.3,Low,28.0,v2+GCRF
1521,1521_IM-0337-1001.dcm.png,False,1,0.6,0.6,0.7,0.7,0.5,0.5,0.7778,0.7778,0.5455,0.5455,0.4,0.4,0.4,0.4,0.6,0.6,0.4,0.4,1,1,0,0,0,0,0.2222,0.2222,0,0,26,26,0.4,0.4,0.0,0.0,0,3,,Lung Opacity; Pleural Effusion; No Finding,28.0,28.0,0.0,Low,0.2222,0.7,0.6,0.5,0.7778,0.4,0.4,0.6,0.2222,0,29.3,Low,28.0,v2+GCRF
1521,1521_IM-0337-1001.dcm.png,False,1,0.6,0.6,0.7,0.7,0.5,0.5,0.7778,0.7778,0.5455,0.5455,0.4,0.4,0.4,0.4,0.6,0.6,0.4,0.4,1,1,0,0,0,0,0.2222,0.2222,0,0,26,26,0.4,0.4,0.0,0.0,0,3,,Lung Opacity; Pleural Effusion; No Finding,28.0,28.0,0.0,Low,0.2222,0.7,0.6,0.5,0.7778,0.4,0.4,0.6,0.2222,0,29.3,Low,28.0,v2+GCRF
1521,1521_IM-0337-1001.dcm.png,False,1,0.6,0.6,0.7,0.7,0.5,0.5,0.7778,0.7778,0.5455,0.5455,0.4,0.4,0.4,0.4,0.6,0.6,0.4,0.4,1,1,0,0,0,0,0.2222,0.2222,0,0,26,26,0.4,0.4,0.0,0.0,0,3,,Lung Opacity; Pleural Effusion; No Finding,28.0,28.0,0.0,Low,0.2222,0.7,0.6,0.5,0.7778,0.4,0.4,0.6,0.2222,0,29.3,Low,28.0,v2+GCRF
1521,1521_IM-0337-1001.dcm.png,False,1,0.6,0.6,0.7,0.7,0.5,0.5,0.7778,0.7778,0.5455,0.5455,0.4,0.4,0.4,0.4,0.6,0.6,0.4,0.4,1,1,0,0,0,0,0.2222,0.2222,0,0,26,26,0.4,0.4,0.0,0.0,0,3,,Lung Opacity; Pleural Effusion; No Finding,28.0,28.0,0.0,Low,0.2222,0.7,0.6,0.5,0.7778,0.4,0.4,0.6,0.2222,0,29.3,Low,28.0,v2+GCRF
1521,1521_IM-0337-1001.dcm.png,False,1,0.6,0.6,0.7,0.7,0.5,0.5,0.7778,0.7778,0.5455,0.5455,0.4,0.4,0.4,0.4,0.6,0.6,0.4,0.4,1,1,0,0,0,0,0.2222,0.2222,0,0,26,26,0.4,0.4,0.0,0.0,0,3,,Lung Opacity; Pleural Effusion; No Finding,28.0,28.0,0.0,Low,0.2222,0.7,0.6,0.5,0.7778,0.4,0.4,0.6,0.2222,0,29.3,Low,28.0,v2+GCRF
1521,1521_IM-0337-1001.dcm.png,False,1,0.6,0.6,0.7,0.7,0.5,0.5,0.7778,0.7778,0.5455,0.5455,0.4,0.4,0.4,0.4,0.6,0.6,0.4,0.4,1,1,0,0,0,0,0.2222,0.2222,0,0,26,26,0.4,0.4,0.0,0.0,0,3,,Lung Opacity; Pleural Effusion; No Finding,28.0,28.0,0.0,Low,0.2222,0.7,0.6,0.5,0.7778,0.4,0.4,0.6,0.2222,0,29.3,Low,28.0,v2+GCRF
1521,1521_IM-0337-1001.dcm.png,False,1,0.6,0.6,0.7,0.7,0.5,0.5,0.7778,0.7778,0.5455,0.5455,0.4,0.4,0.4,0.4,0.6,0.6,0.4,0.4,1,1,0,0,0,0,0.2222,0.2222,0,0,26,26,0.4,0.4,0.0,0.0,0,3,,Lung Opacity; Pleural Effusion; No Finding,28.0,28.0,0.0,Low,0.2222,0.7,0.6,0.5,0.7778,0.4,0.4,0.6,0.2222,0,29.3,Low,28.0,v2+GCRF
1521,1521_IM-0337-1001.dcm.png,False,1,0.6,0.6,0.7,0.7,0.5,0.5,0.7778,0.7778,0.5455,0.5455,0.4,0.4,0.4,0.4,0.6,0.6,0.4,0.4,1,1,0,0,0,0,0.2222,0.2222,0,0,26,26,0.4,0.4,0.0,0.0,0,3,,Lung Opacity; Pleural Effusion; No Finding,28.0,28.0,0.0,Low,0.2222,0.7,0.6,0.5,0.7778,0.4,0.4,0.6,0.2222,0,29.3,Low,28.0,v2+GCRF
1521,1521_IM-0337-1001.dcm.png,False,1,0.6,0.6,0.7,0.7,0.5,0.5,0.7778,0.7778,0.5455,0.5455,0.4,0.4,0.4,0.4,0.6,0.6,0.4,0.4,1,1,0,0,0,0,0.2222,0.2222,0,0,26,26,0.4,0.4,0.0,0.0,0,3,,Lung Opacity; Pleural Effusion; No Finding,28.0,28.0,0.0,Low,0.2222,0.7,0.6,0.5,0.7778,0.4,0.4,0.6,0.2222,0,29.3,Low,28.0,v2+GCRF
1521,1521_IM-0337-1001.dcm.png,False,1,0.6,0.6,0.7,0.7,0.5,0.5,0.7778,0.7778,0.5455,0.5455,0.4,0.4,0.4,0.4,0.6,0.6,0.4,0.4,1,1,0,0,0,0,0.2222,0.2222,0,0,26,26,0.4,0.4,0.0,0.0,0,3,,Lung Opacity; Pleural Effusion; No Finding,28.0,28.0,0.0,Low,0.2222,0.7,0.6,0.5,0.7778,0.4,0.4,0.6,0.2222,0,29.3,Low,28.0,v2+GCRF
1521,1521_IM-0337-1001.dcm.png,False,1,0.6,0.6,0.7,0.7,0.5,0.5,0.7778,0.7778,0.5455,0.5455,0.4,0.4,0.4,0.4,0.6,0.6,0.4,0.4,1,1,0,0,0,0,0.2222,0.2222,0,0,26,26,0.4,0.4,0.0,0.0,0,3,,Lung Opacity; Pleural Effusion; No Finding,28.0,28.0,0.0,Low,0.2222,0.7,0.6,0.5,0.7778,0.4,0.4,0.6,0.2222,0,29.3,Low,28.0,v2+GCRF
1521,1521_IM-0337-1001.dcm.png,False,1,0.6,0.6,0.7,0.7,0.5,0.5,0.7778,0.7778,0.5455,0.5455,0.4,0.4,0.4,0.4,0.6,0.6,0.4,0.4,1,1,0,0,0,0,0.2222,0.2222,0,0,26,26,0.4,0.4,0.0,0.0,0,3,,Lung Opacity; Pleural Effusion; No Finding,28.0,28.0,0.0,Low,0.2222,0.7,0.6,0.5,0.7778,0.4,0.4,0.6,0.2222,0,29.3,Low,28.0,v2+GCRF
1521,1521_IM-0337-1001.dcm.png,False,1,0.6,0.6,0.7,0.7,0.5,0.5,0.7778,0.7778,0.5455,0.5455,0.4,0.4,0.4,0.4,0.6,0.6,0.4,0.4,1,1,0,0,0,0,0.2222,0.2222,0,0,26,26,0.4,0.4,0.0,0.0,0,3,,Lung Opacity; Pleural Effusion; No Finding,28.0,28.0,0.0,Low,0.2222,0.7,0.6,0.5,0.7778,0.4,0.4,0.6,0.2222,0,29.3,Low,28.0,v2+GCRF
1521,1521_IM-0337-1001.dcm.png,False,1,0.6,0.6,0.7,0.7,0.5,0.5,0.7778,0.7778,0.5455,0.5455,0.4,0.4,0.4,0.4,0.6,0.6,0.4,0.4,1,1,0,0,0,0,0.2222,0.2222,0,0,26,26,0.4,0.4,0.0,0.0,0,3,,Lung Opacity; Pleural Effusion; No Finding,28.0,28.0,0.0,Low,0.2222,0.7,0.6,0.5,0.7778,0.4,0.4,0.6,0.2222,0,29.3,Low,28.0,v2+GCRF
1521,1521_IM-0337-3001.dcm.png,False,1,0.6,0.6,0.7,0.7,0.5,0.5,0.7778,0.7778,0.5455,0.5455,0.4,0.4,0.4,0.4,0.6,0.6,0.4,0.4,1,1,0,0,0,0,0.2222,0.2222,0,0,26,26,0.4,0.4,0.0,0.0,0,3,,Lung Opacity; Pleural Effusion; No Finding,28.0,28.0,0.0,Low,0.2222,0.7,0.6,0.5,0.7778,0.4,0.4,0.6,0.2222,0,29.3,Low,28.0,v2+GCRF
1521,1521_IM-0337-3001.dcm.png,False,1,0.6,0.6,0.7,0.7,0.5,0.5,0.7778,0.7778,0.5455,0.5455,0.4,0.4,0.4,0.4,0.6,0.6,0.4,0.4,1,1,0,0,0,0,0.2222,0.2222,0,0,26,26,0.4,0.4,0.0,0.0,0,3,,Lung Opacity; Pleural Effusion; No Finding,28.0,28.0,0.0,Low,0.2222,0.7,0.6,0.5,0.7778,0.4,0.4,0.6,0.2222,0,29.3,Low,28.0,v2+GCRF
1521,1521_IM-0337-3001.dcm.png,False,1,0.6,0.6,0.7,0.7,0.5,0.5,0.7778,0.7778,0.5455,0.5455,0.4,0.4,0.4,0.4,0.6,0.6,0.4,0.4,1,1,0,0,0,0,0.2222,0.2222,0,0,26,26,0.4,0.4,0.0,0.0,0,3,,Lung Opacity; Pleural Effusion; No Finding,28.0,28.0,0.0,Low,0.2222,0.7,0.6,0.5,0.7778,0.4,0.4,0.6,0.2222,0,29.3,Low,28.0,v2+GCRF
1521,1521_IM-0337-3001.dcm.png,False,1,0.6,0.6,0.7,0.7,0.5,0.5,0.7778,0.7778,0.5455,0.5455,0.4,0.4,0.4,0.4,0.6,0.6,0.4,0.4,1,1,0,0,0,0,0.2222,0.2222,0,0,26,26,0.4,0.4,0.0,0.0,0,3,,Lung Opacity; Pleural Effusion; No Finding,28.0,28.0,0.0,Low,0.2222,0.7,0.6,0.5,0.7778,0.4,0.4,0.6,0.2222,0,29.3,Low,28.0,v2+GCRF
1521,1521_IM-0337-3001.dcm.png,False,1,0.6,0.6,0.7,0.7,0.5,0.5,0.7778,0.7778,0.5455,0.5455,0.4,0.4,0.4,0.4,0.6,0.6,0.4,0.4,1,1,0,0,0,0,0.2222,0.2222,0,0,26,26,0.4,0.4,0.0,0.0,0,3,,Lung Opacity; Pleural Effusion; No Finding,28.0,28.0,0.0,Low,0.2222,0.7,0.6,0.5,0.7778,0.4,0.4,0.6,0.2222,0,29.3,Low,28.0,v2+GCRF
1521,1521_IM-0337-3001.dcm.png,False,1,0.6,0.6,0.7,0.7,0.5,0.5,0.7778,0.7778,0.5455,0.5455,0.4,0.4,0.4,0.4,0.6,0.6,0.4,0.4,1,1,0,0,0,0,0.2222,0.2222,0,0,26,26,0.4,0.4,0.0,0.0,0,3,,Lung Opacity; Pleural Effusion; No Finding,28.0,28.0,0.0,Low,0.2222,0.7,0.6,0.5,0.7778,0.4,0.4,0.6,0.2222,0,29.3,Low,28.0,v2+GCRF
1521,1521_IM-0337-3001.dcm.png,False,1,0.6,0.6,0.7,0.7,0.5,0.5,0.7778,0.7778,0.5455,0.5455,0.4,0.4,0.4,0.4,0.6,0.6,0.4,0.4,1,1,0,0,0,0,0.2222,0.2222,0,0,26,26,0.4,0.4,0.0,0.0,0,3,,Lung Opacity; Pleural Effusion; No Finding,28.0,28.0,0.0,Low,0.2222,0.7,0.6,0.5,0.7778,0.4,0.4,0.6,0.2222,0,29.3,Low,28.0,v2+GCRF
1521,1521_IM-0337-3001.dcm.png,False,1,0.6,0.6,0.7,0.7,0.5,0.5,0.7778,0.7778,0.5455,0.5455,0.4,0.4,0.4,0.4,0.6,0.6,0.4,0.4,1,1,0,0,0,0,0.2222,0.2222,0,0,26,26,0.4,0.4,0.0,0.0,0,3,,Lung Opacity; Pleural Effusion; No Finding,28.0,28.0,0.0,Low,0.2222,0.7,0.6,0.5,0.7778,0.4,0.4,0.6,0.2222,0,29.3,Low,28.0,v2+GCRF
1521,1521_IM-0337-3001.dcm.png,False,1,0.6,0.6,0.7,0.7,0.5,0.5,0.7778,0.7778,0.5455,0.5455,0.4,0.4,0.4,0.4,0.6,0.6,0.4,0.4,1,1,0,0,0,0,0.2222,0.2222,0,0,26,26,0.4,0.4,0.0,0.0,0,3,,Lung Opacity; Pleural Effusion; No Finding,28.0,28.0,0.0,Low,0.2222,0.7,0.6,0.5,0.7778,0.4,0.4,0.6,0.2222,0,29.3,Low,28.0,v2+GCRF
1521,1521_IM-0337-3001.dcm.png,False,1,0.6,0.6,0.7,0.7,0.5,0.5,0.7778,0.7778,0.5455,0.5455,0.4,0.4,0.4,0.4,0.6,0.6,0.4,0.4,1,1,0,0,0,0,0.2222,0.2222,0,0,26,26,0.4,0.4,0.0,0.0,0,3,,Lung Opacity; Pleural Effusion; No Finding,28.0,28.0,0.0,Low,0.2222,0.7,0.6,0.5,0.7778,0.4,0.4,0.6,0.2222,0,29.3,Low,28.0,v2+GCRF
1521,1521_IM-0337-3001.dcm.png,False,1,0.6,0.6,0.7,0.7,0.5,0.5,0.7778,0.7778,0.5455,0.5455,0.4,0.4,0.4,0.4,0.6,0.6,0.4,0.4,1,1,0,0,0,0,0.2222,0.2222,0,0,26,26,0.4,0.4,0.0,0.0,0,3,,Lung Opacity; Pleural Effusion; No Finding,28.0,28.0,0.0,Low,0.2222,0.7,0.6,0.5,0.7778,0.4,0.4,0.6,0.2222,0,29.3,Low,28.0,v2+GCRF
1521,1521_IM-0337-3001.dcm.png,False,1,0.6,0.6,0.7,0.7,0.5,0.5,0.7778,0.7778,0.5455,0.5455,0.4,0.4,0.4,0.4,0.6,0.6,0.4,0.4,1,1,0,0,0,0,0.2222,0.2222,0,0,26,26,0.4,0.4,0.0,0.0,0,3,,Lung Opacity; Pleural Effusion; No Finding,28.0,28.0,0.0,Low,0.2222,0.7,0.6,0.5,0.7778,0.4,0.4,0.6,0.2222,0,29.3,Low,28.0,v2+GCRF
1521,1521_IM-0337-3001.dcm.png,False,1,0.6,0.6,0.7,0.7,0.5,0.5,0.7778,0.7778,0.5455,0.5455,0.4,0.4,0.4,0.4,0.6,0.6,0.4,0.4,1,1,0,0,0,0,0.2222,0.2222,0,0,26,26,0.4,0.4,0.0,0.0,0,3,,Lung Opacity; Pleural Effusion; No Finding,28.0,28.0,0.0,Low,0.2222,0.7,0.6,0.5,0.7778,0.4,0.4,0.6,0.2222,0,29.3,Low,28.0,v2+GCRF
1521,1521_IM-0337-3001.dcm.png,False,1,0.6,0.6,0.7,0.7,0.5,0.5,0.7778,0.7778,0.5455,0.5455,0.4,0.4,0.4,0.4,0.6,0.6,0.4,0.4,1,1,0,0,0,0,0.2222,0.2222,0,0,26,26,0.4,0.4,0.0,0.0,0,3,,Lung Opacity; Pleural Effusion; No Finding,28.0,28.0,0.0,Low,0.2222,0.7,0.6,0.5,0.7778,0.4,0.4,0.6,0.2222,0,29.3,Low,28.0,v2+GCRF
1521,1521_IM-0337-3001.dcm.png,False,1,0.6,0.6,0.7,0.7,0.5,0.5,0.7778,0.7778,0.5455,0.5455,0.4,0.4,0.4,0.4,0.6,0.6,0.4,0.4,1,1,0,0,0,0,0.2222,0.2222,0,0,26,26,0.4,0.4,0.0,0.0,0,3,,Lung Opacity; Pleural Effusion; No Finding,28.0,28.0,0.0,Low,0.2222,0.7,0.6,0.5,0.7778,0.4,0.4,0.6,0.2222,0,29.3,Low,28.0,v2+GCRF
1521,1521_IM-0337-3001.dcm.png,False,1,0.6,0.6,0.7,0.7,0.5,0.5,0.7778,0.7778,0.5455,0.5455,0.4,0.4,0.4,0.4,0.6,0.6,0.4,0.4,1,1,0,0,0,0,0.2222,0.2222,0,0,26,26,0.4,0.4,0.0,0.0,0,3,,Lung Opacity; Pleural Effusion; No Finding,28.0,28.0,0.0,Low,0.2222,0.7,0.6,0.5,0.7778,0.4,0.4,0.6,0.2222,0,29.3,Low,28.0,v2+GCRF
1523,1523_IM-0339-1001.dcm.png,True,2,0.4,0.6667,0.8,0.8333,0.5,0.5,0.7273,0.9091,0.4444,0.5714,0.6,0.3333,0.75,0.25,0.25,0.75,0.75,0.25,1,1,0,0,0,0,0.2222,0.2222,0,0,20,26,0.4,0.4,0.0,0.0,0,3,,Pleural Effusion; Support Devices; No Finding,47.25,20.42,-26.83,Low,0.2222,0.8333,0.6667,0.5,0.9091,0.3333,0.25,0.75,0.2222,0,20.45,Low,20.42,v2+GCRF
1528,1528_IM-0341-1001.dcm.png,False,1,0.0,0.0,0.9091,0.9091,0.0,0.0,0.7143,0.7143,0.0,0.0,1.0,1.0,0.5,0.5,0.5,0.5,0.5,0.5,1,1,0,0,0,0,0.2222,0.2222,0,0,18,18,0.0,0.0,0.0,0.0,0,2,,Support Devices; No Finding,52.5,52.5,0.0,High,0.2222,0.9091,0.0,0.0,0.7143,1.0,0.5,0.5,0.2222,0,43.87,Moderate,52.5,v2+GCRF
1532,1532_IM-0344-1001.dcm.png,False,1,0.0,0.0,1.0,1.0,0.0,0.0,0.7333,0.7333,0.0,0.0,1.0,1.0,0.5,0.5,0.5,0.5,0.5,0.5,1,1,0,0,0,0,0.2222,0.2222,0,0,18,18,0.0,0.0,0.0,0.0,0,0,,,52.5,52.5,0.0,High,0.2222,1.0,0.0,0.0,0.7333,1.0,0.5,0.5,0.2222,0,42.36,Moderate,52.5,v2+GCRF
1535,1535_IM-0346-1001.dcm.png,False,1,0.6,0.6,0.8,0.8,0.6,0.6,0.8,0.8,0.6,0.6,0.4,0.4,0.4,0.4,0.6,0.6,0.4,0.4,1,1,0,0,0,0,0.2222,0.2222,0,0,26,26,0.3333,0.3333,50.0,50.0,1,3,Consolidation,Lung Opacity; Pleural Effusion; No Finding,35.5,35.5,0.0,Moderate,0.2222,0.8,0.6,0.6,0.8,0.4,0.4,0.6,0.2222,0,35.12,Moderate,35.5,v2+GCRF
1537,1537_IM-0348-1001.dcm.png,False,1,0.5,0.5,0.8182,0.8182,0.5,0.5,0.8182,0.8182,0.5,0.5,0.5,0.5,0.5,0.5,0.5,0.5,0.5,0.5,1,1,0,0,0,0,0.2222,0.2222,0,0,18,18,0.3333,0.3333,0.0,0.0,0,4,,Lung Opacity; Pleural Effusion; Support Devices; No Finding,35.0,35.0,0.0,Moderate,0.2222,0.8182,0.5,0.5,0.8182,0.5,0.5,0.5,0.2222,0,32.4,Moderate,35.0,v2+GCRF
1544,1544_IM-0354-1001.dcm.png,True,2,0.6,0.5,1.0,0.9091,1.0,0.6667,0.8333,0.8333,0.75,0.5714,0.4,0.5,0.5,0.4,0.5,0.6,0.5,0.4,1,1,0,0,0,0,0.2222,0.2222,0,0,20,33,0.0,0.0,50.0,66.67,2,0,Pneumothorax; Pleural Effusion,,39.0,41.5,2.5,Moderate,0.2222,0.9091,0.5,0.6667,0.8333,0.5,0.4,0.6,0.2222,0,38.12,Moderate,41.5,v2+GCRF
1560,1560_IM-0366-1001.dcm.png,False,1,0.6,0.6,1.0,1.0,1.0,1.0,0.8333,0.8333,0.75,0.75,0.4,0.4,0.4,0.4,0.6,0.6,0.4,0.4,1,1,0,0,0,0,0.2222,0.2222,0,0,26,26,0.0,0.0,50.0,50.0,1,0,Pneumothorax,,35.5,35.5,0.0,Moderate,0.2222,1.0,0.6,1.0,0.8333,0.4,0.4,0.6,0.2222,0,31.86,Moderate,35.5,v2+GCRF
1563,1563_IM-0368-1001.dcm.png,False,1,0.75,0.75,0.9091,0.9091,0.75,0.75,0.9091,0.9091,0.75,0.75,0.25,0.25,0.25,0.25,0.75,0.75,0.25,0.25,1,1,0,0,0,0,0.2222,0.2222,0,0,18,18,0.0,0.0,100.0,100.0,1,1,Pneumothorax,No Finding,32.5,32.5,0.0,Moderate,0.2222,0.9091,0.75,0.75,0.9091,0.25,0.25,0.75,0.2222,0,32.31,Moderate,32.5,v2+GCRF
1564,1564_IM-0368-1001.dcm.png,False,1,0.1667,0.1667,0.5556,0.5556,0.2,0.2,0.5,0.5,0.1818,0.1818,0.8333,0.8333,0.8,0.8,0.2,0.2,0.8,0.8,1,1,0,0,0,0,0.3333,0.3333,1,1,27,27,0.0,0.0,0.0,0.0,0,5,,Edema; Pleural Effusion; Fracture; Support Devices; No Finding,57.17,57.17,0.0,High,0.3333,0.5556,0.1667,0.2,0.5,0.8333,0.8,0.2,0.3333,1,56.4,High,57.17,v2+GCRF
1567,1567_IM-0370-1001.dcm.png,False,1,0.25,0.25,0.8182,0.8182,0.3333,0.3333,0.75,0.75,0.2857,0.2857,0.75,0.75,0.25,0.25,0.75,0.75,0.25,0.25,1,1,0,0,0,0,0.2222,0.2222,0,0,18,18,0.0,0.0,0.0,0.0,0,1,,No Finding,35.0,35.0,0.0,Moderate,0.2222,0.8182,0.25,0.3333,0.75,0.75,0.25,0.75,0.2222,0,31.95,Moderate,35.0,v2+GCRF
1573,1573_IM-0374-1001.dcm.png,False,1,0.4,0.4,0.7,0.7,0.4,0.4,0.7,0.7,0.4,0.4,0.6,0.6,0.5,0.5,0.5,0.5,0.5,0.5,1,1,0,0,0,0,0.2222,0.2222,0,0,33,33,0.4,0.4,0.0,0.0,0,3,,Lung Lesion; Edema; Pleural Effusion,38.5,38.5,0.0,Moderate,0.2222,0.7,0.4,0.4,0.7,0.6,0.5,0.5,0.2222,0,37.52,Moderate,38.5,v2+GCRF
1574,1574_IM-0374-1001.dcm.png,True,2,0.4,0.6,0.9,1.0,0.6667,1.0,0.75,0.8333,0.5,0.75,0.6,0.4,0.75,0.5,0.25,0.5,0.75,0.5,1,1,0,0,0,0,0.2222,0.1111,0,0,20,30,0.0,0.6667,50.0,25.0,1,1,Pneumothorax,Support Devices,54.75,35.25,-19.5,Moderate,0.1111,1.0,0.6,1.0,0.8333,0.4,0.5,0.5,0.1111,0,29.79,Low,35.25,v2+GCRF
1582,1582_IM-0378-1001.dcm.png,False,1,0.0,0.0,1.0,1.0,0.0,0.0,0.6667,0.6667,0.0,0.0,1.0,1.0,0.5,0.5,0.5,0.5,0.5,0.5,1,1,0,0,0,0,0.2222,0.2222,0,0,33,33,0.0,0.0,0.0,0.0,0,0,,,52.5,52.5,0.0,High,0.2222,1.0,0.0,0.0,0.6667,1.0,0.5,0.5,0.2222,0,42.89,Moderate,52.5,v2+GCRF
1584,1584_IM-0379-1001.dcm.png,False,1,0.8,0.8,1.0,1.0,1.0,1.0,0.9091,0.9091,0.8889,0.8889,0.2,0.2,0.2,0.2,0.8,0.8,0.2,0.2,1,1,0,0,0,0,0.2222,0.2222,0,0,26,26,0.8,0.8,0.0,0.0,0,1,,Pleural Effusion,14.0,14.0,0.0,Hallucination-Free,0.2222,1.0,0.8,1.0,0.9091,0.2,0.2,0.8,0.2222,0,13.35,Hallucination-Free,14.0,v2+GCRF
1587,1587_IM-0381-1002001.dcm.png,False,1,0.0,0.0,1.0,1.0,0.0,0.0,0.6667,0.6667,0.0,0.0,1.0,1.0,0.5,0.5,0.5,0.5,0.5,0.5,1,1,0,0,0,0,0.2222,0.2222,0,0,47,47,1.0,1.0,0.0,0.0,0,0,,,52.5,52.5,0.0,High,0.2222,1.0,0.0,0.0,0.6667,1.0,0.5,0.5,0.2222,0,42.89,Moderate,52.5,v2+GCRF
1595,1595_IM-0386-2001.dcm.png,False,1,0.0,0.0,0.8,0.8,0.0,0.0,0.6154,0.6154,0.0,0.0,1.0,1.0,0.6,0.6,0.4,0.4,0.6,0.6,1,1,0,0,0,0,0.2222,0.2222,0,0,26,26,0.0,0.0,0.0,0.0,0,1,,Lung Opacity,56.0,56.0,0.0,High,0.2222,0.8,0.0,0.0,0.6154,1.0,0.6,0.4,0.2222,0,49.1,Moderate,56.0,v2+GCRF
1596,1596_IM-0387-1001.dcm.png,False,1,0.6,0.6,1.0,1.0,1.0,1.0,0.8333,0.8333,0.75,0.75,0.4,0.4,0.4,0.4,0.6,0.6,0.4,0.4,1,1,0,0,0,0,0.2222,0.2222,0,0,26,26,0.0,0.0,50.0,50.0,1,0,Pneumothorax,,35.5,35.5,0.0,Moderate,0.2222,1.0,0.6,1.0,0.8333,0.4,0.4,0.6,0.2222,0,31.86,Moderate,35.5,v2+GCRF
1608,1608_IM-0394-1001.dcm.png,False,1,0.4,0.4,0.7,0.7,0.4,0.4,0.7,0.7,0.4,0.4,0.6,0.6,0.5,0.5,0.5,0.5,0.5,0.5,1,1,0,0,0,0,0.2222,0.2222,0,0,33,33,0.3333,0.3333,0.0,0.0,0,4,,Lung Opacity; Pleural Effusion; Support Devices; No Finding,38.5,38.5,0.0,Moderate,0.2222,0.7,0.4,0.4,0.7,0.6,0.5,0.5,0.2222,0,37.52,Moderate,38.5,v2+GCRF
1609,1609_IM-0394-1001.dcm.png,False,1,0.8,0.8,0.9,0.9,0.8,0.8,0.9,0.9,0.8,0.8,0.2,0.2,0.2,0.2,0.8,0.8,0.2,0.2,1,1,0,0,0,0,0.2222,0.2222,0,0,26,26,0.6667,0.6667,0.0,0.0,0,2,,Atelectasis; Pleural Effusion,14.0,14.0,0.0,Hallucination-Free,0.2222,0.9,0.8,0.8,0.9,0.2,0.2,0.8,0.2222,0,14.92,Hallucination-Free,14.0,v2+GCRF
1610,1610_IM-0395-2001.dcm.png,False,1,0.0,0.0,1.0,1.0,0.0,0.0,0.7333,0.7333,0.0,0.0,1.0,1.0,0.5,0.5,0.5,0.5,0.5,0.5,1,1,0,0,0,0,0.2222,0.2222,0,0,18,18,0.0,0.0,0.0,0.0,0,0,,,52.5,52.5,0.0,High,0.2222,1.0,0.0,0.0,0.7333,1.0,0.5,0.5,0.2222,0,42.36,Moderate,52.5,v2+GCRF
1620,1620_IM-0402-1001.dcm.png,False,1,0.6,0.6,0.9,0.9,0.75,0.75,0.8182,0.8182,0.6667,0.6667,0.4,0.4,0.4,0.4,0.6,0.6,0.4,0.4,1,1,0,0,0,0,0.2222,0.2222,0,0,26,26,0.3333,0.3333,50.0,50.0,1,3,Pneumothorax,Pleural Effusion; Support Devices; No Finding,35.5,35.5,0.0,Moderate,0.2222,0.9,0.6,0.75,0.8182,0.4,0.4,0.6,0.2222,0,33.48,Moderate,35.5,v2+GCRF
1622,1622_IM-0404-1001.dcm.png,True,2,0.6,0.6667,0.9,0.8333,0.75,0.5,0.8182,0.9091,0.6667,0.5714,0.4,0.3333,0.5,0.25,0.5,0.75,0.5,0.25,1,1,0,0,0,0,0.2222,0.2222,0,0,20,26,0.3333,0.3333,0.0,0.0,0,4,,Lung Opacity; Pleural Effusion; Support Devices; No Finding,31.5,20.42,-11.08,Low,0.2222,0.8333,0.6667,0.5,0.9091,0.3333,0.25,0.75,0.2222,0,20.45,Low,20.42,v2+GCRF
1648,1648_IM-0425-0001-0001.dcm.png,False,1,0.0,0.0,0.7273,0.7273,0.0,0.0,0.6667,0.6667,0.0,0.0,1.0,1.0,0.5,0.5,0.5,0.5,0.5,0.5,1,1,0,0,0,0,0.2222,0.2222,0,0,18,18,0.0,0.0,0.0,0.0,0,3,,Lung Lesion; Consolidation; No Finding,52.5,52.5,0.0,High,0.2222,0.7273,0.0,0.0,0.6667,1.0,0.5,0.5,0.2222,0,46.98,Moderate,52.5,v2+GCRF
1652,1652_IM-0428-1001.dcm.png,False,1,0.5,0.5,0.9091,0.9091,0.6667,0.6667,0.8333,0.8333,0.5714,0.5714,0.5,0.5,0.5,0.5,0.5,0.5,0.5,0.5,1,1,0,0,0,0,0.2222,0.2222,0,0,18,18,0.0,0.0,100.0,100.0,1,2,Pneumothorax,Pleural Effusion; No Finding,50.0,50.0,0.0,High,0.2222,0.9091,0.5,0.6667,0.8333,0.5,0.5,0.5,0.2222,0,45.92,Moderate,50.0,v2+GCRF
1655,1655_IM-0431-1001.dcm.png,True,2,0.6,0.75,1.0,1.0,1.0,1.0,0.8333,0.9167,0.75,0.8571,0.4,0.25,0.5,0.25,0.5,0.75,0.5,0.25,1,1,0,0,0,0,0.2222,0.2222,0,0,20,26,0.4,0.4,50.0,50.0,1,2,Pneumothorax,Consolidation; Support Devices,39.0,25.0,-14.0,Low,0.2222,1.0,0.75,1.0,0.9167,0.25,0.25,0.75,0.2222,0,23.39,Low,25.0,v2+GCRF
1657,1657_IM-0432-2002.dcm.png,True,2,0.2,0.0,0.9,0.8333,0.5,0.0,0.6923,0.7692,0.2857,0.0,0.8,1.0,0.5,0.25,0.5,0.75,0.5,0.25,1,1,0,0,0,0,0.2222,0.2222,0,0,20,26,0.0,0.0,0.0,0.0,0,1,,No Finding,45.5,43.75,-1.75,Moderate,0.2222,0.8333,0.0,0.0,0.7692,1.0,0.25,0.75,0.2222,0,37.57,Moderate,43.75,v2+GCRF
1662,1662_IM-0438-1001.dcm.png,False,1,0.6667,0.6667,0.8889,0.8889,0.8,0.8,0.8,0.8,0.7273,0.7273,0.3333,0.3333,0.3333,0.3333,0.6667,0.6667,0.3333,0.3333,1,1,0,0,0,0,0.2222,0.2222,0,0,49,49,1.0,1.0,0.0,0.0,0,0,,,23.33,23.33,0.0,Low,0.2222,0.8889,0.6667,0.8,0.8,0.3333,0.3333,0.6667,0.2222,0,22.82,Low,23.33,v2+GCRF
1669,1669_IM-0441-1001.dcm.png,False,1,0.4,0.4,0.9,0.9,0.6667,0.6667,0.75,0.75,0.5,0.5,0.6,0.6,0.5,0.5,0.5,0.5,0.5,0.5,1,1,0,0,0,0,0.2222,0.2222,0,0,33,33,0.0,0.0,50.0,50.0,1,2,Pneumothorax,Pleural Effusion; Support Devices,46.0,46.0,0.0,Moderate,0.2222,0.9,0.4,0.6667,0.75,0.6,0.5,0.5,0.2222,0,41.62,Moderate,46.0,v2+GCRF
1670,1670_IM-0441-1001.dcm.png,False,1,0.0,0.0,1.0,1.0,0.0,0.0,0.7333,0.7333,0.0,0.0,1.0,1.0,0.5,0.5,0.5,0.5,0.5,0.5,1,1,0,0,1,1,0.1111,0.1111,0,0,32,32,0.0,0.0,0.0,0.0,0,0,,,57.5,57.5,0.0,High,0.1111,1.0,0.0,0.0,0.7333,1.0,0.5,0.5,0.1111,0,41.24,Moderate,57.5,v2+GCRF
1673,1673_IM-0444-1001.dcm.png,False,1,1.0,1.0,0.9,0.9,0.8333,0.8333,1.0,1.0,0.9091,0.9091,0.0,0.0,0.0,0.0,1.0,1.0,0.0,0.0,0,0,0,0,0,0,0.2222,0.2222,0,0,33,33,0.4,0.4,50.0,50.0,1,2,Pneumothorax,Support Devices; No Finding,7.5,7.5,0.0,Hallucination-Free,0.2222,0.9,1.0,0.8333,1.0,0.0,0.0,1.0,0.2222,0,11.22,Hallucination-Free,7.5,v2+GCRF
1679,1679_IM-0448-1001.dcm.png,True,2,0.4,0.6667,0.7,0.75,0.4,0.4,0.7,0.9,0.4,0.5,0.6,0.3333,0.75,0.2,0.25,0.8,0.75,0.2,1,1,0,0,0,0,0.2222,0.2222,0,0,20,34,0.4,0.4,0.0,0.0,0,3,,Lung Lesion; Edema; Pleural Effusion,47.25,18.67,-28.58,Low,0.2222,0.75,0.6667,0.4,0.9,0.3333,0.2,0.8,0.2222,0,20.37,Low,18.67,v2+GCRF
1686,1686_IM-0450-1001.dcm.png,False,1,0.0,0.0,1.0,1.0,0.0,0.0,0.6667,0.6667,0.0,0.0,1.0,1.0,0.6,0.6,0.4,0.4,0.6,0.6,1,1,0,0,0,0,0.2222,0.2222,0,0,26,26,0.0,0.0,0.0,0.0,0,0,,,56.0,56.0,0.0,High,0.2222,1.0,0.0,0.0,0.6667,1.0,0.6,0.4,0.2222,0,45.69,Moderate,56.0,v2+GCRF
1688,1688_IM-0450-1001.dcm.png,False,1,0.6,0.6,0.9,0.9,0.75,0.75,0.8182,0.8182,0.6667,0.6667,0.4,0.4,0.3333,0.3333,0.6667,0.6667,0.3333,0.3333,1,1,0,0,0,0,0.2222,0.2222,0,0,32,32,0.5,0.5,0.0,0.0,0,2,,Pleural Effusion; No Finding,25.67,25.67,0.0,Low,0.2222,0.9,0.6,0.75,0.8182,0.4,0.3333,0.6667,0.2222,0,24.11,Low,25.67,v2+GCRF
1691,1691_IM-0453-4001.dcm.png,False,1,0.375,0.375,0.8571,0.8571,0.75,0.75,0.5455,0.5455,0.5,0.5,0.625,0.625,0.75,0.75,0.25,0.25,0.75,0.75,1,1,0,0,0,0,0.2222,0.2222,0,0,29,29,0.5714,0.5714,0.0,0.0,0,3,,Pleural Effusion; Fracture; Support Devices,48.12,48.12,0.0,Moderate,0.2222,0.8571,0.375,0.75,0.5455,0.625,0.75,0.25,0.2222,0,44.0,Moderate,48.12,v2+GCRF
1694,1694_IM-0455-1001.dcm.png,False,1,0.0,0.0,1.0,1.0,0.0,0.0,0.6667,0.6667,0.0,0.0,1.0,1.0,0.5,0.5,0.5,0.5,0.5,0.5,1,1,0,0,0,0,0.3333,0.3333,1,1,41,41,0.0,0.0,0.0,0.0,0,0,,,52.5,52.5,0.0,High,0.3333,1.0,0.0,0.0,0.6667,1.0,0.5,0.5,0.3333,1,44.0,Moderate,52.5,v2+GCRF
1707,1707_IM-0466-1001.dcm.png,True,2,0.4,0.2,1.0,0.9,1.0,0.5,0.7692,0.6923,0.5714,0.2857,0.6,0.8,0.75,0.8,0.25,0.2,0.75,0.8,1,1,0,0,0,0,0.2222,0.1111,0,0,20,34,0.0,0.0,0.0,25.0,1,1,Pleural Effusion,Support Devices,47.25,59.75,12.5,High,0.1111,0.9,0.2,0.5,0.6923,0.8,0.8,0.2,0.1111,0,50.42,High,59.75,v2+GCRF
1708,1708_IM-0466-1001.dcm.png,False,1,0.8,0.8,0.8,0.8,0.6667,0.6667,0.8889,0.8889,0.7273,0.7273,0.2,0.2,0.2,0.2,0.8,0.8,0.2,0.2,1,1,0,0,0,0,0.2222,0.2222,0,0,26,26,0.3333,0.3333,50.0,50.0,1,3,Pneumothorax,Fracture; Support Devices; No Finding,21.5,21.5,0.0,Low,0.2222,0.8,0.8,0.6667,0.8889,0.2,0.2,0.8,0.2222,0,24.01,Low,21.5,v2+GCRF
1710,1710_IM-0469-1001.dcm.png,False,1,0.75,0.75,1.0,1.0,1.0,1.0,0.9167,0.9167,0.8571,0.8571,0.25,0.25,0.25,0.25,0.75,0.75,0.25,0.25,1,1,0,0,0,0,0.2222,0.2222,0,0,18,18,0.0,0.0,100.0,100.0,1,1,Pneumothorax,Pleural Effusion,32.5,32.5,0.0,Moderate,0.2222,1.0,0.75,1.0,0.9167,0.25,0.25,0.75,0.2222,0,30.89,Moderate,32.5,v2+GCRF
1720,1720_IM-0475-4004.dcm.png,True,2,0.4,0.5,0.8,0.8182,0.5,0.5,0.7273,0.8182,0.4444,0.5,0.6,0.5,0.6,0.5,0.4,0.5,0.6,0.5,1,1,0,0,0,0,0.2222,0.2222,0,0,28,26,0.0,0.4,50.0,50.0,1,2,Pneumothorax,Lung Opacity; Atelectasis,49.5,42.5,-7.0,Moderate,0.2222,0.8182,0.5,0.5,0.8182,0.5,0.5,0.5,0.2222,0,39.9,Moderate,42.5,v2+GCRF
1726,1726_IM-0479-1001.dcm.png,False,1,0.0,0.0,1.0,1.0,0.0,0.0,0.6667,0.6667,0.0,0.0,1.0,1.0,0.6,0.6,0.4,0.4,0.6,0.6,1,1,0,0,0,0,0.2222,0.2222,0,0,26,26,0.0,0.0,0.0,0.0,0,0,,,56.0,56.0,0.0,High,0.2222,1.0,0.0,0.0,0.6667,1.0,0.6,0.4,0.2222,0,45.69,Moderate,56.0,v2+GCRF
1727,1727_IM-0479-1001.dcm.png,False,1,0.1429,0.1429,0.875,0.875,0.5,0.5,0.5385,0.5385,0.2222,0.2222,0.8571,0.8571,0.7143,0.7143,0.2857,0.2857,0.7143,0.7143,1,1,0,0,0,0,0.3333,0.3333,1,1,45,45,0.5,0.5,0.0,0.0,0,2,,Lung Opacity; Support Devices,55.0,55.0,0.0,High,0.3333,0.875,0.1429,0.5,0.5385,0.8571,0.7143,0.2857,0.3333,1,49.47,Moderate,55.0,v2+GCRF
1731,1731_IM-0481-2001.dcm.png,False,1,0.5,0.5,0.8182,0.8182,0.5,0.5,0.8182,0.8182,0.5,0.5,0.5,0.5,0.5,0.5,0.5,0.5,0.5,0.5,1,1,0,0,0,0,0.2222,0.2222,0,0,18,18,0.3333,0.3333,0.0,0.0,0,4,,Consolidation; Pleural Effusion; Support Devices; No Finding,35.0,35.0,0.0,Moderate,0.2222,0.8182,0.5,0.5,0.8182,0.5,0.5,0.5,0.2222,0,32.4,Moderate,35.0,v2+GCRF
1739,1739_IM-0487-1001.dcm.png,False,1,0.4,0.4,0.7,0.7,0.4,0.4,0.7,0.7,0.4,0.4,0.6,0.6,0.6,0.6,0.4,0.4,0.6,0.6,1,1,0,0,0,0,0.2222,0.2222,0,0,26,26,0.0,0.0,50.0,50.0,1,4,Pneumothorax,Atelectasis; Pleural Effusion; Support Devices; No Finding,49.5,49.5,0.0,Moderate,0.2222,0.7,0.4,0.4,0.7,0.6,0.6,0.4,0.2222,0,47.82,Moderate,49.5,v2+GCRF
1759,1759_IM-0495-1001.dcm.png,False,1,0.8,0.8,0.9,0.9,0.8,0.8,0.9,0.9,0.8,0.8,0.2,0.2,0.1667,0.1667,0.8333,0.8333,0.1667,0.1667,1,1,0,0,0,0,0.2222,0.2222,0,0,33,33,0.6667,0.6667,0.0,0.0,0,1,,Lung Opacity,12.83,12.83,0.0,Hallucination-Free,0.2222,0.9,0.8,0.8,0.9,0.2,0.1667,0.8333,0.2222,0,13.99,Hallucination-Free,12.83,v2+GCRF
1769,1769_IM-0503-1001.dcm.png,False,1,0.2,0.2,0.8,0.8,0.3333,0.3333,0.6667,0.6667,0.25,0.25,0.8,0.8,0.75,0.75,0.25,0.25,0.75,0.75,1,1,0,0,0,0,0.1111,0.1111,0,0,26,26,0.5,0.5,0.0,0.0,0,2,,Consolidation; Atelectasis,54.25,54.25,0.0,High,0.1111,0.8,0.2,0.3333,0.6667,0.8,0.75,0.25,0.1111,0,46.98,Moderate,54.25,v2+GCRF
1777,1777_IM-0509-1001.dcm.png,False,1,0.2857,0.2857,1.0,1.0,1.0,1.0,0.6154,0.6154,0.4444,0.4444,0.7143,0.7143,0.7143,0.7143,0.2857,0.2857,0.7143,0.7143,1,1,0,0,0,0,0.2222,0.2222,0,0,57,57,0.0,0.0,25.0,25.0,1,2,Pneumothorax,Pleural Effusion; Support Devices,53.75,53.75,0.0,High,0.2222,1.0,0.2857,1.0,0.6154,0.7143,0.7143,0.2857,0.2222,0,46.19,Moderate,53.75,v2+GCRF
1800,1800_IM-0520-1001.dcm.png,False,1,0.25,0.25,0.8182,0.8182,0.3333,0.3333,0.75,0.75,0.2857,0.2857,0.75,0.75,0.5,0.5,0.5,0.5,0.5,0.5,1,1,0,0,0,0,0.2222,0.2222,0,0,18,18,0.4,0.4,0.0,0.0,0,3,,Pleural Effusion; Support Devices; No Finding,43.75,43.75,0.0,Moderate,0.2222,0.8182,0.25,0.3333,0.75,0.75,0.5,0.5,0.2222,0,38.95,Moderate,43.75,v2+GCRF
1847,1847_IM-0550-1001.dcm.png,False,1,0.4,0.4,0.8,0.8,0.5,0.5,0.7273,0.7273,0.4444,0.4444,0.6,0.6,0.6,0.6,0.4,0.4,0.6,0.6,1,1,0,0,0,0,0.2222,0.2222,0,0,29,29,0.3333,0.3333,0.0,0.0,0,4,,Lung Opacity; Pleural Effusion; Support Devices; No Finding,42.0,42.0,0.0,Moderate,0.2222,0.8,0.4,0.5,0.7273,0.6,0.6,0.4,0.2222,0,38.6,Moderate,42.0,v2+GCRF
1854,1854_IM-0555-1001.dcm.png,False,1,0.6,0.6,0.9,0.9,0.75,0.75,0.8182,0.8182,0.6667,0.6667,0.4,0.4,0.4,0.4,0.6,0.6,0.4,0.4,1,1,0,0,0,0,0.2222,0.2222,0,0,26,26,0.3333,0.3333,50.0,50.0,1,3,Consolidation,Pleural Effusion; Fracture; Support Devices,35.5,35.5,0.0,Moderate,0.2222,0.9,0.6,0.75,0.8182,0.4,0.4,0.6,0.2222,0,33.48,Moderate,35.5,v2+GCRF
1856,1856_IM-0556-1001.dcm.png,True,2,0.4,0.6667,0.9,0.9167,0.6667,0.6667,0.75,0.9167,0.5,0.6667,0.6,0.3333,0.75,0.25,0.25,0.75,0.75,0.25,1,1,0,0,0,0,0.2222,0.2222,0,0,20,26,0.0,0.0,50.0,100.0,1,3,Pneumothorax,Pleural Effusion; Support Devices; No Finding,54.75,35.42,-19.33,Moderate,0.2222,0.9167,0.6667,0.6667,0.9167,0.3333,0.25,0.75,0.2222,0,34.14,Moderate,35.42,v2+GCRF
1857,1857_IM-0556-4004.dcm.png,False,1,0.5,0.5,0.8182,0.8182,0.5,0.5,0.8182,0.8182,0.5,0.5,0.5,0.5,0.5,0.5,0.5,0.5,0.5,0.5,1,1,0,0,0,0,0.3333,0.3333,1,1,21,21,0.0,0.0,100.0,100.0,1,3,Pneumothorax,Cardiomegaly; Pleural Effusion; No Finding,50.0,50.0,0.0,High,0.3333,0.8182,0.5,0.5,0.8182,0.5,0.5,0.5,0.3333,1,48.51,Moderate,50.0,v2+GCRF
1865,1865_IM-0558-2001.dcm.png,False,1,0.8,0.8,1.0,1.0,1.0,1.0,0.9091,0.9091,0.8889,0.8889,0.2,0.2,0.1667,0.1667,0.8333,0.8333,0.1667,0.1667,1,1,0,0,0,0,0.2222,0.2222,0,0,33,33,1.0,1.0,0.0,0.0,0,0,,,12.83,12.83,0.0,Hallucination-Free,0.2222,1.0,0.8,1.0,0.9091,0.2,0.1667,0.8333,0.2222,0,12.42,Hallucination-Free,12.83,v2+GCRF
1867,1867_IM-0560-4004.dcm.png,False,1,0.0,0.0,0.8182,0.8182,0.0,0.0,0.6923,0.6923,0.0,0.0,1.0,1.0,0.4,0.4,0.6,0.6,0.4,0.4,1,1,0,0,0,0,0.2222,0.2222,0,0,33,33,0.0,0.0,0.0,0.0,0,2,,Cardiomegaly; Fracture,49.0,49.0,0.0,Moderate,0.2222,0.8182,0.0,0.0,0.6923,1.0,0.4,0.6,0.2222,0,42.61,Moderate,49.0,v2+GCRF
1877,1877_IM-0568-1001.dcm.png,True,2,0.4,0.6667,0.7,0.75,0.4,0.4,0.7,0.9,0.4,0.5,0.6,0.3333,0.75,0.25,0.25,0.75,0.75,0.25,1,1,0,0,0,0,0.2222,0.2222,0,0,20,26,0.4,0.4,0.0,0.0,0,3,,Lung Lesion; Edema; Pleural Effusion,47.25,20.42,-26.83,Low,0.2222,0.75,0.6667,0.4,0.9,0.3333,0.25,0.75,0.2222,0,21.77,Low,20.42,v2+GCRF
1879,1879_IM-0569-1001.dcm.png,True,2,0.6,0.6667,0.9,0.8333,0.75,0.5,0.8182,0.9091,0.6667,0.5714,0.4,0.3333,0.5,0.25,0.5,0.75,0.5,0.25,1,1,0,0,0,0,0.2222,0.2222,0,0,20,26,0.0,0.0,50.0,100.0,1,4,Pneumothorax,Lung Opacity; Lung Lesion; Pleural Effusion; No Finding,39.0,35.42,-3.58,Moderate,0.2222,0.8333,0.6667,0.5,0.9091,0.3333,0.25,0.75,0.2222,0,35.45,Moderate,35.42,v2+GCRF
1880,1880_IM-0569-1001.dcm.png,False,1,0.6,0.6,0.7,0.7,0.5,0.5,0.7778,0.7778,0.5455,0.5455,0.4,0.4,0.4,0.4,0.6,0.6,0.4,0.4,1,1,0,0,0,0,0.2222,0.2222,0,0,26,26,0.3333,0.3333,0.0,0.0,0,4,,Lung Opacity; Lung Lesion; Pneumonia; No Finding,28.0,28.0,0.0,Low,0.2222,0.7,0.6,0.5,0.7778,0.4,0.4,0.6,0.2222,0,29.3,Low,28.0,v2+GCRF
1881,1881_IM-0570-3001.dcm.png,False,1,0.6,0.6,1.0,1.0,1.0,1.0,0.8333,0.8333,0.75,0.75,0.4,0.4,0.4,0.4,0.6,0.6,0.4,0.4,1,1,0,0,0,0,0.2222,0.2222,0,0,26,26,0.4,0.4,50.0,50.0,1,2,Consolidation,Pleural Effusion; Support Devices,35.5,35.5,0.0,Moderate,0.2222,1.0,0.6,1.0,0.8333,0.4,0.4,0.6,0.2222,0,31.86,Moderate,35.5,v2+GCRF
1883,1883_IM-0572-1001.dcm.png,False,1,0.4,0.4,1.0,1.0,1.0,1.0,0.7692,0.7692,0.5714,0.5714,0.6,0.6,0.6,0.6,0.4,0.4,0.6,0.6,1,1,0,0,0,0,0.2222,0.2222,0,0,26,26,0.0,0.0,0.0,0.0,0,1,,Support Devices,42.0,42.0,0.0,Moderate,0.2222,1.0,0.4,1.0,0.7692,0.6,0.6,0.4,0.2222,0,35.27,Moderate,42.0,v2+GCRF
1884,1884_IM-0573-1001.dcm.png,True,2,0.8,0.75,0.9,0.8182,0.8,0.6,0.9,0.9,0.8,0.6667,0.2,0.25,0.25,0.25,0.75,0.75,0.25,0.25,1,1,0,0,0,0,0.2222,0.2222,0,0,20,26,0.5,0.4,0.0,50.0,1,2,Pleural Effusion,Lung Opacity; No Finding,15.75,25.0,9.25,Low,0.2222,0.8182,0.75,0.6,0.9,0.25,0.25,0.75,0.2222,0,26.25,Low,25.0,v2+GCRF
1885,1885_IM-0574-1001.dcm.png,True,2,0.8,1.0,0.9,0.9091,0.8,0.8,0.9,1.0,0.8,0.8889,0.2,0.0,0.25,0.0,0.75,1.0,0.25,0.0,1,0,0,0,0,0,0.2222,0.2222,0,0,20,26,0.6667,0.6667,0.0,0.0,0,2,,Consolidation; No Finding,15.75,0.0,-15.75,Hallucination-Free,0.2222,0.9091,1.0,0.8,1.0,0.0,0.0,1.0,0.2222,0,3.59,Hallucination-Free,0.0,v2+GCRF
1887,1887_IM-0575-1001.dcm.png,False,1,0.6,0.6,1.0,1.0,1.0,1.0,0.8333,0.8333,0.75,0.75,0.4,0.4,0.3333,0.3333,0.6667,0.6667,0.3333,0.3333,1,1,0,0,0,0,0.2222,0.2222,0,0,33,33,1.0,1.0,0.0,0.0,0,0,,,25.67,25.67,0.0,Low,0.2222,1.0,0.6,1.0,0.8333,0.4,0.3333,0.6667,0.2222,0,22.49,Low,25.67,v2+GCRF
1894,1894_IM-0581-1001.dcm.png,True,2,0.8,1.0,0.8,0.75,0.6667,0.5,0.8889,1.0,0.7273,0.6667,0.2,0.0,0.25,0.0,0.75,1.0,0.25,0.0,1,0,0,0,0,0,0.2222,0.2222,0,0,20,26,0.5,0.5,0.0,0.0,0,2,,Lung Opacity; No Finding,15.75,0.0,-15.75,Hallucination-Free,0.2222,0.75,1.0,0.5,1.0,0.0,0.0,1.0,0.2222,0,5.97,Hallucination-Free,0.0,v2+GCRF
1898,1898_IM-0581-1001.dcm.png,False,1,0.6667,0.6667,0.8889,0.8889,0.8,0.8,0.8,0.8,0.7273,0.7273,0.3333,0.3333,0.4,0.4,0.6,0.6,0.4,0.4,1,1,0,0,0,0,0.3333,0.3333,1,1,30,30,0.3333,0.3333,0.0,0.0,0,4,,Lung Opacity; Edema; Support Devices; No Finding,25.67,25.67,0.0,Low,0.3333,0.8889,0.6667,0.8,0.8,0.3333,0.4,0.6,0.3333,1,25.8,Low,25.67,v2+GCRF
1899,1899_IM-0582-1001.dcm.png,False,1,0.6,0.6,0.9,0.9,0.75,0.75,0.8182,0.8182,0.6667,0.6667,0.4,0.4,0.3333,0.3333,0.6667,0.6667,0.3333,0.3333,1,1,0,0,0,0,0.2222,0.2222,0,0,32,32,0.5714,0.5714,0.0,0.0,0,3,,Pleural Effusion; Support Devices; No Finding,25.67,25.67,0.0,Low,0.2222,0.9,0.6,0.75,0.8182,0.4,0.3333,0.6667,0.2222,0,24.11,Low,25.67,v2+GCRF
1902,1902_IM-0586-1001.dcm.png,False,1,0.5,0.5,0.8182,0.8182,0.5,0.5,0.8182,0.8182,0.5,0.5,0.5,0.5,0.5,0.5,0.5,0.5,0.5,0.5,1,1,0,0,0,0,0.2222,0.2222,0,0,18,18,0.0,0.0,100.0,100.0,1,3,Pneumothorax,Edema; Consolidation; Pleural Effusion,50.0,50.0,0.0,High,0.2222,0.8182,0.5,0.5,0.8182,0.5,0.5,0.5,0.2222,0,47.4,Moderate,50.0,v2+GCRF
1903,1903_IM-0586-1001.dcm.png,False,1,0.2,0.2,1.0,1.0,1.0,1.0,0.7143,0.7143,0.3333,0.3333,0.8,0.8,0.3333,0.3333,0.6667,0.6667,0.3333,0.3333,1,1,0,0,0,0,0.2222,0.2222,0,0,33,33,0.0,0.0,0.0,0.0,0,0,,,39.67,39.67,0.0,Moderate,0.2222,1.0,0.2,1.0,0.7143,0.8,0.3333,0.6667,0.2222,0,33.04,Moderate,39.67,v2+GCRF
1905,1905_IM-0587-1001.dcm.png,False,1,0.2857,0.2857,0.875,0.875,0.6667,0.6667,0.5833,0.5833,0.4,0.4,0.7143,0.7143,0.6667,0.6667,0.3333,0.3333,0.6667,0.6667,1,1,0,0,0,0,0.3333,0.3333,1,1,32,32,0.0,0.0,0.0,0.0,0,3,,Edema; Consolidation; Pleural Effusion,48.34,48.34,0.0,Moderate,0.3333,0.875,0.2857,0.6667,0.5833,0.7143,0.6667,0.3333,0.3333,1,44.35,Moderate,48.34,v2+GCRF
1909,1909_IM-0590-1001.dcm.png,False,1,0.3333,0.3333,0.8889,0.8889,0.6667,0.6667,0.6667,0.6667,0.4444,0.4444,0.6667,0.6667,0.4,0.4,0.6,0.6,0.4,0.4,1,1,0,0,0,0,0.3333,0.3333,1,1,27,27,0.4,0.4,0.0,0.0,0,3,,Lung Opacity; Consolidation; Support Devices,37.33,37.33,0.0,Moderate,0.3333,0.8889,0.3333,0.6667,0.6667,0.6667,0.4,0.6,0.3333,1,34.87,Moderate,37.33,v2+GCRF
1911,1911_IM-0593-1001.dcm.png,False,1,0.5,0.5,0.9091,0.9091,0.6667,0.6667,0.8333,0.8333,0.5714,0.5714,0.5,0.5,0.5,0.5,0.5,0.5,0.5,0.5,1,1,0,0,0,0,0.2222,0.2222,0,0,18,18,0.5,0.5,0.0,0.0,0,2,,Pleural Effusion; No Finding,35.0,35.0,0.0,Moderate,0.2222,0.9091,0.5,0.6667,0.8333,0.5,0.5,0.5,0.2222,0,30.92,Moderate,35.0,v2+GCRF
1914,1914_IM-0595-1001.dcm.png,False,1,0.75,0.75,0.9091,0.9091,0.75,0.75,0.9091,0.9091,0.75,0.75,0.25,0.25,0.25,0.25,0.75,0.75,0.25,0.25,1,1,0,0,0,0,0.2222,0.2222,0,0,18,18,0.0,0.0,100.0,100.0,1,1,Pneumothorax,No Finding,32.5,32.5,0.0,Moderate,0.2222,0.9091,0.75,0.75,0.9091,0.25,0.25,0.75,0.2222,0,32.31,Moderate,32.5,v2+GCRF
1920,1920_IM-0598-1001.dcm.png,False,1,0.6,0.6,0.9,0.9,0.75,0.75,0.8182,0.8182,0.6667,0.6667,0.4,0.4,0.4,0.4,0.6,0.6,0.4,0.4,1,1,0,0,0,0,0.2222,0.2222,0,0,26,26,0.4,0.4,0.0,0.0,0,3,,Pleural Effusion; Support Devices; No Finding,28.0,28.0,0.0,Low,0.2222,0.9,0.6,0.75,0.8182,0.4,0.4,0.6,0.2222,0,25.98,Low,28.0,v2+GCRF
1923,1923_IM-0598-1001.dcm.png,True,2,0.6,0.75,0.8,0.8182,0.6,0.6,0.8,0.9,0.6,0.6667,0.4,0.25,0.5,0.25,0.5,0.75,0.5,0.25,1,1,0,0,0,0,0.2222,0.2222,0,0,20,26,0.5714,0.5714,0.0,0.0,0,3,,Cardiomegaly; Consolidation; No Finding,31.5,17.5,-14.0,Low,0.2222,0.8182,0.75,0.6,0.9,0.25,0.25,0.75,0.2222,0,18.75,Low,17.5,v2+GCRF
1928,1928_IM-0600-1001.dcm.png,True,2,0.0,0.0,0.9,0.9091,0.0,0.0,0.6429,0.7143,0.0,0.0,1.0,1.0,0.75,0.75,0.25,0.25,0.75,0.75,1,1,0,0,0,0,0.2222,0.2222,0,0,20,26,0.0,0.0,0.0,0.0,0,1,,No Finding,61.25,61.25,0.0,High,0.2222,0.9091,0.0,0.0,0.7143,1.0,0.75,0.25,0.2222,0,50.87,High,61.25,v2+GCRF
1931,1931_IM-0602-1001.dcm.png,True,2,0.2,0.0,0.9,0.8333,0.5,0.0,0.6923,0.7692,0.2857,0.0,0.8,1.0,0.5,0.25,0.5,0.75,0.5,0.25,1,1,0,0,0,0,0.2222,0.2222,0,0,20,26,0.0,0.0,0.0,0.0,0,1,,No Finding,45.5,43.75,-1.75,Moderate,0.2222,0.8333,0.0,0.0,0.7692,1.0,0.25,0.75,0.2222,0,37.57,Moderate,43.75,v2+GCRF
1932,1932_IM-0603-2001.dcm.png,False,1,0.5,0.5,1.0,1.0,1.0,1.0,0.8462,0.8462,0.6667,0.6667,0.5,0.5,0.5,0.5,0.5,0.5,0.5,0.5,1,1,0,0,0,0,0.3333,0.3333,1,1,21,21,1.0,1.0,0.0,0.0,0,0,,,35.0,35.0,0.0,Moderate,0.3333,1.0,0.5,1.0,0.8462,0.5,0.5,0.5,0.3333,1,30.56,Moderate,35.0,v2+GCRF
1935,1935_IM-0605-0001-0001.dcm.png,False,1,0.5,0.5,1.0,1.0,1.0,1.0,0.8462,0.8462,0.6667,0.6667,0.5,0.5,0.5,0.5,0.5,0.5,0.5,0.5,1,1,0,0,0,0,0.3333,0.3333,1,1,21,21,0.0,0.0,100.0,100.0,1,2,Pneumothorax,Pleural Effusion; Support Devices,50.0,50.0,0.0,High,0.3333,1.0,0.5,1.0,0.8462,0.5,0.5,0.5,0.3333,1,45.56,Moderate,50.0,v2+GCRF
1937,1937_IM-0607-1001.dcm.png,False,1,0.75,0.75,0.8182,0.8182,0.6,0.6,0.9,0.9,0.6667,0.6667,0.25,0.25,0.25,0.25,0.75,0.75,0.25,0.25,1,1,0,0,0,0,0.2222,0.2222,0,0,18,18,0.5,0.5,0.0,0.0,0,2,,Lung Opacity; No Finding,17.5,17.5,0.0,Low,0.2222,0.8182,0.75,0.6,0.9,0.25,0.25,0.75,0.2222,0,18.75,Low,17.5,v2+GCRF
1938,1938_IM-0608-1001.dcm.png,False,1,0.5,0.5,0.8182,0.8182,0.5,0.5,0.8182,0.8182,0.5,0.5,0.5,0.5,0.5,0.5,0.5,0.5,0.5,0.5,1,1,0,0,0,0,0.3333,0.3333,1,1,21,21,0.3333,0.3333,0.0,0.0,0,4,,Lung Opacity; Pleural Effusion; Support Devices; No Finding,35.0,35.0,0.0,Moderate,0.3333,0.8182,0.5,0.5,0.8182,0.5,0.5,0.5,0.3333,1,33.51,Moderate,35.0,v2+GCRF
1947,1947_IM-0616-1001.dcm.png,False,1,0.5,0.5,0.6364,0.6364,0.3333,0.3333,0.7778,0.7778,0.4,0.4,0.5,0.5,0.5,0.5,0.5,0.5,0.5,0.5,1,1,0,0,0,0,0.2222,0.2222,0,0,18,18,0.0,0.0,100.0,100.0,1,5,Pneumothorax,Lung Lesion; Edema; Consolidation; Pleural Effusion; No Finding,50.0,50.0,0.0,High,0.2222,0.6364,0.5,0.3333,0.7778,0.5,0.5,0.5,0.2222,0,50.45,High,50.0,v2+GCRF
1960,1960_IM-0627-1002001.dcm.png,True,2,0.0,0.0,0.9,0.9167,0.0,0.0,0.6429,0.7857,0.0,0.0,1.0,1.0,0.75,0.25,0.25,0.75,0.75,0.25,1,1,0,0,0,0,0.2222,0.2222,0,0,20,26,0.0,0.0,0.0,0.0,0,1,,No Finding,61.25,43.75,-17.5,Moderate,0.2222,0.9167,0.0,0.0,0.7857,1.0,0.25,0.75,0.2222,0,36.19,Moderate,43.75,v2+GCRF
1961,1961_IM-0628-3001.dcm.png,True,2,0.6,0.6667,0.7,0.7778,0.5,0.6667,0.7778,0.7778,0.5455,0.6667,0.4,0.3333,0.5,0.4,0.5,0.6,0.5,0.4,1,1,0,0,0,0,0.2222,0.3333,0,1,20,32,0.5,0.6667,0.0,0.0,0,3,,Cardiomegaly; Atelectasis; Pleural Effusion,31.5,25.67,-5.83,Low,0.3333,0.7778,0.6667,0.6667,0.7778,0.3333,0.4,0.6,0.3333,1,27.64,Low,25.67,v2+GCRF
1962,1962_IM-0628-2002.dcm.png,False,1,0.6,0.6,0.9,0.9,0.75,0.75,0.8182,0.8182,0.6667,0.6667,0.4,0.4,0.4,0.4,0.6,0.6,0.4,0.4,1,1,0,0,0,0,0.2222,0.2222,0,0,26,26,0.4,0.4,50.0,50.0,1,2,Pneumothorax,Pleural Effusion; No Finding,35.5,35.5,0.0,Moderate,0.2222,0.9,0.6,0.75,0.8182,0.4,0.4,0.6,0.2222,0,33.48,Moderate,35.5,v2+GCRF
1968,1968_IM-0630-4004.dcm.png,True,2,0.8,0.6667,0.9,0.75,0.8,0.4,0.9,0.9,0.8,0.5,0.2,0.3333,0.25,0.25,0.75,0.75,0.25,0.25,1,1,0,0,0,0,0.2222,0.2222,0,0,20,26,0.4,0.0,50.0,100.0,1,3,Pneumothorax,Consolidation; Pleural Effusion; No Finding,23.25,35.42,12.17,Moderate,0.2222,0.75,0.6667,0.4,0.9,0.3333,0.25,0.75,0.2222,0,36.77,Moderate,35.42,v2+GCRF
1981,1981_IM-0638-3001.dcm.png,False,1,1.0,1.0,0.9,0.9,0.8333,0.8333,1.0,1.0,0.9091,0.9091,0.0,0.0,0.0,0.0,1.0,1.0,0.0,0.0,0,0,0,0,0,0,0.2222,0.2222,0,0,26,26,0.5,0.5,0.0,0.0,0,2,,Lung Opacity; No Finding,0.0,0.0,0.0,Hallucination-Free,0.2222,0.9,1.0,0.8333,1.0,0.0,0.0,1.0,0.2222,0,3.72,Hallucination-Free,0.0,v2+GCRF
1991,1991_IM-0648-1001.dcm.png,False,1,0.5,0.5,0.8889,0.8889,0.75,0.75,0.7273,0.7273,0.6,0.6,0.5,0.5,0.4,0.4,0.6,0.6,0.4,0.4,1,1,0,0,0,0,0.3333,0.3333,1,1,27,27,0.5,0.5,0.0,0.0,0,2,,Lung Opacity; Pleural Effusion,31.5,31.5,0.0,Moderate,0.3333,0.8889,0.5,0.75,0.7273,0.5,0.4,0.6,0.3333,1,30.38,Moderate,31.5,v2+GCRF
1997,1997_IM-0651-1001.dcm.png,False,1,0.4,0.4,0.7,0.7,0.4,0.4,0.7,0.7,0.4,0.4,0.6,0.6,0.5,0.5,0.5,0.5,0.5,0.5,1,1,0,0,0,0,0.2222,0.2222,0,0,32,32,0.4,0.4,0.0,0.0,0,3,,Lung Lesion; Edema; Pleural Effusion,38.5,38.5,0.0,Moderate,0.2222,0.7,0.4,0.4,0.7,0.6,0.5,0.5,0.2222,0,37.52,Moderate,38.5,v2+GCRF
2000,2000_IM-0654-1001.dcm.png,False,1,0.75,0.75,0.9091,0.9091,0.75,0.75,0.9091,0.9091,0.75,0.75,0.25,0.25,0.25,0.25,0.75,0.75,0.25,0.25,1,1,0,0,0,0,0.2222,0.2222,0,0,18,18,0.0,0.0,100.0,100.0,1,1,Pneumothorax,Pleural Effusion,32.5,32.5,0.0,Moderate,0.2222,0.9091,0.75,0.75,0.9091,0.25,0.25,0.75,0.2222,0,32.31,Moderate,32.5,v2+GCRF
2005,2005_IM-0656-1001.dcm.png,False,1,0.5,0.5,0.7273,0.7273,0.4,0.4,0.8,0.8,0.4444,0.4444,0.5,0.5,0.5,0.5,0.5,0.5,0.5,0.5,1,1,0,0,0,0,0.2222,0.2222,0,0,18,18,0.4,0.4,0.0,0.0,0,3,,Lung Lesion; Edema; Pleural Effusion,35.0,35.0,0.0,Moderate,0.2222,0.7273,0.5,0.4,0.8,0.5,0.5,0.5,0.2222,0,33.91,Moderate,35.0,v2+GCRF
2011,2011_IM-0661-1001.dcm.png,False,1,0.6,0.6,0.9,0.9,0.75,0.75,0.8182,0.8182,0.6667,0.6667,0.4,0.4,0.4,0.4,0.6,0.6,0.4,0.4,1,1,0,0,0,0,0.2222,0.2222,0,0,26,26,0.0,0.0,100.0,100.0,2,3,Consolidation; Pneumothorax,Pleural Effusion; Support Devices; No Finding,43.0,43.0,0.0,Moderate,0.2222,0.9,0.6,0.75,0.8182,0.4,0.4,0.6,0.2222,0,40.98,Moderate,43.0,v2+GCRF
2014,2014_IM-0664-1001.dcm.png,False,1,0.4,0.4,1.0,1.0,1.0,1.0,0.7692,0.7692,0.5714,0.5714,0.6,0.6,0.3333,0.3333,0.6667,0.6667,0.3333,0.3333,1,1,0,0,0,0,0.2222,0.2222,0,0,33,33,0.5,0.5,0.0,0.0,0,2,,Pleural Effusion; Support Devices,32.67,32.67,0.0,Moderate,0.2222,1.0,0.4,1.0,0.7692,0.6,0.3333,0.6667,0.2222,0,27.8,Low,32.67,v2+GCRF
2033,2033_IM-0678-1001.dcm.png,False,1,0.6,0.6,0.9,0.9,0.75,0.75,0.8182,0.8182,0.6667,0.6667,0.4,0.4,0.5,0.5,0.5,0.5,0.5,0.5,1,1,0,0,0,0,0.3333,0.3333,1,1,21,21,0.6667,0.6667,0.0,0.0,0,2,,Pleural Effusion; Support Devices,31.5,31.5,0.0,Moderate,0.3333,0.9,0.6,0.75,0.8182,0.4,0.5,0.5,0.3333,1,29.89,Low,31.5,v2+GCRF
2046,2046_IM-0688-1001.dcm.png,False,1,0.3333,0.3333,0.8333,0.8333,0.3333,0.3333,0.8333,0.8333,0.3333,0.3333,0.6667,0.6667,0.4,0.4,0.6,0.6,0.4,0.4,1,1,0,0,0,0,0.0,0.0,0,0,20,20,0.5,0.5,0.0,0.0,0,2,,Atelectasis; Fracture,37.33,37.33,0.0,Moderate,0.0,0.8333,0.3333,0.3333,0.8333,0.6667,0.4,0.6,0.0,0,31.03,Moderate,37.33,v2+GCRF
2052,2052_IM-0690-1001.dcm.png,False,1,0.8,0.8,0.9,0.9,0.8,0.8,0.9,0.9,0.8,0.8,0.2,0.2,0.1667,0.1667,0.8333,0.8333,0.1667,0.1667,1,1,0,0,0,0,0.2222,0.2222,0,0,33,33,0.6667,0.6667,0.0,0.0,0,2,,Pleural Effusion; No Finding,12.83,12.83,0.0,Hallucination-Free,0.2222,0.9,0.8,0.8,0.9,0.2,0.1667,0.8333,0.2222,0,13.99,Hallucination-Free,12.83,v2+GCRF
2065,2065_IM-0701-1001.dcm.png,False,1,0.5,0.5,0.8889,0.8889,0.75,0.75,0.7273,0.7273,0.6,0.6,0.5,0.5,0.6,0.6,0.4,0.4,0.6,0.6,1,1,0,0,0,0,0.3333,0.3333,1,1,37,37,0.3333,0.3333,0.0,0.0,0,4,,Lung Opacity; Consolidation; Pleural Effusion; Support Devices,38.5,38.5,0.0,Moderate,0.3333,0.8889,0.5,0.75,0.7273,0.5,0.6,0.4,0.3333,1,35.98,Moderate,38.5,v2+GCRF
2068,2068_IM-0701-1001.dcm.png,False,1,0.5,0.5,0.9091,0.9091,0.6667,0.6667,0.8333,0.8333,0.5714,0.5714,0.5,0.5,0.5,0.5,0.5,0.5,0.5,0.5,1,1,0,0,0,0,0.2222,0.2222,0,0,18,18,0.0,0.0,100.0,100.0,1,3,Pneumothorax,Pleural Effusion; Support Devices; No Finding,50.0,50.0,0.0,High,0.2222,0.9091,0.5,0.6667,0.8333,0.5,0.5,0.5,0.2222,0,45.92,Moderate,50.0,v2+GCRF
2078,2078_IM-0710-1001.dcm.png,True,2,0.0,0.0,0.9,0.9167,0.0,0.0,0.6429,0.7857,0.0,0.0,1.0,1.0,0.75,0.25,0.25,0.75,0.75,0.25,1,1,0,0,0,0,0.2222,0.2222,0,0,20,26,0.0,0.0,0.0,0.0,0,1,,No Finding,61.25,43.75,-17.5,Moderate,0.2222,0.9167,0.0,0.0,0.7857,1.0,0.25,0.75,0.2222,0,36.19,Moderate,43.75,v2+GCRF
2100,2100_IM-0731-1001.dcm.png,False,1,0.6,0.6,0.8,0.8,0.6,0.6,0.8,0.8,0.6,0.6,0.4,0.4,0.4,0.4,0.6,0.6,0.4,0.4,1,1,0,0,0,0,0.2222,0.2222,0,0,32,32,0.5714,0.5714,0.0,0.0,0,3,,Lung Lesion; Pleural Effusion; No Finding,28.0,28.0,0.0,Low,0.2222,0.8,0.6,0.6,0.8,0.4,0.4,0.6,0.2222,0,27.62,Low,28.0,v2+GCRF
2119,2119_IM-0746-1001.dcm.png,False,1,0.4,0.4,0.9,0.9,0.6667,0.6667,0.75,0.75,0.5,0.5,0.6,0.6,0.3333,0.3333,0.6667,0.6667,0.3333,0.3333,1,1,0,0,0,0,0.3333,0.3333,1,1,41,41,0.0,0.0,100.0,100.0,1,1,Pneumothorax,Lung Lesion,47.67,47.67,0.0,Moderate,0.3333,0.9,0.4,0.6667,0.75,0.6,0.3333,0.6667,0.3333,1,45.57,Moderate,47.67,v2+GCRF
2131,2131_IM-0755-1001.dcm.png,False,1,0.5,0.5,0.8182,0.8182,0.5,0.5,0.8182,0.8182,0.5,0.5,0.5,0.5,0.5,0.5,0.5,0.5,0.5,0.5,1,1,0,0,0,0,0.2222,0.2222,0,0,18,18,0.0,0.0,100.0,100.0,1,4,Pneumothorax,Consolidation; Pleural Effusion; Support Devices; No Finding,50.0,50.0,0.0,High,0.2222,0.8182,0.5,0.5,0.8182,0.5,0.5,0.5,0.2222,0,47.4,Moderate,50.0,v2+GCRF
2136,2136_IM-0758-3001.dcm.png,False,1,0.5,0.5,1.0,1.0,1.0,1.0,0.8462,0.8462,0.6667,0.6667,0.5,0.5,0.5,0.5,0.5,0.5,0.5,0.5,1,1,0,0,0,0,0.2222,0.2222,0,0,18,18,0.0,0.0,100.0,100.0,1,1,Pneumothorax,Pleural Effusion,50.0,50.0,0.0,High,0.2222,1.0,0.5,1.0,0.8462,0.5,0.5,0.5,0.2222,0,44.45,Moderate,50.0,v2+GCRF
2144,2144_IM-0765-1001.dcm.png,False,1,0.4286,0.4286,1.0,1.0,1.0,1.0,0.6667,0.6667,0.6,0.6,0.5714,0.5714,0.5,0.5,0.5,0.5,0.5,0.5,1,1,0,0,0,0,0.2222,0.2222,0,0,38,38,0.5714,0.5714,33.33,33.33,1,2,Consolidation,Pleural Effusion; Support Devices,42.5,42.5,0.0,Moderate,0.2222,1.0,0.4286,1.0,0.6667,0.5714,0.5,0.5,0.2222,0,37.6,Moderate,42.5,v2+GCRF
2146,2146_IM-0766-13013.dcm.png,True,2,0.0,0.0,0.9,0.9091,0.0,0.0,0.6429,0.7143,0.0,0.0,1.0,1.0,0.75,0.75,0.25,0.25,0.75,0.75,1,1,0,0,0,0,0.2222,0.2222,0,0,20,26,0.0,0.0,0.0,0.0,0,1,,No Finding,61.25,61.25,0.0,High,0.2222,0.9091,0.0,0.0,0.7143,1.0,0.75,0.25,0.2222,0,50.87,High,61.25,v2+GCRF
2146,2146_IM-0766-13013.dcm.png,True,2,0.0,0.0,0.9,0.9091,0.0,0.0,0.6429,0.7143,0.0,0.0,1.0,1.0,0.75,0.75,0.25,0.25,0.75,0.75,1,1,0,0,0,0,0.2222,0.2222,0,0,20,26,0.0,0.0,0.0,0.0,0,1,,No Finding,61.25,61.25,0.0,High,0.2222,0.9091,0.0,0.0,0.7143,1.0,0.75,0.25,0.2222,0,50.87,High,61.25,v2+GCRF
2146,2146_IM-0766-13013.dcm.png,True,2,0.0,0.0,0.9,0.9091,0.0,0.0,0.6429,0.7143,0.0,0.0,1.0,1.0,0.75,0.75,0.25,0.25,0.75,0.75,1,1,0,0,0,0,0.2222,0.2222,0,0,20,26,0.0,0.0,0.0,0.0,0,1,,No Finding,61.25,61.25,0.0,High,0.2222,0.9167,0.0,0.0,0.7857,1.0,0.25,0.75,0.2222,0,50.87,High,61.25,v2+GCRF
2146,2146_IM-0766-13013.dcm.png,True,2,0.0,0.0,0.9,0.9091,0.0,0.0,0.6429,0.7143,0.0,0.0,1.0,1.0,0.75,0.75,0.25,0.25,0.75,0.75,1,1,0,0,0,0,0.2222,0.2222,0,0,20,26,0.0,0.0,0.0,0.0,0,1,,No Finding,61.25,61.25,0.0,High,0.2222,0.9167,0.0,0.0,0.7857,1.0,0.25,0.75,0.2222,0,50.87,High,61.25,v2+GCRF
2146,2146_IM-0766-13013.dcm.png,True,2,0.0,0.0,0.9,0.9091,0.0,0.0,0.6429,0.7143,0.0,0.0,1.0,1.0,0.75,0.75,0.25,0.25,0.75,0.75,1,1,0,0,0,0,0.2222,0.2222,0,0,20,26,0.0,0.0,0.0,0.0,0,1,,No Finding,61.25,61.25,0.0,High,0.2222,0.9091,0.0,0.0,0.7143,1.0,0.75,0.25,0.2222,0,50.87,High,61.25,v2+GCRF
2146,2146_IM-0766-13013.dcm.png,True,2,0.0,0.0,0.9,0.9091,0.0,0.0,0.6429,0.7143,0.0,0.0,1.0,1.0,0.75,0.75,0.25,0.25,0.75,0.75,1,1,0,0,0,0,0.2222,0.2222,0,0,20,26,0.0,0.0,0.0,0.0,0,1,,No Finding,61.25,61.25,0.0,High,0.2222,0.9091,0.0,0.0,0.7143,1.0,0.75,0.25,0.2222,0,50.87,High,61.25,v2+GCRF
2146,2146_IM-0766-13013.dcm.png,True,2,0.0,0.0,0.9,0.9091,0.0,0.0,0.6429,0.7143,0.0,0.0,1.0,1.0,0.75,0.75,0.25,0.25,0.75,0.75,1,1,0,0,0,0,0.2222,0.2222,0,0,20,26,0.0,0.0,0.0,0.0,0,1,,No Finding,61.25,61.25,0.0,High,0.2222,0.9167,0.0,0.0,0.7857,1.0,0.25,0.75,0.2222,0,50.87,High,61.25,v2+GCRF
2146,2146_IM-0766-13013.dcm.png,True,2,0.0,0.0,0.9,0.9091,0.0,0.0,0.6429,0.7143,0.0,0.0,1.0,1.0,0.75,0.75,0.25,0.25,0.75,0.75,1,1,0,0,0,0,0.2222,0.2222,0,0,20,26,0.0,0.0,0.0,0.0,0,1,,No Finding,61.25,61.25,0.0,High,0.2222,0.9167,0.0,0.0,0.7857,1.0,0.25,0.75,0.2222,0,50.87,High,61.25,v2+GCRF
2146,2146_IM-0766-13013.dcm.png,True,2,0.0,0.0,0.9,0.9091,0.0,0.0,0.6429,0.7143,0.0,0.0,1.0,1.0,0.75,0.75,0.25,0.25,0.75,0.75,1,1,0,0,0,0,0.2222,0.2222,0,0,20,26,0.0,0.0,0.0,0.0,0,1,,No Finding,61.25,61.25,0.0,High,0.2222,0.9091,0.0,0.0,0.7143,1.0,0.75,0.25,0.2222,0,50.87,High,61.25,v2+GCRF
2146,2146_IM-0766-13013.dcm.png,True,2,0.0,0.0,0.9,0.9091,0.0,0.0,0.6429,0.7143,0.0,0.0,1.0,1.0,0.75,0.75,0.25,0.25,0.75,0.75,1,1,0,0,0,0,0.2222,0.2222,0,0,20,26,0.0,0.0,0.0,0.0,0,1,,No Finding,61.25,61.25,0.0,High,0.2222,0.9091,0.0,0.0,0.7143,1.0,0.75,0.25,0.2222,0,50.87,High,61.25,v2+GCRF
2146,2146_IM-0766-13013.dcm.png,True,2,0.0,0.0,0.9,0.9091,0.0,0.0,0.6429,0.7143,0.0,0.0,1.0,1.0,0.75,0.75,0.25,0.25,0.75,0.75,1,1,0,0,0,0,0.2222,0.2222,0,0,20,26,0.0,0.0,0.0,0.0,0,1,,No Finding,61.25,61.25,0.0,High,0.2222,0.9167,0.0,0.0,0.7857,1.0,0.25,0.75,0.2222,0,50.87,High,61.25,v2+GCRF
2146,2146_IM-0766-13013.dcm.png,True,2,0.0,0.0,0.9,0.9091,0.0,0.0,0.6429,0.7143,0.0,0.0,1.0,1.0,0.75,0.75,0.25,0.25,0.75,0.75,1,1,0,0,0,0,0.2222,0.2222,0,0,20,26,0.0,0.0,0.0,0.0,0,1,,No Finding,61.25,61.25,0.0,High,0.2222,0.9167,0.0,0.0,0.7857,1.0,0.25,0.75,0.2222,0,50.87,High,61.25,v2+GCRF
2146,2146_IM-0766-13013.dcm.png,True,2,0.0,0.0,0.9,0.9091,0.0,0.0,0.6429,0.7143,0.0,0.0,1.0,1.0,0.75,0.75,0.25,0.25,0.75,0.75,1,1,0,0,0,0,0.2222,0.2222,0,0,20,26,0.0,0.0,0.0,0.0,0,1,,No Finding,61.25,61.25,0.0,High,0.2222,0.9091,0.0,0.0,0.7143,1.0,0.75,0.25,0.2222,0,50.87,High,61.25,v2+GCRF
2146,2146_IM-0766-13013.dcm.png,True,2,0.0,0.0,0.9,0.9091,0.0,0.0,0.6429,0.7143,0.0,0.0,1.0,1.0,0.75,0.75,0.25,0.25,0.75,0.75,1,1,0,0,0,0,0.2222,0.2222,0,0,20,26,0.0,0.0,0.0,0.0,0,1,,No Finding,61.25,61.25,0.0,High,0.2222,0.9091,0.0,0.0,0.7143,1.0,0.75,0.25,0.2222,0,50.87,High,61.25,v2+GCRF
2146,2146_IM-0766-13013.dcm.png,True,2,0.0,0.0,0.9,0.9091,0.0,0.0,0.6429,0.7143,0.0,0.0,1.0,1.0,0.75,0.75,0.25,0.25,0.75,0.75,1,1,0,0,0,0,0.2222,0.2222,0,0,20,26,0.0,0.0,0.0,0.0,0,1,,No Finding,61.25,61.25,0.0,High,0.2222,0.9167,0.0,0.0,0.7857,1.0,0.25,0.75,0.2222,0,50.87,High,61.25,v2+GCRF
2146,2146_IM-0766-13013.dcm.png,True,2,0.0,0.0,0.9,0.9091,0.0,0.0,0.6429,0.7143,0.0,0.0,1.0,1.0,0.75,0.75,0.25,0.25,0.75,0.75,1,1,0,0,0,0,0.2222,0.2222,0,0,20,26,0.0,0.0,0.0,0.0,0,1,,No Finding,61.25,61.25,0.0,High,0.2222,0.9167,0.0,0.0,0.7857,1.0,0.25,0.75,0.2222,0,50.87,High,61.25,v2+GCRF
2146,2146_IM-0766-2002.dcm.png,True,2,0.0,0.0,0.9,0.9167,0.0,0.0,0.6429,0.7857,0.0,0.0,1.0,1.0,0.75,0.25,0.25,0.75,0.75,0.25,1,1,0,0,0,0,0.2222,0.2222,0,0,20,26,0.0,0.0,0.0,0.0,0,1,,No Finding,61.25,43.75,-17.5,Moderate,0.2222,0.9091,0.0,0.0,0.7143,1.0,0.75,0.25,0.2222,0,36.19,Moderate,43.75,v2+GCRF
2146,2146_IM-0766-2002.dcm.png,True,2,0.0,0.0,0.9,0.9167,0.0,0.0,0.6429,0.7857,0.0,0.0,1.0,1.0,0.75,0.25,0.25,0.75,0.75,0.25,1,1,0,0,0,0,0.2222,0.2222,0,0,20,26,0.0,0.0,0.0,0.0,0,1,,No Finding,61.25,43.75,-17.5,Moderate,0.2222,0.9091,0.0,0.0,0.7143,1.0,0.75,0.25,0.2222,0,36.19,Moderate,43.75,v2+GCRF
2146,2146_IM-0766-2002.dcm.png,True,2,0.0,0.0,0.9,0.9167,0.0,0.0,0.6429,0.7857,0.0,0.0,1.0,1.0,0.75,0.25,0.25,0.75,0.75,0.25,1,1,0,0,0,0,0.2222,0.2222,0,0,20,26,0.0,0.0,0.0,0.0,0,1,,No Finding,61.25,43.75,-17.5,Moderate,0.2222,0.9167,0.0,0.0,0.7857,1.0,0.25,0.75,0.2222,0,36.19,Moderate,43.75,v2+GCRF
2146,2146_IM-0766-2002.dcm.png,True,2,0.0,0.0,0.9,0.9167,0.0,0.0,0.6429,0.7857,0.0,0.0,1.0,1.0,0.75,0.25,0.25,0.75,0.75,0.25,1,1,0,0,0,0,0.2222,0.2222,0,0,20,26,0.0,0.0,0.0,0.0,0,1,,No Finding,61.25,43.75,-17.5,Moderate,0.2222,0.9167,0.0,0.0,0.7857,1.0,0.25,0.75,0.2222,0,36.19,Moderate,43.75,v2+GCRF
2146,2146_IM-0766-2002.dcm.png,True,2,0.0,0.0,0.9,0.9167,0.0,0.0,0.6429,0.7857,0.0,0.0,1.0,1.0,0.75,0.25,0.25,0.75,0.75,0.25,1,1,0,0,0,0,0.2222,0.2222,0,0,20,26,0.0,0.0,0.0,0.0,0,1,,No Finding,61.25,43.75,-17.5,Moderate,0.2222,0.9091,0.0,0.0,0.7143,1.0,0.75,0.25,0.2222,0,36.19,Moderate,43.75,v2+GCRF
2146,2146_IM-0766-2002.dcm.png,True,2,0.0,0.0,0.9,0.9167,0.0,0.0,0.6429,0.7857,0.0,0.0,1.0,1.0,0.75,0.25,0.25,0.75,0.75,0.25,1,1,0,0,0,0,0.2222,0.2222,0,0,20,26,0.0,0.0,0.0,0.0,0,1,,No Finding,61.25,43.75,-17.5,Moderate,0.2222,0.9091,0.0,0.0,0.7143,1.0,0.75,0.25,0.2222,0,36.19,Moderate,43.75,v2+GCRF
2146,2146_IM-0766-2002.dcm.png,True,2,0.0,0.0,0.9,0.9167,0.0,0.0,0.6429,0.7857,0.0,0.0,1.0,1.0,0.75,0.25,0.25,0.75,0.75,0.25,1,1,0,0,0,0,0.2222,0.2222,0,0,20,26,0.0,0.0,0.0,0.0,0,1,,No Finding,61.25,43.75,-17.5,Moderate,0.2222,0.9167,0.0,0.0,0.7857,1.0,0.25,0.75,0.2222,0,36.19,Moderate,43.75,v2+GCRF
2146,2146_IM-0766-2002.dcm.png,True,2,0.0,0.0,0.9,0.9167,0.0,0.0,0.6429,0.7857,0.0,0.0,1.0,1.0,0.75,0.25,0.25,0.75,0.75,0.25,1,1,0,0,0,0,0.2222,0.2222,0,0,20,26,0.0,0.0,0.0,0.0,0,1,,No Finding,61.25,43.75,-17.5,Moderate,0.2222,0.9167,0.0,0.0,0.7857,1.0,0.25,0.75,0.2222,0,36.19,Moderate,43.75,v2+GCRF
2146,2146_IM-0766-2002.dcm.png,True,2,0.0,0.0,0.9,0.9167,0.0,0.0,0.6429,0.7857,0.0,0.0,1.0,1.0,0.75,0.25,0.25,0.75,0.75,0.25,1,1,0,0,0,0,0.2222,0.2222,0,0,20,26,0.0,0.0,0.0,0.0,0,1,,No Finding,61.25,43.75,-17.5,Moderate,0.2222,0.9091,0.0,0.0,0.7143,1.0,0.75,0.25,0.2222,0,36.19,Moderate,43.75,v2+GCRF
2146,2146_IM-0766-2002.dcm.png,True,2,0.0,0.0,0.9,0.9167,0.0,0.0,0.6429,0.7857,0.0,0.0,1.0,1.0,0.75,0.25,0.25,0.75,0.75,0.25,1,1,0,0,0,0,0.2222,0.2222,0,0,20,26,0.0,0.0,0.0,0.0,0,1,,No Finding,61.25,43.75,-17.5,Moderate,0.2222,0.9091,0.0,0.0,0.7143,1.0,0.75,0.25,0.2222,0,36.19,Moderate,43.75,v2+GCRF
2146,2146_IM-0766-2002.dcm.png,True,2,0.0,0.0,0.9,0.9167,0.0,0.0,0.6429,0.7857,0.0,0.0,1.0,1.0,0.75,0.25,0.25,0.75,0.75,0.25,1,1,0,0,0,0,0.2222,0.2222,0,0,20,26,0.0,0.0,0.0,0.0,0,1,,No Finding,61.25,43.75,-17.5,Moderate,0.2222,0.9167,0.0,0.0,0.7857,1.0,0.25,0.75,0.2222,0,36.19,Moderate,43.75,v2+GCRF
2146,2146_IM-0766-2002.dcm.png,True,2,0.0,0.0,0.9,0.9167,0.0,0.0,0.6429,0.7857,0.0,0.0,1.0,1.0,0.75,0.25,0.25,0.75,0.75,0.25,1,1,0,0,0,0,0.2222,0.2222,0,0,20,26,0.0,0.0,0.0,0.0,0,1,,No Finding,61.25,43.75,-17.5,Moderate,0.2222,0.9167,0.0,0.0,0.7857,1.0,0.25,0.75,0.2222,0,36.19,Moderate,43.75,v2+GCRF
2146,2146_IM-0766-2002.dcm.png,True,2,0.0,0.0,0.9,0.9167,0.0,0.0,0.6429,0.7857,0.0,0.0,1.0,1.0,0.75,0.25,0.25,0.75,0.75,0.25,1,1,0,0,0,0,0.2222,0.2222,0,0,20,26,0.0,0.0,0.0,0.0,0,1,,No Finding,61.25,43.75,-17.5,Moderate,0.2222,0.9091,0.0,0.0,0.7143,1.0,0.75,0.25,0.2222,0,36.19,Moderate,43.75,v2+GCRF
2146,2146_IM-0766-2002.dcm.png,True,2,0.0,0.0,0.9,0.9167,0.0,0.0,0.6429,0.7857,0.0,0.0,1.0,1.0,0.75,0.25,0.25,0.75,0.75,0.25,1,1,0,0,0,0,0.2222,0.2222,0,0,20,26,0.0,0.0,0.0,0.0,0,1,,No Finding,61.25,43.75,-17.5,Moderate,0.2222,0.9091,0.0,0.0,0.7143,1.0,0.75,0.25,0.2222,0,36.19,Moderate,43.75,v2+GCRF
2146,2146_IM-0766-2002.dcm.png,True,2,0.0,0.0,0.9,0.9167,0.0,0.0,0.6429,0.7857,0.0,0.0,1.0,1.0,0.75,0.25,0.25,0.75,0.75,0.25,1,1,0,0,0,0,0.2222,0.2222,0,0,20,26,0.0,0.0,0.0,0.0,0,1,,No Finding,61.25,43.75,-17.5,Moderate,0.2222,0.9167,0.0,0.0,0.7857,1.0,0.25,0.75,0.2222,0,36.19,Moderate,43.75,v2+GCRF
2146,2146_IM-0766-2002.dcm.png,True,2,0.0,0.0,0.9,0.9167,0.0,0.0,0.6429,0.7857,0.0,0.0,1.0,1.0,0.75,0.25,0.25,0.75,0.75,0.25,1,1,0,0,0,0,0.2222,0.2222,0,0,20,26,0.0,0.0,0.0,0.0,0,1,,No Finding,61.25,43.75,-17.5,Moderate,0.2222,0.9167,0.0,0.0,0.7857,1.0,0.25,0.75,0.2222,0,36.19,Moderate,43.75,v2+GCRF
2150,2150_IM-0770-1001.dcm.png,True,2,0.2,0.25,0.8,0.8182,0.3333,0.3333,0.6667,0.75,0.25,0.2857,0.8,0.75,0.5,0.5,0.5,0.5,0.5,0.5,1,1,0,0,0,0,0.2222,0.2222,0,0,20,26,0.0,0.0,0.0,0.0,0,2,,Lung Lesion; No Finding,45.5,43.75,-1.75,Moderate,0.2222,0.8182,0.25,0.3333,0.75,0.75,0.5,0.5,0.2222,0,38.95,Moderate,43.75,v2+GCRF
2151,2151_IM-0771-1001.dcm.png,True,2,0.4,0.5,0.8,0.8182,0.5,0.5,0.7273,0.8182,0.4444,0.5,0.6,0.5,0.5,0.5,0.5,0.5,0.5,0.5,1,1,0,0,0,0,0.2222,0.2222,0,0,20,26,0.4,0.4,0.0,0.0,0,3,,Edema; Consolidation; No Finding,38.5,35.0,-3.5,Moderate,0.2222,0.8182,0.5,0.5,0.8182,0.5,0.5,0.5,0.2222,0,32.4,Moderate,35.0,v2+GCRF
2152,2152_IM-0772-1001.dcm.png,False,1,0.75,0.75,0.9091,0.9091,0.75,0.75,0.9091,0.9091,0.75,0.75,0.25,0.25,0.25,0.25,0.75,0.75,0.25,0.25,1,1,0,0,0,0,0.2222,0.2222,0,0,18,18,0.0,0.0,100.0,100.0,1,3,Pneumothorax,Lung Opacity; Pleural Effusion; Support Devices,32.5,32.5,0.0,Moderate,0.2222,0.9091,0.75,0.75,0.9091,0.25,0.25,0.75,0.2222,0,32.31,Moderate,32.5,v2+GCRF
2153,2153_IM-0773-1001.dcm.png,False,1,0.75,0.75,0.8182,0.8182,0.6,0.6,0.9,0.9,0.6667,0.6667,0.25,0.25,0.25,0.25,0.75,0.75,0.25,0.25,1,1,0,0,0,0,0.3333,0.3333,1,1,21,21,0.5,0.5,0.0,0.0,0,2,,Lung Opacity; No Finding,17.5,17.5,0.0,Low,0.3333,0.8182,0.75,0.6,0.9,0.25,0.25,0.75,0.3333,1,19.86,Low,17.5,v2+GCRF
2156,2156_IM-0775-1001.dcm.png,True,2,0.8,1.0,0.9,0.8333,0.8,0.6,0.9,1.0,0.8,0.75,0.2,0.0,0.25,0.0,0.75,1.0,0.25,0.0,1,0,0,0,0,0,0.2222,0.2222,0,0,20,26,0.6667,0.6667,0.0,0.0,0,1,,No Finding,15.75,0.0,-15.75,Hallucination-Free,0.2222,0.8333,1.0,0.6,1.0,0.0,0.0,1.0,0.2222,0,4.72,Hallucination-Free,0.0,v2+GCRF
2158,2158_IM-0776-1001.dcm.png,False,1,0.5,0.5,1.0,1.0,1.0,1.0,0.75,0.75,0.6667,0.6667,0.5,0.5,0.6,0.6,0.4,0.4,0.6,0.6,1,1,0,0,0,0,0.3333,0.3333,1,1,37,37,0.6667,0.6667,0.0,0.0,0,1,,Pleural Effusion,38.5,38.5,0.0,Moderate,0.3333,1.0,0.5,1.0,0.75,0.5,0.6,0.4,0.3333,1,34.13,Moderate,38.5,v2+GCRF
2163,2163_IM-0779-1001.dcm.png,False,1,0.75,0.75,0.8182,0.8182,0.6,0.6,0.9,0.9,0.6667,0.6667,0.25,0.25,0.2,0.2,0.8,0.8,0.2,0.2,1,1,0,0,0,0,0.2222,0.2222,0,0,33,33,0.4,0.4,0.0,0.0,0,3,,Lung Lesion; Consolidation; Support Devices,15.75,15.75,0.0,Low,0.2222,0.8182,0.75,0.6,0.9,0.25,0.2,0.8,0.2222,0,17.35,Low,15.75,v2+GCRF
2167,2167_IM-0783-1001.dcm.png,False,1,0.6,0.6,1.0,1.0,1.0,1.0,0.8333,0.8333,0.75,0.75,0.4,0.4,0.3333,0.3333,0.6667,0.6667,0.3333,0.3333,1,1,0,0,0,0,0.2222,0.2222,0,0,33,33,0.4,0.4,50.0,50.0,1,2,Consolidation,Pleural Effusion; Support Devices,33.17,33.17,0.0,Moderate,0.2222,1.0,0.6,1.0,0.8333,0.4,0.3333,0.6667,0.2222,0,29.99,Low,33.17,v2+GCRF
2168,2168_IM-0784-1001.dcm.png,False,1,0.6,0.6,0.9,0.9,0.75,0.75,0.8182,0.8182,0.6667,0.6667,0.4,0.4,0.4,0.4,0.6,0.6,0.4,0.4,1,1,0,0,0,0,0.2222,0.2222,0,0,26,26,0.6667,0.6667,0.0,0.0,0,2,,Pleural Effusion; No Finding,28.0,28.0,0.0,Low,0.2222,0.9,0.6,0.75,0.8182,0.4,0.4,0.6,0.2222,0,25.98,Low,28.0,v2+GCRF
2176,2176_IM-0789-1001.dcm.png,False,1,0.5,0.5,0.8889,0.8889,0.75,0.75,0.7273,0.7273,0.6,0.6,0.5,0.5,0.6,0.6,0.4,0.4,0.6,0.6,1,1,0,0,0,0,0.3333,0.3333,1,1,30,30,0.4,0.4,0.0,0.0,0,3,,Pleural Effusion; Support Devices; No Finding,38.5,38.5,0.0,Moderate,0.3333,0.8889,0.5,0.75,0.7273,0.5,0.6,0.4,0.3333,1,35.98,Moderate,38.5,v2+GCRF
2179,2179_IM-0791-1001.dcm.png,True,2,0.4,0.6667,0.9,0.9167,0.6667,0.6667,0.75,0.9167,0.5,0.6667,0.6,0.3333,0.6,0.2,0.4,0.8,0.6,0.2,1,1,0,0,0,0,0.2222,0.2222,0,0,28,33,0.0,0.5,50.0,50.0,1,1,Pneumothorax,No Finding,49.5,26.17,-23.33,Low,0.2222,0.9167,0.6667,0.6667,0.9167,0.3333,0.2,0.8,0.2222,0,25.24,Low,26.17,v2+GCRF
2181,2181_IM-0793-1001-0001.dcm.png,False,1,0.6667,0.6667,0.6667,0.6667,0.5714,0.5714,0.75,0.75,0.6154,0.6154,0.3333,0.3333,0.4,0.4,0.6,0.6,0.4,0.4,1,1,0,0,0,0,0.3333,0.3333,1,1,37,37,0.3333,0.3333,0.0,0.0,0,4,,Lung Opacity; Fracture; Support Devices; No Finding,25.67,25.67,0.0,Low,0.3333,0.6667,0.6667,0.5714,0.75,0.3333,0.4,0.6,0.3333,1,29.53,Low,25.67,v2+GCRF
2207,2207_IM-0815-1001.dcm.png,False,1,0.5,0.5,0.8889,0.8889,0.75,0.75,0.7273,0.7273,0.6,0.6,0.5,0.5,0.6,0.6,0.4,0.4,0.6,0.6,1,1,0,0,0,0,0.3333,0.3333,1,1,30,30,0.0,0.0,50.0,50.0,1,3,Pneumothorax,Lung Opacity; Pleural Effusion; No Finding,46.0,46.0,0.0,Moderate,0.3333,0.8889,0.5,0.75,0.7273,0.5,0.6,0.4,0.3333,1,43.48,Moderate,46.0,v2+GCRF
2220,2220_IM-0824-4004.dcm.png,False,1,0.6,0.6,0.9,0.9,0.75,0.75,0.8182,0.8182,0.6667,0.6667,0.4,0.4,0.4,0.4,0.6,0.6,0.4,0.4,1,1,0,0,0,0,0.2222,0.2222,0,0,26,26,0.3333,0.3333,0.0,0.0,0,4,,Lung Opacity; Edema; Pleural Effusion; Support Devices,28.0,28.0,0.0,Low,0.2222,0.9,0.6,0.75,0.8182,0.4,0.4,0.6,0.2222,0,25.98,Low,28.0,v2+GCRF
2230,2230_IM-0831-1001.dcm.png,True,2,0.4,0.6667,1.0,1.0,1.0,1.0,0.7692,0.9231,0.5714,0.8,0.6,0.3333,0.75,0.25,0.25,0.75,0.75,0.25,1,1,0,0,0,0,0.2222,0.2222,0,0,20,26,0.0,0.0,50.0,100.0,1,1,Pneumothorax,Pleural Effusion,54.75,35.42,-19.33,Moderate,0.2222,1.0,0.6667,1.0,0.9231,0.3333,0.25,0.75,0.2222,0,32.84,Moderate,35.42,v2+GCRF
2241,2241_IM-0839-28001.dcm.png,True,2,0.8,0.8,0.9,0.9,0.8,0.8,0.9,0.9,0.8,0.8,0.2,0.2,0.2,0.2,0.8,0.8,0.2,0.2,1,1,0,0,0,0,0.2222,0.2222,0,0,31,38,0.6667,0.5714,0.0,33.33,1,2,Pleural Effusion,Consolidation; Support Devices,14.0,19.0,5.0,Low,0.2222,0.9,0.8,0.8,0.9,0.2,0.2,0.8,0.2222,0,19.92,Low,19.0,v2+GCRF
2251,2251_IM-0844-1001.dcm.png,False,1,0.25,0.25,0.9091,0.9091,0.5,0.5,0.7692,0.7692,0.3333,0.3333,0.75,0.75,0.25,0.25,0.75,0.75,0.25,0.25,1,1,0,0,0,0,0.2222,0.2222,0,0,18,18,0.0,0.0,0.0,0.0,0,1,,No Finding,35.0,35.0,0.0,Moderate,0.2222,0.9091,0.25,0.5,0.7692,0.75,0.25,0.75,0.2222,0,30.43,Moderate,35.0,v2+GCRF
2252,2252_IM-0844-1001.dcm.png,True,2,0.4,0.6667,0.7,0.75,0.4,0.4,0.7,0.9,0.4,0.5,0.6,0.3333,0.75,0.25,0.25,0.75,0.75,0.25,1,1,0,0,0,0,0.2222,0.2222,0,0,20,26,0.4,0.4,0.0,0.0,0,3,,Lung Lesion; Edema; Pleural Effusion,47.25,20.42,-26.83,Low,0.2222,0.75,0.6667,0.4,0.9,0.3333,0.25,0.75,0.2222,0,21.77,Low,20.42,v2+GCRF
2257,2257_IM-0849-1001.dcm.png,True,2,0.8,0.6,1.0,0.9,1.0,0.75,0.9091,0.8182,0.8889,0.6667,0.2,0.4,0.2,0.4,0.8,0.6,0.2,0.4,1,1,0,0,0,0,0.2222,0.1111,0,0,28,34,1.0,0.8,0.0,25.0,1,0,Pleural Effusion,,14.0,31.75,17.75,Moderate,0.1111,0.9,0.6,0.75,0.8182,0.4,0.4,0.6,0.1111,0,28.62,Low,31.75,v2+GCRF
2269,2269_IM-0858-1001.dcm.png,False,1,0.5,0.5,0.9091,0.9091,0.6667,0.6667,0.8333,0.8333,0.5714,0.5714,0.5,0.5,0.2,0.2,0.8,0.8,0.2,0.2,1,1,0,0,0,0,0.3333,0.3333,1,1,40,40,0.0,0.0,50.0,50.0,1,1,Pneumothorax,No Finding,32.0,32.0,0.0,Moderate,0.3333,0.9091,0.5,0.6667,0.8333,0.5,0.2,0.8,0.3333,1,31.13,Moderate,32.0,v2+GCRF
2273,2273_IM-0861-1001.dcm.png,True,2,0.4,0.6667,1.0,1.0,1.0,1.0,0.7692,0.9231,0.5714,0.8,0.6,0.3333,0.75,0.25,0.25,0.75,0.75,0.25,1,1,0,0,0,0,0.2222,0.2222,0,0,20,26,1.0,1.0,0.0,0.0,0,0,,,47.25,20.42,-26.83,Low,0.2222,1.0,0.6667,1.0,0.9231,0.3333,0.25,0.75,0.2222,0,17.84,Low,20.42,v2+GCRF
2285,2285_IM-0870-2001.dcm.png,False,1,0.1667,0.1667,0.8889,0.8889,0.5,0.5,0.6154,0.6154,0.25,0.25,0.8333,0.8333,0.6,0.6,0.4,0.4,0.6,0.6,1,1,0,0,0,0,0.3333,0.3333,1,1,37,37,0.4,0.4,0.0,0.0,0,3,,Cardiomegaly; Consolidation; Support Devices,50.17,50.17,0.0,High,0.3333,0.8889,0.1667,0.5,0.6154,0.8333,0.6,0.4,0.3333,1,44.88,Moderate,50.17,v2+GCRF
2291,2291_IM-0874-1001.dcm.png,True,2,0.8,0.6667,1.0,0.8333,1.0,0.5,0.9091,0.9091,0.8889,0.5714,0.2,0.3333,0.25,0.25,0.75,0.75,0.25,0.25,1,1,0,0,0,0,0.2222,0.2222,0,0,20,26,1.0,0.6667,0.0,0.0,0,1,,Consolidation,15.75,20.42,4.67,Low,0.2222,0.8333,0.6667,0.5,0.9091,0.3333,0.25,0.75,0.2222,0,20.45,Low,20.42,v2+GCRF
2292,2292_IM-0874-1001.dcm.png,False,1,0.25,0.25,0.8182,0.8182,0.3333,0.3333,0.75,0.75,0.2857,0.2857,0.75,0.75,0.5,0.5,0.5,0.5,0.5,0.5,1,1,0,0,0,0,0.2222,0.2222,0,0,18,18,0.4,0.4,0.0,0.0,0,3,,Pleural Effusion; Support Devices; No Finding,43.75,43.75,0.0,Moderate,0.2222,0.8182,0.25,0.3333,0.75,0.75,0.5,0.5,0.2222,0,38.95,Moderate,43.75,v2+GCRF
2311,2311_IM-0886-2001.dcm.png,False,1,0.8,0.8,0.9,0.9,0.8,0.8,0.9,0.9,0.8,0.8,0.2,0.2,0.2,0.2,0.8,0.8,0.2,0.2,1,1,0,0,0,0,0.2222,0.2222,0,0,26,26,0.6667,0.6667,0.0,0.0,0,2,,Pleural Effusion; Fracture,14.0,14.0,0.0,Hallucination-Free,0.2222,0.9,0.8,0.8,0.9,0.2,0.2,0.8,0.2222,0,14.92,Hallucination-Free,14.0,v2+GCRF
2316,2316_IM-0889-1001.dcm.png,True,2,0.4,0.6667,0.9,0.9167,0.6667,0.6667,0.75,0.9167,0.5,0.6667,0.6,0.3333,0.75,0.25,0.25,0.75,0.75,0.25,1,1,0,0,0,0,0.2222,0.2222,0,0,20,26,0.0,0.0,50.0,100.0,1,3,Pneumothorax,Pleural Effusion; Support Devices; No Finding,54.75,35.42,-19.33,Moderate,0.2222,0.9167,0.6667,0.6667,0.9167,0.3333,0.25,0.75,0.2222,0,34.14,Moderate,35.42,v2+GCRF
2339,2339_IM-0905-1001.dcm.png,True,2,0.8,0.75,0.9,0.8182,0.8,0.6,0.9,0.9,0.8,0.6667,0.2,0.25,0.2,0.25,0.8,0.75,0.2,0.25,1,1,0,0,0,0,0.2222,0.2222,0,0,28,26,0.5,0.4,0.0,50.0,1,2,Pleural Effusion,Lung Opacity; No Finding,14.0,25.0,11.0,Low,0.2222,0.8182,0.75,0.6,0.9,0.25,0.25,0.75,0.2222,0,26.25,Low,25.0,v2+GCRF
2340,2340_IM-0907-1001.dcm.png,False,1,0.0,0.0,0.9,0.9,0.0,0.0,0.6429,0.6429,0.0,0.0,1.0,1.0,0.5,0.5,0.5,0.5,0.5,0.5,1,1,0,0,0,0,0.2222,0.2222,0,0,33,33,0.0,0.0,0.0,0.0,0,1,,Lung Opacity,52.5,52.5,0.0,High,0.2222,0.9,0.0,0.0,0.6429,1.0,0.5,0.5,0.2222,0,44.58,Moderate,52.5,v2+GCRF
2342,2342_IM-0907-1001.dcm.png,False,1,0.6,0.6,0.8,0.8,0.6,0.6,0.8,0.8,0.6,0.6,0.4,0.4,0.3333,0.3333,0.6667,0.6667,0.3333,0.3333,1,1,0,0,0,0,0.2222,0.2222,0,0,33,33,0.3333,0.3333,50.0,50.0,1,3,Consolidation,Lung Lesion; Pleural Effusion; No Finding,33.17,33.17,0.0,Moderate,0.2222,0.8,0.6,0.6,0.8,0.4,0.3333,0.6667,0.2222,0,33.25,Moderate,33.17,v2+GCRF
2348,2348_IM-0913-1001.dcm.png,False,1,0.5,0.5,1.0,1.0,1.0,1.0,0.8462,0.8462,0.6667,0.6667,0.5,0.5,0.4,0.4,0.6,0.6,0.4,0.4,1,1,0,0,0,0,0.1111,0.1111,0,0,31,31,0.0,0.0,50.0,50.0,1,1,Pneumothorax,Pleural Effusion,39.0,39.0,0.0,Moderate,0.1111,1.0,0.5,1.0,0.8462,0.5,0.4,0.6,0.1111,0,33.04,Moderate,39.0,v2+GCRF
2361,2361_IM-0926-1001.dcm.png,False,1,0.8,0.8,0.9,0.9,0.8,0.8,0.9,0.9,0.8,0.8,0.2,0.2,0.2,0.2,0.8,0.8,0.2,0.2,1,1,0,0,0,0,0.2222,0.2222,0,0,26,26,0.0,0.0,50.0,50.0,1,3,Pneumothorax,Lung Opacity; Pleural Effusion; No Finding,21.5,21.5,0.0,Low,0.2222,0.9,0.8,0.8,0.9,0.2,0.2,0.8,0.2222,0,22.42,Low,21.5,v2+GCRF
2362,2362_IM-0926-1001.dcm.png,True,2,0.4,0.5,0.9,0.9091,0.6667,0.6667,0.75,0.8333,0.5,0.5714,0.6,0.5,0.75,0.5,0.25,0.5,0.75,0.5,1,1,0,0,0,0,0.2222,0.2222,0,0,20,26,0.0,0.4,50.0,50.0,1,2,Pneumothorax,Support Devices; No Finding,54.75,42.5,-12.25,Moderate,0.2222,0.9091,0.5,0.6667,0.8333,0.5,0.5,0.5,0.2222,0,38.42,Moderate,42.5,v2+GCRF
2365,2365_IM-0927-3001.dcm.png,True,2,0.8,1.0,0.9,0.8333,0.8,0.6,0.9,1.0,0.8,0.75,0.2,0.0,0.25,0.0,0.75,1.0,0.25,0.0,1,0,0,0,0,0,0.2222,0.2222,0,0,20,26,0.5,0.5,0.0,0.0,0,2,,Lung Opacity; No Finding,15.75,0.0,-15.75,Hallucination-Free,0.2222,0.8333,1.0,0.6,1.0,0.0,0.0,1.0,0.2222,0,4.72,Hallucination-Free,0.0,v2+GCRF
2367,2367_IM-0928-1001.dcm.png,False,1,0.6,0.6,0.9,0.9,0.75,0.75,0.8182,0.8182,0.6667,0.6667,0.4,0.4,0.3333,0.3333,0.6667,0.6667,0.3333,0.3333,1,1,0,0,0,0,0.2222,0.2222,0,0,32,32,0.0,0.0,100.0,100.0,2,2,Consolidation; Pneumothorax,Pleural Effusion; No Finding,40.67,40.67,0.0,Moderate,0.2222,0.9,0.6,0.75,0.8182,0.4,0.3333,0.6667,0.2222,0,39.11,Moderate,40.67,v2+GCRF
2368,2368_IM-0928-1001.dcm.png,False,1,0.75,0.75,0.8182,0.8182,0.6,0.6,0.9,0.9,0.6667,0.6667,0.25,0.25,0.25,0.25,0.75,0.75,0.25,0.25,1,1,0,0,0,0,0.2222,0.2222,0,0,18,18,0.6667,0.6667,0.0,0.0,0,1,,No Finding,17.5,17.5,0.0,Low,0.2222,0.8182,0.75,0.6,0.9,0.25,0.25,0.75,0.2222,0,18.75,Low,17.5,v2+GCRF
2379,2379_IM-0939-1001.dcm.png,False,1,0.6,0.6,0.9,0.9,0.75,0.75,0.8182,0.8182,0.6667,0.6667,0.4,0.4,0.3333,0.3333,0.6667,0.6667,0.3333,0.3333,1,1,0,0,0,0,0.2222,0.2222,0,0,32,32,0.5,0.5,0.0,0.0,0,4,,Lung Opacity; Pleural Effusion; Support Devices; No Finding,25.67,25.67,0.0,Low,0.2222,0.9,0.6,0.75,0.8182,0.4,0.3333,0.6667,0.2222,0,24.11,Low,25.67,v2+GCRF
2383,2383_IM-0941-1001.dcm.png,False,1,0.5,0.5,0.8889,0.8889,0.75,0.75,0.7273,0.7273,0.6,0.6,0.5,0.5,0.6,0.6,0.4,0.4,0.6,0.6,1,1,0,0,0,0,0.3333,0.3333,1,1,27,27,0.4,0.4,0.0,0.0,0,3,,Cardiomegaly; Pleural Effusion; Support Devices,38.5,38.5,0.0,Moderate,0.3333,0.8889,0.5,0.75,0.7273,0.5,0.6,0.4,0.3333,1,35.98,Moderate,38.5,v2+GCRF
2413,2413_IM-0959-1001.dcm.png,False,1,0.5,0.5,0.8182,0.8182,0.5,0.5,0.8182,0.8182,0.5,0.5,0.5,0.5,0.5,0.5,0.5,0.5,0.5,0.5,1,1,0,0,0,0,0.2222,0.2222,0,0,18,18,0.4,0.4,0.0,0.0,0,3,,Lung Opacity; Pleural Effusion; No Finding,35.0,35.0,0.0,Moderate,0.2222,0.8182,0.5,0.5,0.8182,0.5,0.5,0.5,0.2222,0,32.4,Moderate,35.0,v2+GCRF
2415,2415_IM-0961-1001.dcm.png,False,1,0.4,0.4,0.9,0.9,0.6667,0.6667,0.75,0.75,0.5,0.5,0.6,0.6,0.5,0.5,0.5,0.5,0.5,0.5,1,1,0,0,0,0,0.1111,0.1111,0,0,26,26,0.6667,0.6667,0.0,0.0,0,1,,Atelectasis,38.5,38.5,0.0,Moderate,0.1111,0.9,0.4,0.6667,0.75,0.6,0.5,0.5,0.1111,0,33.01,Moderate,38.5,v2+GCRF
2416,2416_IM-0961-1001.dcm.png,True,2,0.0,0.0,0.9,0.9091,0.0,0.0,0.6429,0.7143,0.0,0.0,1.0,1.0,0.6,0.75,0.4,0.25,0.6,0.75,1,1,0,0,0,0,0.2222,0.2222,0,0,28,26,0.0,0.0,0.0,0.0,0,1,,Cardiomegaly,56.0,61.25,5.25,High,0.2222,0.9091,0.0,0.0,0.7143,1.0,0.75,0.25,0.2222,0,50.87,High,61.25,v2+GCRF
2425,2425_IM-0967-1001.dcm.png,False,1,0.0,0.0,0.9091,0.9091,0.0,0.0,0.7143,0.7143,0.0,0.0,1.0,1.0,0.5,0.5,0.5,0.5,0.5,0.5,1,1,0,0,0,0,0.2222,0.2222,0,0,18,18,0.0,0.0,0.0,0.0,0,0,,,52.5,52.5,0.0,High,0.2222,0.9091,0.0,0.0,0.7143,1.0,0.5,0.5,0.2222,0,43.87,Moderate,52.5,v2+GCRF
2425,2425_IM-0967-1001.dcm.png,False,1,0.0,0.0,0.9091,0.9091,0.0,0.0,0.7143,0.7143,0.0,0.0,1.0,1.0,0.5,0.5,0.5,0.5,0.5,0.5,1,1,0,0,0,0,0.2222,0.2222,0,0,18,18,0.0,0.0,0.0,0.0,0,0,,,52.5,52.5,0.0,High,0.2222,0.9091,0.0,0.0,0.7143,1.0,0.5,0.5,0.2222,0,43.87,Moderate,52.5,v2+GCRF
2425,2425_IM-0967-1001.dcm.png,False,1,0.0,0.0,0.9091,0.9091,0.0,0.0,0.7143,0.7143,0.0,0.0,1.0,1.0,0.5,0.5,0.5,0.5,0.5,0.5,1,1,0,0,0,0,0.2222,0.2222,0,0,18,18,0.0,0.0,0.0,0.0,0,0,,,52.5,52.5,0.0,High,0.2222,0.9091,0.0,0.0,0.7143,1.0,0.75,0.25,0.2222,0,43.87,Moderate,52.5,v2+GCRF
2425,2425_IM-0967-1001.dcm.png,False,1,0.0,0.0,0.9091,0.9091,0.0,0.0,0.7143,0.7143,0.0,0.0,1.0,1.0,0.5,0.5,0.5,0.5,0.5,0.5,1,1,0,0,0,0,0.2222,0.2222,0,0,18,18,0.0,0.0,0.0,0.0,0,0,,,52.5,52.5,0.0,High,0.2222,0.9091,0.0,0.0,0.7143,1.0,0.75,0.25,0.2222,0,43.87,Moderate,52.5,v2+GCRF
2425,2425_IM-0967-1001.dcm.png,False,1,0.0,0.0,0.9091,0.9091,0.0,0.0,0.7143,0.7143,0.0,0.0,1.0,1.0,0.5,0.5,0.5,0.5,0.5,0.5,1,1,0,0,0,0,0.2222,0.2222,0,0,18,18,0.0,0.0,0.0,0.0,0,0,,,52.5,52.5,0.0,High,0.2222,0.9091,0.0,0.0,0.7143,1.0,0.5,0.5,0.2222,0,43.87,Moderate,52.5,v2+GCRF
2425,2425_IM-0967-1001.dcm.png,False,1,0.0,0.0,0.9091,0.9091,0.0,0.0,0.7143,0.7143,0.0,0.0,1.0,1.0,0.5,0.5,0.5,0.5,0.5,0.5,1,1,0,0,0,0,0.2222,0.2222,0,0,18,18,0.0,0.0,0.0,0.0,0,0,,,52.5,52.5,0.0,High,0.2222,0.9091,0.0,0.0,0.7143,1.0,0.5,0.5,0.2222,0,43.87,Moderate,52.5,v2+GCRF
2425,2425_IM-0967-1001.dcm.png,False,1,0.0,0.0,0.9091,0.9091,0.0,0.0,0.7143,0.7143,0.0,0.0,1.0,1.0,0.5,0.5,0.5,0.5,0.5,0.5,1,1,0,0,0,0,0.2222,0.2222,0,0,18,18,0.0,0.0,0.0,0.0,0,0,,,52.5,52.5,0.0,High,0.2222,0.9091,0.0,0.0,0.7143,1.0,0.75,0.25,0.2222,0,43.87,Moderate,52.5,v2+GCRF
2425,2425_IM-0967-1001.dcm.png,False,1,0.0,0.0,0.9091,0.9091,0.0,0.0,0.7143,0.7143,0.0,0.0,1.0,1.0,0.5,0.5,0.5,0.5,0.5,0.5,1,1,0,0,0,0,0.2222,0.2222,0,0,18,18,0.0,0.0,0.0,0.0,0,0,,,52.5,52.5,0.0,High,0.2222,0.9091,0.0,0.0,0.7143,1.0,0.75,0.25,0.2222,0,43.87,Moderate,52.5,v2+GCRF
2425,2425_IM-0967-1001.dcm.png,False,1,0.0,0.0,0.9091,0.9091,0.0,0.0,0.7143,0.7143,0.0,0.0,1.0,1.0,0.5,0.5,0.5,0.5,0.5,0.5,1,1,0,0,0,0,0.2222,0.2222,0,0,18,18,0.0,0.0,0.0,0.0,0,0,,,52.5,52.5,0.0,High,0.2222,0.9091,0.0,0.0,0.7143,1.0,0.5,0.5,0.2222,0,43.87,Moderate,52.5,v2+GCRF
2425,2425_IM-0967-1001.dcm.png,False,1,0.0,0.0,0.9091,0.9091,0.0,0.0,0.7143,0.7143,0.0,0.0,1.0,1.0,0.5,0.5,0.5,0.5,0.5,0.5,1,1,0,0,0,0,0.2222,0.2222,0,0,18,18,0.0,0.0,0.0,0.0,0,0,,,52.5,52.5,0.0,High,0.2222,0.9091,0.0,0.0,0.7143,1.0,0.5,0.5,0.2222,0,43.87,Moderate,52.5,v2+GCRF
2425,2425_IM-0967-1001.dcm.png,False,1,0.0,0.0,0.9091,0.9091,0.0,0.0,0.7143,0.7143,0.0,0.0,1.0,1.0,0.5,0.5,0.5,0.5,0.5,0.5,1,1,0,0,0,0,0.2222,0.2222,0,0,18,18,0.0,0.0,0.0,0.0,0,0,,,52.5,52.5,0.0,High,0.2222,0.9091,0.0,0.0,0.7143,1.0,0.75,0.25,0.2222,0,43.87,Moderate,52.5,v2+GCRF
2425,2425_IM-0967-1001.dcm.png,False,1,0.0,0.0,0.9091,0.9091,0.0,0.0,0.7143,0.7143,0.0,0.0,1.0,1.0,0.5,0.5,0.5,0.5,0.5,0.5,1,1,0,0,0,0,0.2222,0.2222,0,0,18,18,0.0,0.0,0.0,0.0,0,0,,,52.5,52.5,0.0,High,0.2222,0.9091,0.0,0.0,0.7143,1.0,0.75,0.25,0.2222,0,43.87,Moderate,52.5,v2+GCRF
2425,2425_IM-0967-1001.dcm.png,False,1,0.0,0.0,0.9091,0.9091,0.0,0.0,0.7143,0.7143,0.0,0.0,1.0,1.0,0.5,0.5,0.5,0.5,0.5,0.5,1,1,0,0,0,0,0.2222,0.2222,0,0,18,18,0.0,0.0,0.0,0.0,0,0,,,52.5,52.5,0.0,High,0.2222,0.9091,0.0,0.0,0.7143,1.0,0.5,0.5,0.2222,0,43.87,Moderate,52.5,v2+GCRF
2425,2425_IM-0967-1001.dcm.png,False,1,0.0,0.0,0.9091,0.9091,0.0,0.0,0.7143,0.7143,0.0,0.0,1.0,1.0,0.5,0.5,0.5,0.5,0.5,0.5,1,1,0,0,0,0,0.2222,0.2222,0,0,18,18,0.0,0.0,0.0,0.0,0,0,,,52.5,52.5,0.0,High,0.2222,0.9091,0.0,0.0,0.7143,1.0,0.5,0.5,0.2222,0,43.87,Moderate,52.5,v2+GCRF
2425,2425_IM-0967-1001.dcm.png,False,1,0.0,0.0,0.9091,0.9091,0.0,0.0,0.7143,0.7143,0.0,0.0,1.0,1.0,0.5,0.5,0.5,0.5,0.5,0.5,1,1,0,0,0,0,0.2222,0.2222,0,0,18,18,0.0,0.0,0.0,0.0,0,0,,,52.5,52.5,0.0,High,0.2222,0.9091,0.0,0.0,0.7143,1.0,0.75,0.25,0.2222,0,43.87,Moderate,52.5,v2+GCRF
2425,2425_IM-0967-1001.dcm.png,False,1,0.0,0.0,0.9091,0.9091,0.0,0.0,0.7143,0.7143,0.0,0.0,1.0,1.0,0.5,0.5,0.5,0.5,0.5,0.5,1,1,0,0,0,0,0.2222,0.2222,0,0,18,18,0.0,0.0,0.0,0.0,0,0,,,52.5,52.5,0.0,High,0.2222,0.9091,0.0,0.0,0.7143,1.0,0.75,0.25,0.2222,0,43.87,Moderate,52.5,v2+GCRF
2425,2425_IM-0967-3001.dcm.png,True,2,0.0,0.0,0.9,0.9091,0.0,0.0,0.6429,0.7143,0.0,0.0,1.0,1.0,0.6,0.75,0.4,0.25,0.6,0.75,1,1,0,0,0,0,0.2222,0.2222,0,0,28,26,0.0,0.0,0.0,0.0,0,0,,,56.0,61.25,5.25,High,0.2222,0.9091,0.0,0.0,0.7143,1.0,0.5,0.5,0.2222,0,50.87,High,61.25,v2+GCRF
2425,2425_IM-0967-3001.dcm.png,True,2,0.0,0.0,0.9,0.9091,0.0,0.0,0.6429,0.7143,0.0,0.0,1.0,1.0,0.6,0.75,0.4,0.25,0.6,0.75,1,1,0,0,0,0,0.2222,0.2222,0,0,28,26,0.0,0.0,0.0,0.0,0,0,,,56.0,61.25,5.25,High,0.2222,0.9091,0.0,0.0,0.7143,1.0,0.5,0.5,0.2222,0,50.87,High,61.25,v2+GCRF
2425,2425_IM-0967-3001.dcm.png,True,2,0.0,0.0,0.9,0.9091,0.0,0.0,0.6429,0.7143,0.0,0.0,1.0,1.0,0.6,0.75,0.4,0.25,0.6,0.75,1,1,0,0,0,0,0.2222,0.2222,0,0,28,26,0.0,0.0,0.0,0.0,0,0,,,56.0,61.25,5.25,High,0.2222,0.9091,0.0,0.0,0.7143,1.0,0.75,0.25,0.2222,0,50.87,High,61.25,v2+GCRF
2425,2425_IM-0967-3001.dcm.png,True,2,0.0,0.0,0.9,0.9091,0.0,0.0,0.6429,0.7143,0.0,0.0,1.0,1.0,0.6,0.75,0.4,0.25,0.6,0.75,1,1,0,0,0,0,0.2222,0.2222,0,0,28,26,0.0,0.0,0.0,0.0,0,0,,,56.0,61.25,5.25,High,0.2222,0.9091,0.0,0.0,0.7143,1.0,0.75,0.25,0.2222,0,50.87,High,61.25,v2+GCRF
2425,2425_IM-0967-3001.dcm.png,True,2,0.0,0.0,0.9,0.9091,0.0,0.0,0.6429,0.7143,0.0,0.0,1.0,1.0,0.6,0.75,0.4,0.25,0.6,0.75,1,1,0,0,0,0,0.2222,0.2222,0,0,28,26,0.0,0.0,0.0,0.0,0,0,,,56.0,61.25,5.25,High,0.2222,0.9091,0.0,0.0,0.7143,1.0,0.5,0.5,0.2222,0,50.87,High,61.25,v2+GCRF
2425,2425_IM-0967-3001.dcm.png,True,2,0.0,0.0,0.9,0.9091,0.0,0.0,0.6429,0.7143,0.0,0.0,1.0,1.0,0.6,0.75,0.4,0.25,0.6,0.75,1,1,0,0,0,0,0.2222,0.2222,0,0,28,26,0.0,0.0,0.0,0.0,0,0,,,56.0,61.25,5.25,High,0.2222,0.9091,0.0,0.0,0.7143,1.0,0.5,0.5,0.2222,0,50.87,High,61.25,v2+GCRF
2425,2425_IM-0967-3001.dcm.png,True,2,0.0,0.0,0.9,0.9091,0.0,0.0,0.6429,0.7143,0.0,0.0,1.0,1.0,0.6,0.75,0.4,0.25,0.6,0.75,1,1,0,0,0,0,0.2222,0.2222,0,0,28,26,0.0,0.0,0.0,0.0,0,0,,,56.0,61.25,5.25,High,0.2222,0.9091,0.0,0.0,0.7143,1.0,0.75,0.25,0.2222,0,50.87,High,61.25,v2+GCRF
2425,2425_IM-0967-3001.dcm.png,True,2,0.0,0.0,0.9,0.9091,0.0,0.0,0.6429,0.7143,0.0,0.0,1.0,1.0,0.6,0.75,0.4,0.25,0.6,0.75,1,1,0,0,0,0,0.2222,0.2222,0,0,28,26,0.0,0.0,0.0,0.0,0,0,,,56.0,61.25,5.25,High,0.2222,0.9091,0.0,0.0,0.7143,1.0,0.75,0.25,0.2222,0,50.87,High,61.25,v2+GCRF
2425,2425_IM-0967-3001.dcm.png,True,2,0.0,0.0,0.9,0.9091,0.0,0.0,0.6429,0.7143,0.0,0.0,1.0,1.0,0.6,0.75,0.4,0.25,0.6,0.75,1,1,0,0,0,0,0.2222,0.2222,0,0,28,26,0.0,0.0,0.0,0.0,0,0,,,56.0,61.25,5.25,High,0.2222,0.9091,0.0,0.0,0.7143,1.0,0.5,0.5,0.2222,0,50.87,High,61.25,v2+GCRF
2425,2425_IM-0967-3001.dcm.png,True,2,0.0,0.0,0.9,0.9091,0.0,0.0,0.6429,0.7143,0.0,0.0,1.0,1.0,0.6,0.75,0.4,0.25,0.6,0.75,1,1,0,0,0,0,0.2222,0.2222,0,0,28,26,0.0,0.0,0.0,0.0,0,0,,,56.0,61.25,5.25,High,0.2222,0.9091,0.0,0.0,0.7143,1.0,0.5,0.5,0.2222,0,50.87,High,61.25,v2+GCRF
2425,2425_IM-0967-3001.dcm.png,True,2,0.0,0.0,0.9,0.9091,0.0,0.0,0.6429,0.7143,0.0,0.0,1.0,1.0,0.6,0.75,0.4,0.25,0.6,0.75,1,1,0,0,0,0,0.2222,0.2222,0,0,28,26,0.0,0.0,0.0,0.0,0,0,,,56.0,61.25,5.25,High,0.2222,0.9091,0.0,0.0,0.7143,1.0,0.75,0.25,0.2222,0,50.87,High,61.25,v2+GCRF
2425,2425_IM-0967-3001.dcm.png,True,2,0.0,0.0,0.9,0.9091,0.0,0.0,0.6429,0.7143,0.0,0.0,1.0,1.0,0.6,0.75,0.4,0.25,0.6,0.75,1,1,0,0,0,0,0.2222,0.2222,0,0,28,26,0.0,0.0,0.0,0.0,0,0,,,56.0,61.25,5.25,High,0.2222,0.9091,0.0,0.0,0.7143,1.0,0.75,0.25,0.2222,0,50.87,High,61.25,v2+GCRF
2425,2425_IM-0967-3001.dcm.png,True,2,0.0,0.0,0.9,0.9091,0.0,0.0,0.6429,0.7143,0.0,0.0,1.0,1.0,0.6,0.75,0.4,0.25,0.6,0.75,1,1,0,0,0,0,0.2222,0.2222,0,0,28,26,0.0,0.0,0.0,0.0,0,0,,,56.0,61.25,5.25,High,0.2222,0.9091,0.0,0.0,0.7143,1.0,0.5,0.5,0.2222,0,50.87,High,61.25,v2+GCRF
2425,2425_IM-0967-3001.dcm.png,True,2,0.0,0.0,0.9,0.9091,0.0,0.0,0.6429,0.7143,0.0,0.0,1.0,1.0,0.6,0.75,0.4,0.25,0.6,0.75,1,1,0,0,0,0,0.2222,0.2222,0,0,28,26,0.0,0.0,0.0,0.0,0,0,,,56.0,61.25,5.25,High,0.2222,0.9091,0.0,0.0,0.7143,1.0,0.5,0.5,0.2222,0,50.87,High,61.25,v2+GCRF
2425,2425_IM-0967-3001.dcm.png,True,2,0.0,0.0,0.9,0.9091,0.0,0.0,0.6429,0.7143,0.0,0.0,1.0,1.0,0.6,0.75,0.4,0.25,0.6,0.75,1,1,0,0,0,0,0.2222,0.2222,0,0,28,26,0.0,0.0,0.0,0.0,0,0,,,56.0,61.25,5.25,High,0.2222,0.9091,0.0,0.0,0.7143,1.0,0.75,0.25,0.2222,0,50.87,High,61.25,v2+GCRF
2425,2425_IM-0967-3001.dcm.png,True,2,0.0,0.0,0.9,0.9091,0.0,0.0,0.6429,0.7143,0.0,0.0,1.0,1.0,0.6,0.75,0.4,0.25,0.6,0.75,1,1,0,0,0,0,0.2222,0.2222,0,0,28,26,0.0,0.0,0.0,0.0,0,0,,,56.0,61.25,5.25,High,0.2222,0.9091,0.0,0.0,0.7143,1.0,0.75,0.25,0.2222,0,50.87,High,61.25,v2+GCRF
2427,2427_IM-0969-4001.dcm.png,False,1,0.4,0.4,0.8,0.8,0.5,0.5,0.7273,0.7273,0.4444,0.4444,0.6,0.6,0.6,0.6,0.4,0.4,0.6,0.6,1,1,0,0,0,0,0.2222,0.2222,0,0,26,26,0.0,0.0,50.0,50.0,1,3,Pneumothorax,Pleural Effusion; Support Devices; No Finding,49.5,49.5,0.0,Moderate,0.2222,0.8,0.4,0.5,0.7273,0.6,0.6,0.4,0.2222,0,46.1,Moderate,49.5,v2+GCRF
2428,2428_IM-0970-1001.dcm.png,False,1,0.5,0.5,0.6364,0.6364,0.3333,0.3333,0.7778,0.7778,0.4,0.4,0.5,0.5,0.5,0.5,0.5,0.5,0.5,0.5,1,1,0,0,0,0,0.2222,0.2222,0,0,18,18,0.0,0.0,100.0,100.0,1,5,Pneumothorax,Lung Lesion; Edema; Consolidation; Pleural Effusion; No Finding,50.0,50.0,0.0,High,0.2222,0.6364,0.5,0.3333,0.7778,0.5,0.5,0.5,0.2222,0,50.45,High,50.0,v2+GCRF
2431,2431_IM-0973-1001.dcm.png,False,1,0.75,0.75,0.9091,0.9091,0.75,0.75,0.9091,0.9091,0.75,0.75,0.25,0.25,0.25,0.25,0.75,0.75,0.25,0.25,1,1,0,0,0,0,0.2222,0.2222,0,0,18,18,0.0,0.0,100.0,100.0,1,2,Pneumothorax,Consolidation; Pleural Effusion,32.5,32.5,0.0,Moderate,0.2222,0.9091,0.75,0.75,0.9091,0.25,0.25,0.75,0.2222,0,32.31,Moderate,32.5,v2+GCRF
2433,2433_IM-0975-2001.dcm.png,False,1,0.3333,0.3333,0.7778,0.7778,0.5,0.5,0.6364,0.6364,0.4,0.4,0.6667,0.6667,0.6,0.6,0.4,0.4,0.6,0.6,1,1,0,0,0,0,0.3333,0.3333,1,1,37,37,0.3333,0.3333,0.0,0.0,0,4,,Atelectasis; Pleural Effusion; Support Devices; No Finding,44.33,44.33,0.0,Moderate,0.3333,0.7778,0.3333,0.5,0.6364,0.6667,0.6,0.4,0.3333,1,42.38,Moderate,44.33,v2+GCRF
2433,2433_IM-0975-2001.dcm.png,False,1,0.3333,0.3333,0.7778,0.7778,0.5,0.5,0.6364,0.6364,0.4,0.4,0.6667,0.6667,0.6,0.6,0.4,0.4,0.6,0.6,1,1,0,0,0,0,0.3333,0.3333,1,1,37,37,0.3333,0.3333,0.0,0.0,0,4,,Atelectasis; Pleural Effusion; Support Devices; No Finding,44.33,44.33,0.0,Moderate,0.3333,0.7778,0.3333,0.5,0.6364,0.6667,0.6,0.4,0.3333,1,42.38,Moderate,44.33,v2+GCRF
2433,2433_IM-0975-2001.dcm.png,False,1,0.3333,0.3333,0.7778,0.7778,0.5,0.5,0.6364,0.6364,0.4,0.4,0.6667,0.6667,0.6,0.6,0.4,0.4,0.6,0.6,1,1,0,0,0,0,0.3333,0.3333,1,1,37,37,0.3333,0.3333,0.0,0.0,0,4,,Atelectasis; Pleural Effusion; Support Devices; No Finding,44.33,44.33,0.0,Moderate,0.3333,0.8,0.4,0.5,0.7273,0.6,0.3333,0.6667,0.3333,1,42.38,Moderate,44.33,v2+GCRF
2433,2433_IM-0975-2001.dcm.png,False,1,0.3333,0.3333,0.7778,0.7778,0.5,0.5,0.6364,0.6364,0.4,0.4,0.6667,0.6667,0.6,0.6,0.4,0.4,0.6,0.6,1,1,0,0,0,0,0.3333,0.3333,1,1,37,37,0.3333,0.3333,0.0,0.0,0,4,,Atelectasis; Pleural Effusion; Support Devices; No Finding,44.33,44.33,0.0,Moderate,0.3333,0.8,0.4,0.5,0.7273,0.6,0.3333,0.6667,0.3333,1,42.38,Moderate,44.33,v2+GCRF
2433,2433_IM-0975-2001.dcm.png,False,1,0.3333,0.3333,0.7778,0.7778,0.5,0.5,0.6364,0.6364,0.4,0.4,0.6667,0.6667,0.6,0.6,0.4,0.4,0.6,0.6,1,1,0,0,0,0,0.3333,0.3333,1,1,37,37,0.3333,0.3333,0.0,0.0,0,4,,Atelectasis; Pleural Effusion; Support Devices; No Finding,44.33,44.33,0.0,Moderate,0.3333,0.7778,0.3333,0.5,0.6364,0.6667,0.6,0.4,0.3333,1,42.38,Moderate,44.33,v2+GCRF
2433,2433_IM-0975-2001.dcm.png,False,1,0.3333,0.3333,0.7778,0.7778,0.5,0.5,0.6364,0.6364,0.4,0.4,0.6667,0.6667,0.6,0.6,0.4,0.4,0.6,0.6,1,1,0,0,0,0,0.3333,0.3333,1,1,37,37,0.3333,0.3333,0.0,0.0,0,4,,Atelectasis; Pleural Effusion; Support Devices; No Finding,44.33,44.33,0.0,Moderate,0.3333,0.7778,0.3333,0.5,0.6364,0.6667,0.6,0.4,0.3333,1,42.38,Moderate,44.33,v2+GCRF
2433,2433_IM-0975-2001.dcm.png,False,1,0.3333,0.3333,0.7778,0.7778,0.5,0.5,0.6364,0.6364,0.4,0.4,0.6667,0.6667,0.6,0.6,0.4,0.4,0.6,0.6,1,1,0,0,0,0,0.3333,0.3333,1,1,37,37,0.3333,0.3333,0.0,0.0,0,4,,Atelectasis; Pleural Effusion; Support Devices; No Finding,44.33,44.33,0.0,Moderate,0.3333,0.8,0.4,0.5,0.7273,0.6,0.3333,0.6667,0.3333,1,42.38,Moderate,44.33,v2+GCRF
2433,2433_IM-0975-2001.dcm.png,False,1,0.3333,0.3333,0.7778,0.7778,0.5,0.5,0.6364,0.6364,0.4,0.4,0.6667,0.6667,0.6,0.6,0.4,0.4,0.6,0.6,1,1,0,0,0,0,0.3333,0.3333,1,1,37,37,0.3333,0.3333,0.0,0.0,0,4,,Atelectasis; Pleural Effusion; Support Devices; No Finding,44.33,44.33,0.0,Moderate,0.3333,0.8,0.4,0.5,0.7273,0.6,0.3333,0.6667,0.3333,1,42.38,Moderate,44.33,v2+GCRF
2433,2433_IM-0975-2001.dcm.png,False,1,0.3333,0.3333,0.7778,0.7778,0.5,0.5,0.6364,0.6364,0.4,0.4,0.6667,0.6667,0.6,0.6,0.4,0.4,0.6,0.6,1,1,0,0,0,0,0.3333,0.3333,1,1,37,37,0.3333,0.3333,0.0,0.0,0,4,,Atelectasis; Pleural Effusion; Support Devices; No Finding,44.33,44.33,0.0,Moderate,0.3333,0.7778,0.3333,0.5,0.6364,0.6667,0.6,0.4,0.3333,1,42.38,Moderate,44.33,v2+GCRF
2433,2433_IM-0975-2001.dcm.png,False,1,0.3333,0.3333,0.7778,0.7778,0.5,0.5,0.6364,0.6364,0.4,0.4,0.6667,0.6667,0.6,0.6,0.4,0.4,0.6,0.6,1,1,0,0,0,0,0.3333,0.3333,1,1,37,37,0.3333,0.3333,0.0,0.0,0,4,,Atelectasis; Pleural Effusion; Support Devices; No Finding,44.33,44.33,0.0,Moderate,0.3333,0.7778,0.3333,0.5,0.6364,0.6667,0.6,0.4,0.3333,1,42.38,Moderate,44.33,v2+GCRF
2433,2433_IM-0975-2001.dcm.png,False,1,0.3333,0.3333,0.7778,0.7778,0.5,0.5,0.6364,0.6364,0.4,0.4,0.6667,0.6667,0.6,0.6,0.4,0.4,0.6,0.6,1,1,0,0,0,0,0.3333,0.3333,1,1,37,37,0.3333,0.3333,0.0,0.0,0,4,,Atelectasis; Pleural Effusion; Support Devices; No Finding,44.33,44.33,0.0,Moderate,0.3333,0.8,0.4,0.5,0.7273,0.6,0.3333,0.6667,0.3333,1,42.38,Moderate,44.33,v2+GCRF
2433,2433_IM-0975-2001.dcm.png,False,1,0.3333,0.3333,0.7778,0.7778,0.5,0.5,0.6364,0.6364,0.4,0.4,0.6667,0.6667,0.6,0.6,0.4,0.4,0.6,0.6,1,1,0,0,0,0,0.3333,0.3333,1,1,37,37,0.3333,0.3333,0.0,0.0,0,4,,Atelectasis; Pleural Effusion; Support Devices; No Finding,44.33,44.33,0.0,Moderate,0.3333,0.8,0.4,0.5,0.7273,0.6,0.3333,0.6667,0.3333,1,42.38,Moderate,44.33,v2+GCRF
2433,2433_IM-0975-2001.dcm.png,False,1,0.3333,0.3333,0.7778,0.7778,0.5,0.5,0.6364,0.6364,0.4,0.4,0.6667,0.6667,0.6,0.6,0.4,0.4,0.6,0.6,1,1,0,0,0,0,0.3333,0.3333,1,1,37,37,0.3333,0.3333,0.0,0.0,0,4,,Atelectasis; Pleural Effusion; Support Devices; No Finding,44.33,44.33,0.0,Moderate,0.3333,0.7778,0.3333,0.5,0.6364,0.6667,0.6,0.4,0.3333,1,42.38,Moderate,44.33,v2+GCRF
2433,2433_IM-0975-2001.dcm.png,False,1,0.3333,0.3333,0.7778,0.7778,0.5,0.5,0.6364,0.6364,0.4,0.4,0.6667,0.6667,0.6,0.6,0.4,0.4,0.6,0.6,1,1,0,0,0,0,0.3333,0.3333,1,1,37,37,0.3333,0.3333,0.0,0.0,0,4,,Atelectasis; Pleural Effusion; Support Devices; No Finding,44.33,44.33,0.0,Moderate,0.3333,0.7778,0.3333,0.5,0.6364,0.6667,0.6,0.4,0.3333,1,42.38,Moderate,44.33,v2+GCRF
2433,2433_IM-0975-2001.dcm.png,False,1,0.3333,0.3333,0.7778,0.7778,0.5,0.5,0.6364,0.6364,0.4,0.4,0.6667,0.6667,0.6,0.6,0.4,0.4,0.6,0.6,1,1,0,0,0,0,0.3333,0.3333,1,1,37,37,0.3333,0.3333,0.0,0.0,0,4,,Atelectasis; Pleural Effusion; Support Devices; No Finding,44.33,44.33,0.0,Moderate,0.3333,0.8,0.4,0.5,0.7273,0.6,0.3333,0.6667,0.3333,1,42.38,Moderate,44.33,v2+GCRF
2433,2433_IM-0975-2001.dcm.png,False,1,0.3333,0.3333,0.7778,0.7778,0.5,0.5,0.6364,0.6364,0.4,0.4,0.6667,0.6667,0.6,0.6,0.4,0.4,0.6,0.6,1,1,0,0,0,0,0.3333,0.3333,1,1,37,37,0.3333,0.3333,0.0,0.0,0,4,,Atelectasis; Pleural Effusion; Support Devices; No Finding,44.33,44.33,0.0,Moderate,0.3333,0.8,0.4,0.5,0.7273,0.6,0.3333,0.6667,0.3333,1,42.38,Moderate,44.33,v2+GCRF
2433,2433_IM-0975-3001.dcm.png,True,2,0.1667,0.4,0.6667,0.8,0.25,0.5,0.5455,0.7273,0.2,0.4444,0.8333,0.6,0.5714,0.3333,0.4286,0.6667,0.5714,0.3333,1,1,0,0,0,0,0.2222,0.3333,0,1,55,35,0.3333,0.5714,0.0,0.0,0,3,,Atelectasis; Pleural Effusion; No Finding,49.16,32.67,-16.49,Moderate,0.3333,0.7778,0.3333,0.5,0.6364,0.6667,0.6,0.4,0.3333,1,32.25,Moderate,32.67,v2+GCRF
2433,2433_IM-0975-3001.dcm.png,True,2,0.1667,0.4,0.6667,0.8,0.25,0.5,0.5455,0.7273,0.2,0.4444,0.8333,0.6,0.5714,0.3333,0.4286,0.6667,0.5714,0.3333,1,1,0,0,0,0,0.2222,0.3333,0,1,55,35,0.3333,0.5714,0.0,0.0,0,3,,Atelectasis; Pleural Effusion; No Finding,49.16,32.67,-16.49,Moderate,0.3333,0.7778,0.3333,0.5,0.6364,0.6667,0.6,0.4,0.3333,1,32.25,Moderate,32.67,v2+GCRF
2433,2433_IM-0975-3001.dcm.png,True,2,0.1667,0.4,0.6667,0.8,0.25,0.5,0.5455,0.7273,0.2,0.4444,0.8333,0.6,0.5714,0.3333,0.4286,0.6667,0.5714,0.3333,1,1,0,0,0,0,0.2222,0.3333,0,1,55,35,0.3333,0.5714,0.0,0.0,0,3,,Atelectasis; Pleural Effusion; No Finding,49.16,32.67,-16.49,Moderate,0.3333,0.8,0.4,0.5,0.7273,0.6,0.3333,0.6667,0.3333,1,32.25,Moderate,32.67,v2+GCRF
2433,2433_IM-0975-3001.dcm.png,True,2,0.1667,0.4,0.6667,0.8,0.25,0.5,0.5455,0.7273,0.2,0.4444,0.8333,0.6,0.5714,0.3333,0.4286,0.6667,0.5714,0.3333,1,1,0,0,0,0,0.2222,0.3333,0,1,55,35,0.3333,0.5714,0.0,0.0,0,3,,Atelectasis; Pleural Effusion; No Finding,49.16,32.67,-16.49,Moderate,0.3333,0.8,0.4,0.5,0.7273,0.6,0.3333,0.6667,0.3333,1,32.25,Moderate,32.67,v2+GCRF
2433,2433_IM-0975-3001.dcm.png,True,2,0.1667,0.4,0.6667,0.8,0.25,0.5,0.5455,0.7273,0.2,0.4444,0.8333,0.6,0.5714,0.3333,0.4286,0.6667,0.5714,0.3333,1,1,0,0,0,0,0.2222,0.3333,0,1,55,35,0.3333,0.5714,0.0,0.0,0,3,,Atelectasis; Pleural Effusion; No Finding,49.16,32.67,-16.49,Moderate,0.3333,0.7778,0.3333,0.5,0.6364,0.6667,0.6,0.4,0.3333,1,32.25,Moderate,32.67,v2+GCRF
2433,2433_IM-0975-3001.dcm.png,True,2,0.1667,0.4,0.6667,0.8,0.25,0.5,0.5455,0.7273,0.2,0.4444,0.8333,0.6,0.5714,0.3333,0.4286,0.6667,0.5714,0.3333,1,1,0,0,0,0,0.2222,0.3333,0,1,55,35,0.3333,0.5714,0.0,0.0,0,3,,Atelectasis; Pleural Effusion; No Finding,49.16,32.67,-16.49,Moderate,0.3333,0.7778,0.3333,0.5,0.6364,0.6667,0.6,0.4,0.3333,1,32.25,Moderate,32.67,v2+GCRF
2433,2433_IM-0975-3001.dcm.png,True,2,0.1667,0.4,0.6667,0.8,0.25,0.5,0.5455,0.7273,0.2,0.4444,0.8333,0.6,0.5714,0.3333,0.4286,0.6667,0.5714,0.3333,1,1,0,0,0,0,0.2222,0.3333,0,1,55,35,0.3333,0.5714,0.0,0.0,0,3,,Atelectasis; Pleural Effusion; No Finding,49.16,32.67,-16.49,Moderate,0.3333,0.8,0.4,0.5,0.7273,0.6,0.3333,0.6667,0.3333,1,32.25,Moderate,32.67,v2+GCRF
2433,2433_IM-0975-3001.dcm.png,True,2,0.1667,0.4,0.6667,0.8,0.25,0.5,0.5455,0.7273,0.2,0.4444,0.8333,0.6,0.5714,0.3333,0.4286,0.6667,0.5714,0.3333,1,1,0,0,0,0,0.2222,0.3333,0,1,55,35,0.3333,0.5714,0.0,0.0,0,3,,Atelectasis; Pleural Effusion; No Finding,49.16,32.67,-16.49,Moderate,0.3333,0.8,0.4,0.5,0.7273,0.6,0.3333,0.6667,0.3333,1,32.25,Moderate,32.67,v2+GCRF
2433,2433_IM-0975-3001.dcm.png,True,2,0.1667,0.4,0.6667,0.8,0.25,0.5,0.5455,0.7273,0.2,0.4444,0.8333,0.6,0.5714,0.3333,0.4286,0.6667,0.5714,0.3333,1,1,0,0,0,0,0.2222,0.3333,0,1,55,35,0.3333,0.5714,0.0,0.0,0,3,,Atelectasis; Pleural Effusion; No Finding,49.16,32.67,-16.49,Moderate,0.3333,0.7778,0.3333,0.5,0.6364,0.6667,0.6,0.4,0.3333,1,32.25,Moderate,32.67,v2+GCRF
2433,2433_IM-0975-3001.dcm.png,True,2,0.1667,0.4,0.6667,0.8,0.25,0.5,0.5455,0.7273,0.2,0.4444,0.8333,0.6,0.5714,0.3333,0.4286,0.6667,0.5714,0.3333,1,1,0,0,0,0,0.2222,0.3333,0,1,55,35,0.3333,0.5714,0.0,0.0,0,3,,Atelectasis; Pleural Effusion; No Finding,49.16,32.67,-16.49,Moderate,0.3333,0.7778,0.3333,0.5,0.6364,0.6667,0.6,0.4,0.3333,1,32.25,Moderate,32.67,v2+GCRF
2433,2433_IM-0975-3001.dcm.png,True,2,0.1667,0.4,0.6667,0.8,0.25,0.5,0.5455,0.7273,0.2,0.4444,0.8333,0.6,0.5714,0.3333,0.4286,0.6667,0.5714,0.3333,1,1,0,0,0,0,0.2222,0.3333,0,1,55,35,0.3333,0.5714,0.0,0.0,0,3,,Atelectasis; Pleural Effusion; No Finding,49.16,32.67,-16.49,Moderate,0.3333,0.8,0.4,0.5,0.7273,0.6,0.3333,0.6667,0.3333,1,32.25,Moderate,32.67,v2+GCRF
2433,2433_IM-0975-3001.dcm.png,True,2,0.1667,0.4,0.6667,0.8,0.25,0.5,0.5455,0.7273,0.2,0.4444,0.8333,0.6,0.5714,0.3333,0.4286,0.6667,0.5714,0.3333,1,1,0,0,0,0,0.2222,0.3333,0,1,55,35,0.3333,0.5714,0.0,0.0,0,3,,Atelectasis; Pleural Effusion; No Finding,49.16,32.67,-16.49,Moderate,0.3333,0.8,0.4,0.5,0.7273,0.6,0.3333,0.6667,0.3333,1,32.25,Moderate,32.67,v2+GCRF
2433,2433_IM-0975-3001.dcm.png,True,2,0.1667,0.4,0.6667,0.8,0.25,0.5,0.5455,0.7273,0.2,0.4444,0.8333,0.6,0.5714,0.3333,0.4286,0.6667,0.5714,0.3333,1,1,0,0,0,0,0.2222,0.3333,0,1,55,35,0.3333,0.5714,0.0,0.0,0,3,,Atelectasis; Pleural Effusion; No Finding,49.16,32.67,-16.49,Moderate,0.3333,0.7778,0.3333,0.5,0.6364,0.6667,0.6,0.4,0.3333,1,32.25,Moderate,32.67,v2+GCRF
2433,2433_IM-0975-3001.dcm.png,True,2,0.1667,0.4,0.6667,0.8,0.25,0.5,0.5455,0.7273,0.2,0.4444,0.8333,0.6,0.5714,0.3333,0.4286,0.6667,0.5714,0.3333,1,1,0,0,0,0,0.2222,0.3333,0,1,55,35,0.3333,0.5714,0.0,0.0,0,3,,Atelectasis; Pleural Effusion; No Finding,49.16,32.67,-16.49,Moderate,0.3333,0.7778,0.3333,0.5,0.6364,0.6667,0.6,0.4,0.3333,1,32.25,Moderate,32.67,v2+GCRF
2433,2433_IM-0975-3001.dcm.png,True,2,0.1667,0.4,0.6667,0.8,0.25,0.5,0.5455,0.7273,0.2,0.4444,0.8333,0.6,0.5714,0.3333,0.4286,0.6667,0.5714,0.3333,1,1,0,0,0,0,0.2222,0.3333,0,1,55,35,0.3333,0.5714,0.0,0.0,0,3,,Atelectasis; Pleural Effusion; No Finding,49.16,32.67,-16.49,Moderate,0.3333,0.8,0.4,0.5,0.7273,0.6,0.3333,0.6667,0.3333,1,32.25,Moderate,32.67,v2+GCRF
2433,2433_IM-0975-3001.dcm.png,True,2,0.1667,0.4,0.6667,0.8,0.25,0.5,0.5455,0.7273,0.2,0.4444,0.8333,0.6,0.5714,0.3333,0.4286,0.6667,0.5714,0.3333,1,1,0,0,0,0,0.2222,0.3333,0,1,55,35,0.3333,0.5714,0.0,0.0,0,3,,Atelectasis; Pleural Effusion; No Finding,49.16,32.67,-16.49,Moderate,0.3333,0.8,0.4,0.5,0.7273,0.6,0.3333,0.6667,0.3333,1,32.25,Moderate,32.67,v2+GCRF
2437,2437_IM-0977-2002.dcm.png,False,1,0.0,0.0,1.0,1.0,0.0,0.0,0.6667,0.6667,0.0,0.0,1.0,1.0,0.6,0.6,0.4,0.4,0.6,0.6,1,1,0,0,0,0,0.2222,0.2222,0,0,26,26,0.0,0.0,0.0,0.0,0,0,0,0,56.0,56.0,0.0,High,0.2222,1.0,0.0,0.0,0.6667,1.0,0.6,0.4,0.2222,0,45.69,Moderate,56.0,v2+GCRF
2448,2448_IM-0983-1001.dcm.png,False,1,0.6667,0.6667,1.0,1.0,1.0,1.0,0.9231,0.9231,0.8,0.8,0.3333,0.3333,0.2,0.2,0.8,0.8,0.2,0.2,1,1,0,0,0,0,0.0,0.0,0,0,25,25,0.6667,0.6667,0.0,0.0,0,1,,Pneumothorax,18.67,18.67,0.0,Low,0.0,1.0,0.6667,1.0,0.9231,0.3333,0.2,0.8,0.0,0,14.21,Hallucination-Free,18.67,v2+GCRF
2450,2450_IM-0986-1001.dcm.png,True,2,0.8,1.0,0.8,0.75,0.6667,0.5,0.8889,1.0,0.7273,0.6667,0.2,0.0,0.25,0.0,0.75,1.0,0.25,0.0,1,0,0,0,0,0,0.2222,0.2222,0,0,20,26,0.5,0.5,0.0,0.0,0,2,,Lung Opacity; No Finding,15.75,0.0,-15.75,Hallucination-Free,0.2222,0.75,1.0,0.5,1.0,0.0,0.0,1.0,0.2222,0,5.97,Hallucination-Free,0.0,v2+GCRF
2451,2451_IM-0987-1001.dcm.png,False,1,0.5,0.5,0.7273,0.7273,0.4,0.4,0.8,0.8,0.4444,0.4444,0.5,0.5,0.5,0.5,0.5,0.5,0.5,0.5,1,1,0,0,0,0,0.2222,0.2222,0,0,18,18,0.0,0.0,100.0,100.0,1,3,Pneumothorax,Lung Opacity; Pleural Effusion; No Finding,50.0,50.0,0.0,High,0.2222,0.7273,0.5,0.4,0.8,0.5,0.5,0.5,0.2222,0,48.91,Moderate,50.0,v2+GCRF
2475,2475_IM-1004-1001.dcm.png,False,1,0.0,0.0,1.0,1.0,0.0,0.0,0.6667,0.6667,0.0,0.0,1.0,1.0,0.6,0.6,0.4,0.4,0.6,0.6,1,1,0,0,0,0,0.2222,0.2222,0,0,26,26,0.0,0.0,0.0,0.0,0,0,0,0,56.0,56.0,0.0,High,0.2222,1.0,0.0,0.0,0.6667,1.0,0.6,0.4,0.2222,0,45.69,Moderate,56.0,v2+GCRF
2477,2477_IM-1006-1001.dcm.png,False,1,0.5,0.5,0.6667,0.6667,0.5,0.5,0.6667,0.6667,0.5,0.5,0.5,0.5,0.5,0.5,0.5,0.5,0.5,0.5,1,1,0,0,0,0,0.3333,0.3333,1,1,34,34,0.25,0.25,0.0,0.0,0,6,,Cardiomegaly; Lung Opacity; Atelectasis; Pleural Effusion; Support Devices; No Finding,35.0,35.0,0.0,Moderate,0.3333,0.6667,0.5,0.5,0.6667,0.5,0.5,0.5,0.3333,1,37.0,Moderate,35.0,v2+GCRF
2483,2483_IM-1012-1001.dcm.png,True,2,0.0,0.0,0.9,0.9,0.0,0.0,0.6429,0.6429,0.0,0.0,1.0,1.0,0.5,0.4444,0.5,0.5556,0.5,0.4444,1,1,0,0,0,1,0.2222,0.4444,0,1,39,60,0.0,0.0,0.0,0.0,0,1,,Edema,52.5,55.55,3.05,High,0.4444,0.9,0.0,0.0,0.6429,1.0,0.4444,0.5556,0.4444,1,45.24,Moderate,55.55,v2+GCRF
2485,2485_IM-1013-1001.dcm.png,True,2,0.5,0.75,1.0,1.0,1.0,1.0,0.75,0.9167,0.6667,0.8571,0.5,0.25,0.75,0.25,0.25,0.75,0.75,0.25,1,1,0,0,0,0,0.2222,0.2222,0,0,19,26,0.0,0.4,33.33,50.0,1,2,Pneumothorax,Lung Opacity; Support Devices,48.75,25.0,-23.75,Low,0.2222,1.0,0.75,1.0,0.9167,0.25,0.25,0.75,0.2222,0,23.39,Low,25.0,v2+GCRF
2489,2489_IM-1016-1001.dcm.png,False,1,0.75,0.75,0.8182,0.8182,0.6,0.6,0.9,0.9,0.6667,0.6667,0.25,0.25,0.25,0.25,0.75,0.75,0.25,0.25,1,1,0,0,0,0,0.2222,0.2222,0,0,18,18,0.5,0.5,0.0,0.0,0,2,,Atelectasis; No Finding,17.5,17.5,0.0,Low,0.2222,0.8182,0.75,0.6,0.9,0.25,0.25,0.75,0.2222,0,18.75,Low,17.5,v2+GCRF
2493,2493_IM-1019-8001.dcm.png,True,2,0.6,1.0,0.8,0.8333,0.6,0.6,0.8,1.0,0.6,0.75,0.4,0.0,0.5,0.0,0.5,1.0,0.5,0.0,1,0,0,0,0,0,0.2222,0.2222,0,0,20,26,0.5,0.5,0.0,0.0,0,2,,Support Devices; No Finding,31.5,0.0,-31.5,Hallucination-Free,0.2222,0.8333,1.0,0.6,1.0,0.0,0.0,1.0,0.2222,0,4.72,Hallucination-Free,0.0,v2+GCRF
2494,2494_IM-1020-1001.dcm.png,False,1,0.6,0.6,0.7,0.7,0.5,0.5,0.7778,0.7778,0.5455,0.5455,0.4,0.4,0.3333,0.3333,0.6667,0.6667,0.3333,0.3333,1,1,0,0,0,0,0.3333,0.3333,1,1,37,37,0.4,0.4,0.0,0.0,0,3,,Lung Opacity; Pneumonia; No Finding,25.67,25.67,0.0,Low,0.3333,0.7,0.6,0.5,0.7778,0.4,0.3333,0.6667,0.3333,1,28.54,Low,25.67,v2+GCRF
2511,2511_IM-1034-1001.dcm.png,False,1,0.5,0.5,0.8889,0.8889,0.75,0.75,0.7273,0.7273,0.6,0.6,0.5,0.5,0.4286,0.4286,0.5714,0.5714,0.4286,0.4286,1,1,0,0,1,1,0.3333,0.3333,1,1,39,39,0.5714,0.5714,0.0,0.0,0,3,,Pleural Effusion; Support Devices; No Finding,37.5,37.5,0.0,Moderate,0.3333,0.8889,0.5,0.75,0.7273,0.5,0.4286,0.5714,0.3333,1,31.18,Moderate,37.5,v2+GCRF
2516,2516_IM-1036-1001.dcm.png,False,1,0.6,0.6,0.8,0.8,0.6,0.6,0.8,0.8,0.6,0.6,0.4,0.4,0.4,0.4,0.6,0.6,0.4,0.4,1,1,0,0,0,0,0.2222,0.2222,0,0,26,26,0.3333,0.3333,50.0,50.0,1,3,Pneumothorax,Edema; Pleural Effusion; No Finding,35.5,35.5,0.0,Moderate,0.2222,0.8,0.6,0.6,0.8,0.4,0.4,0.6,0.2222,0,35.12,Moderate,35.5,v2+GCRF
2541,2541_IM-1053-3001.dcm.png,True,2,0.8,1.0,0.8,0.75,0.6667,0.5,0.8889,1.0,0.7273,0.6667,0.2,0.0,0.25,0.0,0.75,1.0,0.25,0.0,1,0,0,0,0,0,0.2222,0.2222,0,0,20,26,0.3333,0.0,50.0,100.0,1,4,Pneumothorax,Consolidation; Fracture; Support Devices; No Finding,23.25,15.0,-8.25,Low,0.2222,0.75,1.0,0.5,1.0,0.0,0.0,1.0,0.2222,0,20.97,Low,15.0,v2+GCRF
2551,2551_IM-1058-1001.dcm.png,True,2,0.4,0.25,1.0,0.9091,1.0,0.5,0.7692,0.7692,0.5714,0.3333,0.6,0.75,0.6,0.75,0.4,0.25,0.6,0.75,1,1,0,0,0,0,0.2222,0.2222,0,0,28,26,1.0,0.6667,0.0,50.0,1,0,Pleural Effusion,,42.0,60.0,18.0,High,0.2222,0.9091,0.25,0.5,0.7692,0.75,0.75,0.25,0.2222,0,51.93,High,60.0,v2+GCRF
2552,2552_IM-1058-1001.dcm.png,False,1,0.75,0.75,0.8182,0.8182,0.6,0.6,0.9,0.9,0.6667,0.6667,0.25,0.25,0.25,0.25,0.75,0.75,0.25,0.25,1,1,0,0,0,0,0.2222,0.2222,0,0,18,18,0.4,0.4,0.0,0.0,0,3,,Consolidation; Pleural Effusion; No Finding,17.5,17.5,0.0,Low,0.2222,0.8182,0.75,0.6,0.9,0.25,0.25,0.75,0.2222,0,18.75,Low,17.5,v2+GCRF
2553,2553_IM-1059-1001.dcm.png,False,1,0.8,0.8,0.8,0.8,0.6667,0.6667,0.8889,0.8889,0.7273,0.7273,0.2,0.2,0.1667,0.1667,0.8333,0.8333,0.1667,0.1667,1,1,0,0,0,0,0.3333,0.3333,1,1,41,41,0.4,0.4,0.0,0.0,0,3,,Lung Lesion; Consolidation; No Finding,12.83,12.83,0.0,Hallucination-Free,0.3333,0.8,0.8,0.6667,0.8889,0.2,0.1667,0.8333,0.3333,1,16.69,Low,12.83,v2+GCRF
2555,2555_IM-1060-1001.dcm.png,True,2,0.8,0.6667,1.0,0.8333,1.0,0.5,0.9091,0.9091,0.8889,0.5714,0.2,0.3333,0.25,0.25,0.75,0.75,0.25,0.25,1,1,0,0,0,0,0.2222,0.2222,0,0,20,26,1.0,0.6667,0.0,0.0,0,1,,Consolidation,15.75,20.42,4.67,Low,0.2222,0.8333,0.6667,0.5,0.9091,0.3333,0.25,0.75,0.2222,0,20.45,Low,20.42,v2+GCRF
2562,2562_IM-1065-1001.dcm.png,False,1,0.6667,0.6667,0.6667,0.6667,0.5714,0.5714,0.75,0.75,0.6154,0.6154,0.3333,0.3333,0.3333,0.3333,0.6667,0.6667,0.3333,0.3333,1,1,0,0,0,0,0.2222,0.2222,0,0,49,49,0.2857,0.2857,33.33,33.33,1,4,Lung Lesion,Lung Opacity; Atelectasis; Pleural Effusion; No Finding,28.33,28.33,0.0,Low,0.2222,0.6667,0.6667,0.5714,0.75,0.3333,0.3333,0.6667,0.2222,0,31.55,Moderate,28.33,v2+GCRF
2575,2575_IM-1075-1001.dcm.png,False,1,0.4,0.4,1.0,1.0,1.0,1.0,0.7692,0.7692,0.5714,0.5714,0.6,0.6,0.5,0.5,0.5,0.5,0.5,0.5,1,1,0,0,0,0,0.3333,0.3333,1,1,22,22,0.0,0.0,50.0,50.0,1,0,Pneumothorax,,46.0,46.0,0.0,Moderate,0.3333,1.0,0.4,1.0,0.7692,0.6,0.5,0.5,0.3333,1,41.08,Moderate,46.0,v2+GCRF
2578,2578_IM-1078-1001.dcm.png,True,2,0.6,0.5,0.8,0.7273,0.6,0.4,0.8,0.8,0.6,0.4444,0.4,0.5,0.4,0.5,0.6,0.5,0.4,0.5,1,1,0,0,0,0,0.2222,0.2222,0,0,28,26,0.4,0.3333,0.0,50.0,1,3,Pleural Effusion,Lung Lesion; Fracture; Support Devices,28.0,42.5,14.5,Moderate,0.2222,0.7273,0.5,0.4,0.8,0.5,0.5,0.5,0.2222,0,41.41,Moderate,42.5,v2+GCRF
2581,2581_IM-1079-1001.dcm.png,False,1,0.5,0.5,0.6667,0.6667,0.5,0.5,0.6667,0.6667,0.5,0.5,0.5,0.5,0.6,0.6,0.4,0.4,0.6,0.6,1,1,0,0,0,0,0.3333,0.3333,1,1,37,37,0.4,0.4,0.0,0.0,0,3,,Lung Opacity; Pneumonia; No Finding,38.5,38.5,0.0,Moderate,0.3333,0.6667,0.5,0.5,0.6667,0.5,0.6,0.4,0.3333,1,39.8,Moderate,38.5,v2+GCRF
2597,2597_IM-1087-1001.dcm.png,False,1,0.0,0.0,1.0,1.0,0.0,0.0,0.7333,0.7333,0.0,0.0,1.0,1.0,0.5,0.5,0.5,0.5,0.5,0.5,1,1,0,0,0,0,0.2222,0.2222,0,0,18,18,0.0,0.0,0.0,0.0,0,0,,,52.5,52.5,0.0,High,0.2222,1.0,0.0,0.0,0.7333,1.0,0.5,0.5,0.2222,0,42.36,Moderate,52.5,v2+GCRF
2600,2600_IM-1091-1001.dcm.png,False,1,0.0,0.0,1.0,1.0,0.0,0.0,0.6667,0.6667,0.0,0.0,1.0,1.0,0.5,0.5,0.5,0.5,0.5,0.5,1,1,0,0,0,0,0.2222,0.2222,0,0,32,32,0.0,0.0,0.0,0.0,0,0,,,52.5,52.5,0.0,High,0.2222,1.0,0.0,0.0,0.6667,1.0,0.5,0.5,0.2222,0,42.89,Moderate,52.5,v2+GCRF
2610,2610_IM-1101-1001.dcm.png,True,2,0.6,0.75,0.9,0.9091,0.75,0.75,0.8182,0.9091,0.6667,0.75,0.4,0.25,0.4,0.25,0.6,0.75,0.4,0.25,1,1,0,0,0,0,0.2222,0.2222,0,0,28,26,0.5714,0.5714,0.0,0.0,0,3,,Consolidation; Atelectasis; Support Devices,28.0,17.5,-10.5,Low,0.2222,0.9091,0.75,0.75,0.9091,0.25,0.25,0.75,0.2222,0,17.31,Low,17.5,v2+GCRF
2612,2612_IM-1103-1001.dcm.png,False,1,0.5,0.5,0.8182,0.8182,0.5,0.5,0.8182,0.8182,0.5,0.5,0.5,0.5,0.5,0.5,0.5,0.5,0.5,0.5,1,1,0,0,0,0,0.2222,0.2222,0,0,18,18,0.4,0.4,0.0,0.0,0,3,,Pleural Effusion; Support Devices; No Finding,35.0,35.0,0.0,Moderate,0.2222,0.8182,0.5,0.5,0.8182,0.5,0.5,0.5,0.2222,0,32.4,Moderate,35.0,v2+GCRF
2621,2621_IM-1109-1001.dcm.png,True,2,0.0,0.0,1.0,1.0,0.0,0.0,0.6667,0.8,0.0,0.0,1.0,1.0,0.75,0.25,0.25,0.75,0.75,0.25,1,1,0,0,0,0,0.2222,0.2222,0,0,20,26,0.0,0.0,0.0,0.0,0,0,,,61.25,43.75,-17.5,Moderate,0.2222,1.0,0.0,0.0,0.8,1.0,0.25,0.75,0.2222,0,34.82,Moderate,43.75,v2+GCRF
2624,2624_IM-1111-1001.dcm.png,False,1,0.5,0.5,1.0,1.0,1.0,1.0,0.8462,0.8462,0.6667,0.6667,0.5,0.5,0.5,0.5,0.5,0.5,0.5,0.5,1,1,0,0,0,0,0.2222,0.2222,0,0,18,18,1.0,1.0,0.0,0.0,0,0,,,35.0,35.0,0.0,Moderate,0.2222,1.0,0.5,1.0,0.8462,0.5,0.5,0.5,0.2222,0,29.45,Low,35.0,v2+GCRF
2631,2631_IM-1118-1001.dcm.png,False,1,0.5,0.5,0.9091,0.9091,0.6667,0.6667,0.8333,0.8333,0.5714,0.5714,0.5,0.5,0.3333,0.3333,0.6667,0.6667,0.3333,0.3333,1,1,0,0,0,0,0.3333,0.3333,1,1,37,37,0.5,0.5,0.0,0.0,0,2,,Pleural Effusion; Support Devices,29.17,29.17,0.0,Low,0.3333,0.9091,0.5,0.6667,0.8333,0.5,0.3333,0.6667,0.3333,1,27.36,Low,29.17,v2+GCRF
2633,2633_IM-1120-2002.dcm.png,False,1,1.0,1.0,0.9091,0.9091,0.8,0.8,1.0,1.0,0.8889,0.8889,0.0,0.0,0.0,0.0,1.0,1.0,0.0,0.0,0,0,0,0,0,0,0.2222,0.2222,0,0,18,18,0.6667,0.6667,0.0,0.0,0,1,,Lung Lesion,0.0,0.0,0.0,Hallucination-Free,0.2222,0.9091,1.0,0.8,1.0,0.0,0.0,1.0,0.2222,0,3.59,Hallucination-Free,0.0,v2+GCRF
2637,2637_IM-1122-4004.dcm.png,True,2,0.0,0.0,1.0,1.0,0.0,0.0,0.6667,0.7333,0.0,0.0,1.0,1.0,0.6,0.75,0.4,0.25,0.6,0.75,1,1,0,0,0,0,0.2222,0.2222,0,0,28,28,0.0,0.0,0.0,0.0,0,1,,Support Devices,56.0,61.25,5.25,High,0.2222,1.0,0.0,0.0,0.7333,1.0,0.75,0.25,0.2222,0,49.36,Moderate,61.25,v2+GCRF
2644,2644_IM-1130-1001.dcm.png,False,1,0.4,0.4,0.8,0.8,0.5,0.5,0.7273,0.7273,0.4444,0.4444,0.6,0.6,0.5,0.5,0.5,0.5,0.5,0.5,1,1,0,0,0,0,0.3333,0.3333,1,1,22,22,0.4,0.4,50.0,50.0,1,2,Pneumothorax,Cardiomegaly; Lung Lesion,46.0,46.0,0.0,Moderate,0.3333,0.8,0.4,0.5,0.7273,0.6,0.5,0.5,0.3333,1,44.41,Moderate,46.0,v2+GCRF
2659,2659_IM-1140-1001.dcm.png,False,1,0.5,0.5,0.8182,0.8182,0.5,0.5,0.8182,0.8182,0.5,0.5,0.5,0.5,0.5,0.5,0.5,0.5,0.5,0.5,1,1,0,0,0,0,0.2222,0.2222,0,0,18,18,0.0,0.0,100.0,100.0,1,3,Pneumothorax,Consolidation; Pleural Effusion; No Finding,50.0,50.0,0.0,High,0.2222,0.8182,0.5,0.5,0.8182,0.5,0.5,0.5,0.2222,0,47.4,Moderate,50.0,v2+GCRF
2676,2676_IM-1151-1001.dcm.png,False,1,0.5,0.5,1.0,1.0,1.0,1.0,0.75,0.75,0.6667,0.6667,0.5,0.5,0.6,0.6,0.4,0.4,0.6,0.6,1,1,0,0,0,0,0.3333,0.3333,1,1,30,30,0.5,0.5,0.0,0.0,0,2,,Pleural Effusion; Support Devices,38.5,38.5,0.0,Moderate,0.3333,1.0,0.5,1.0,0.75,0.5,0.6,0.4,0.3333,1,34.13,Moderate,38.5,v2+GCRF
2684,2684_IM-1157-1001.dcm.png,True,2,0.8,0.75,0.9,0.8182,0.8,0.6,0.9,0.9,0.8,0.6667,0.2,0.25,0.2,0.25,0.8,0.75,0.2,0.25,1,1,0,0,0,0,0.2222,0.2222,0,0,28,26,0.4,0.0,50.0,100.0,2,3,Pneumothorax; Pleural Effusion,Consolidation; Support Devices; No Finding,21.5,32.5,11.0,Moderate,0.2222,0.8182,0.75,0.6,0.9,0.25,0.25,0.75,0.2222,0,33.75,Moderate,32.5,v2+GCRF
2696,2696_IM-1166-1001.dcm.png,False,1,0.4,0.4,0.9,0.9,0.6667,0.6667,0.75,0.75,0.5,0.5,0.6,0.6,0.5,0.5,0.5,0.5,0.5,0.5,1,1,0,0,0,0,0.2222,0.2222,0,0,32,32,0.0,0.0,50.0,50.0,1,3,Pneumothorax,Cardiomegaly; Pleural Effusion; Support Devices,46.0,46.0,0.0,Moderate,0.2222,0.9,0.4,0.6667,0.75,0.6,0.5,0.5,0.2222,0,41.62,Moderate,46.0,v2+GCRF
2700,2700_IM-1169-1001.dcm.png,True,2,0.0,0.0,0.9,0.9167,0.0,0.0,0.6429,0.7857,0.0,0.0,1.0,1.0,0.75,0.25,0.25,0.75,0.75,0.25,1,1,0,0,0,0,0.2222,0.2222,0,0,20,26,0.0,0.0,0.0,0.0,0,1,,No Finding,61.25,43.75,-17.5,Moderate,0.2222,0.9167,0.0,0.0,0.7857,1.0,0.25,0.75,0.2222,0,36.19,Moderate,43.75,v2+GCRF
2704,2704_IM-1171-1001.dcm.png,True,2,0.4,0.3333,0.8,0.75,0.5,0.25,0.7273,0.8182,0.4444,0.2857,0.6,0.6667,0.5,0.25,0.5,0.75,0.5,0.25,1,1,0,0,0,0,0.2222,0.2222,0,0,20,26,0.3333,0.0,0.0,0.0,0,5,,Lung Opacity; Consolidation; Atelectasis; Pleural Effusion; Support Devices,38.5,32.08,-6.42,Moderate,0.2222,0.75,0.3333,0.25,0.8182,0.6667,0.25,0.75,0.2222,0,30.43,Moderate,32.08,v2+GCRF
2706,2706_IM-1172-1001.dcm.png,False,1,0.4,0.4,1.0,1.0,1.0,1.0,0.7692,0.7692,0.5714,0.5714,0.6,0.6,0.6,0.6,0.4,0.4,0.6,0.6,1,1,0,0,0,0,0.2222,0.2222,0,0,26,26,0.0,0.0,0.0,0.0,0,0,,,42.0,42.0,0.0,Moderate,0.2222,1.0,0.4,1.0,0.7692,0.6,0.6,0.4,0.2222,0,35.27,Moderate,42.0,v2+GCRF
2709,2709_IM-1175-1001.dcm.png,False,1,0.5,0.5,0.9091,0.9091,0.6667,0.6667,0.8333,0.8333,0.5714,0.5714,0.5,0.5,0.5,0.5,0.5,0.5,0.5,0.5,1,1,0,0,0,0,0.2222,0.2222,0,0,18,18,0.0,0.0,100.0,100.0,1,3,Pneumothorax,Lung Opacity; Pleural Effusion; Support Devices,50.0,50.0,0.0,High,0.2222,0.9091,0.5,0.6667,0.8333,0.5,0.5,0.5,0.2222,0,45.92,Moderate,50.0,v2+GCRF
2710,2710_IM-1177-1001.dcm.png,True,2,0.6,0.8,0.7,0.8,0.5,0.6667,0.7778,0.8889,0.5455,0.7273,0.4,0.2,0.5,0.25,0.5,0.75,0.5,0.25,1,1,0,0,0,0,0.2222,0.1111,0,0,20,30,0.4,0.8571,0.0,0.0,0,1,,Lung Opacity,31.5,15.75,-15.75,Low,0.1111,0.8,0.8,0.6667,0.8889,0.2,0.25,0.75,0.1111,0,16.8,Low,15.75,v2+GCRF
2720,2720_IM-1182-1001.dcm.png,True,2,0.0,0.0,1.0,1.0,0.0,0.0,0.6667,0.7333,0.0,0.0,1.0,1.0,0.6,0.75,0.4,0.25,0.6,0.75,1,1,0,0,0,0,0.2222,0.2222,0,0,28,26,0.0,0.0,0.0,0.0,0,0,,,56.0,61.25,5.25,High,0.2222,1.0,0.0,0.0,0.7333,1.0,0.75,0.25,0.2222,0,49.36,Moderate,61.25,v2+GCRF
2725,2725_IM-1186-1001.dcm.png,False,1,0.0,0.0,0.875,0.875,0.0,0.0,0.5,0.5,0.0,0.0,1.0,1.0,0.7143,0.7143,0.2857,0.2857,0.7143,0.7143,1,1,0,0,0,0,0.2222,0.2222,0,0,40,40,0.0,0.0,0.0,0.0,0,1,,No Finding,60.0,60.0,0.0,High,0.2222,0.875,0.0,0.0,0.5,1.0,0.7143,0.2857,0.2222,0,52.1,High,60.0,v2+GCRF
2746,2746_IM-1198-1001.dcm.png,False,1,0.6,0.6,1.0,1.0,1.0,1.0,0.8333,0.8333,0.75,0.75,0.4,0.4,0.3333,0.3333,0.6667,0.6667,0.3333,0.3333,1,1,0,0,0,0,0.1111,0.1111,0,0,41,41,0.6667,0.6667,25.0,25.0,1,0,Pneumothorax,,29.42,29.42,0.0,Low,0.1111,1.0,0.6,1.0,0.8333,0.4,0.3333,0.6667,0.1111,0,25.13,Low,29.42,v2+GCRF
2748,2748_IM-1198-1001.dcm.png,False,1,0.75,0.75,0.7273,0.7273,0.5,0.5,0.8889,0.8889,0.6,0.6,0.25,0.25,0.25,0.25,0.75,0.75,0.25,0.25,1,1,0,0,0,0,0.2222,0.2222,0,0,18,18,0.4,0.4,0.0,0.0,0,3,,Lung Lesion; Consolidation; No Finding,17.5,17.5,0.0,Low,0.2222,0.7273,0.75,0.5,0.8889,0.25,0.25,0.75,0.2222,0,20.2,Low,17.5,v2+GCRF
2762,2762_IM-1208-1001.dcm.png,False,1,0.5,0.5,0.9091,0.9091,0.6667,0.6667,0.8333,0.8333,0.5714,0.5714,0.5,0.5,0.5,0.5,0.5,0.5,0.5,0.5,1,1,0,0,0,0,0.2222,0.2222,0,0,18,18,0.5,0.5,0.0,0.0,0,2,,Pleural Effusion; No Finding,35.0,35.0,0.0,Moderate,0.2222,0.9091,0.5,0.6667,0.8333,0.5,0.5,0.5,0.2222,0,30.92,Moderate,35.0,v2+GCRF
2771,2771_IM-1213-1001.dcm.png,False,1,0.0,0.0,1.0,1.0,0.0,0.0,0.6667,0.6667,0.0,0.0,1.0,1.0,0.6,0.6,0.4,0.4,0.6,0.6,1,1,0,0,0,0,0.2222,0.2222,0,0,26,26,0.0,0.0,0.0,0.0,0,0,0,0,56.0,56.0,0.0,High,0.2222,1.0,0.0,0.0,0.6667,1.0,0.6,0.4,0.2222,0,45.69,Moderate,56.0,v2+GCRF
2774,2774_IM-1215-1001.dcm.png,False,1,0.0,0.0,0.9,0.9,0.0,0.0,0.6429,0.6429,0.0,0.0,1.0,1.0,0.6,0.6,0.4,0.4,0.6,0.6,1,1,0,0,0,0,0.2222,0.2222,0,0,26,26,0.0,0.0,0.0,0.0,0,1,,No Finding,56.0,56.0,0.0,High,0.2222,0.9,0.0,0.0,0.6429,1.0,0.6,0.4,0.2222,0,47.38,Moderate,56.0,v2+GCRF
2780,2780_IM-1218-1002.dcm.png,False,1,0.0,0.0,1.0,1.0,0.0,0.0,0.6667,0.6667,0.0,0.0,1.0,1.0,0.5,0.5,0.5,0.5,0.5,0.5,1,1,0,0,0,0,0.2222,0.2222,0,0,33,33,0.0,0.0,0.0,0.0,0,0,,,52.5,52.5,0.0,High,0.2222,1.0,0.0,0.0,0.6667,1.0,0.5,0.5,0.2222,0,42.89,Moderate,52.5,v2+GCRF
2782,2782_IM-1220-1001.dcm.png,True,2,0.0,0.0,1.0,1.0,0.0,0.0,0.6667,0.8,0.0,0.0,1.0,1.0,0.75,0.25,0.25,0.75,0.75,0.25,1,1,0,0,0,0,0.2222,0.2222,0,0,20,26,0.0,0.0,0.0,0.0,0,0,,,61.25,43.75,-17.5,Moderate,0.2222,1.0,0.0,0.0,0.8,1.0,0.25,0.75,0.2222,0,34.82,Moderate,43.75,v2+GCRF
2785,2785_IM-1220-1001.dcm.png,True,2,0.0,0.0,0.9,0.9167,0.0,0.0,0.6429,0.7857,0.0,0.0,1.0,1.0,0.75,0.25,0.25,0.75,0.75,0.25,1,1,0,0,0,0,0.2222,0.2222,0,0,20,26,0.0,0.0,0.0,0.0,0,1,,No Finding,61.25,43.75,-17.5,Moderate,0.2222,0.9167,0.0,0.0,0.7857,1.0,0.25,0.75,0.2222,0,36.19,Moderate,43.75,v2+GCRF
2792,2792_IM-1226-1001.dcm.png,False,1,0.75,0.75,1.0,1.0,1.0,1.0,0.9167,0.9167,0.8571,0.8571,0.25,0.25,0.25,0.25,0.75,0.75,0.25,0.25,1,1,0,0,0,0,0.2222,0.2222,0,0,18,18,0.6667,0.6667,0.0,0.0,0,1,,Pleural Effusion,17.5,17.5,0.0,Low,0.2222,1.0,0.75,1.0,0.9167,0.25,0.25,0.75,0.2222,0,15.89,Low,17.5,v2+GCRF
2793,2793_IM-1226-1001.dcm.png,True,2,0.6,0.75,1.0,1.0,1.0,1.0,0.8333,0.9167,0.75,0.8571,0.4,0.25,0.5,0.25,0.5,0.75,0.5,0.25,1,1,0,0,0,0,0.2222,0.2222,0,0,20,26,0.6667,0.6667,0.0,0.0,0,2,,Consolidation; Support Devices,31.5,17.5,-14.0,Low,0.2222,1.0,0.75,1.0,0.9167,0.25,0.25,0.75,0.2222,0,15.89,Low,17.5,v2+GCRF
2796,2796_IM-1228-1001.dcm.png,False,1,0.0,0.0,0.9,0.9,0.0,0.0,0.6429,0.6429,0.0,0.0,1.0,1.0,0.6,0.6,0.4,0.4,0.6,0.6,1,1,0,0,0,0,0.2222,0.2222,0,0,26,26,0.0,0.0,0.0,0.0,0,1,,No Finding,56.0,56.0,0.0,High,0.2222,0.9,0.0,0.0,0.6429,1.0,0.6,0.4,0.2222,0,47.38,Moderate,56.0,v2+GCRF
2796,2796_IM-1228-1001.dcm.png,False,1,0.0,0.0,0.9,0.9,0.0,0.0,0.6429,0.6429,0.0,0.0,1.0,1.0,0.6,0.6,0.4,0.4,0.6,0.6,1,1,0,0,0,0,0.2222,0.2222,0,0,26,26,0.0,0.0,0.0,0.0,0,1,,No Finding,56.0,56.0,0.0,High,0.2222,0.9,0.0,0.0,0.6429,1.0,0.6,0.4,0.2222,0,47.38,Moderate,56.0,v2+GCRF
2796,2796_IM-1228-1001.dcm.png,False,1,0.0,0.0,0.9,0.9,0.0,0.0,0.6429,0.6429,0.0,0.0,1.0,1.0,0.6,0.6,0.4,0.4,0.6,0.6,1,1,0,0,0,0,0.2222,0.2222,0,0,26,26,0.0,0.0,0.0,0.0,0,1,,No Finding,56.0,56.0,0.0,High,0.2222,0.9091,0.0,0.0,0.7143,1.0,0.5,0.5,0.2222,0,47.38,Moderate,56.0,v2+GCRF
2796,2796_IM-1228-1001.dcm.png,False,1,0.0,0.0,0.9,0.9,0.0,0.0,0.6429,0.6429,0.0,0.0,1.0,1.0,0.6,0.6,0.4,0.4,0.6,0.6,1,1,0,0,0,0,0.2222,0.2222,0,0,26,26,0.0,0.0,0.0,0.0,0,1,,No Finding,56.0,56.0,0.0,High,0.2222,0.9091,0.0,0.0,0.7143,1.0,0.5,0.5,0.2222,0,47.38,Moderate,56.0,v2+GCRF
2796,2796_IM-1228-1001.dcm.png,False,1,0.0,0.0,0.9,0.9,0.0,0.0,0.6429,0.6429,0.0,0.0,1.0,1.0,0.6,0.6,0.4,0.4,0.6,0.6,1,1,0,0,0,0,0.2222,0.2222,0,0,26,26,0.0,0.0,0.0,0.0,0,1,,No Finding,56.0,56.0,0.0,High,0.2222,0.9,0.0,0.0,0.6429,1.0,0.6,0.4,0.2222,0,47.38,Moderate,56.0,v2+GCRF
2796,2796_IM-1228-1001.dcm.png,False,1,0.0,0.0,0.9,0.9,0.0,0.0,0.6429,0.6429,0.0,0.0,1.0,1.0,0.6,0.6,0.4,0.4,0.6,0.6,1,1,0,0,0,0,0.2222,0.2222,0,0,26,26,0.0,0.0,0.0,0.0,0,1,,No Finding,56.0,56.0,0.0,High,0.2222,0.9,0.0,0.0,0.6429,1.0,0.6,0.4,0.2222,0,47.38,Moderate,56.0,v2+GCRF
2796,2796_IM-1228-1001.dcm.png,False,1,0.0,0.0,0.9,0.9,0.0,0.0,0.6429,0.6429,0.0,0.0,1.0,1.0,0.6,0.6,0.4,0.4,0.6,0.6,1,1,0,0,0,0,0.2222,0.2222,0,0,26,26,0.0,0.0,0.0,0.0,0,1,,No Finding,56.0,56.0,0.0,High,0.2222,0.9091,0.0,0.0,0.7143,1.0,0.5,0.5,0.2222,0,47.38,Moderate,56.0,v2+GCRF
2796,2796_IM-1228-1001.dcm.png,False,1,0.0,0.0,0.9,0.9,0.0,0.0,0.6429,0.6429,0.0,0.0,1.0,1.0,0.6,0.6,0.4,0.4,0.6,0.6,1,1,0,0,0,0,0.2222,0.2222,0,0,26,26,0.0,0.0,0.0,0.0,0,1,,No Finding,56.0,56.0,0.0,High,0.2222,0.9091,0.0,0.0,0.7143,1.0,0.5,0.5,0.2222,0,47.38,Moderate,56.0,v2+GCRF
2796,2796_IM-1228-1001.dcm.png,False,1,0.0,0.0,0.9,0.9,0.0,0.0,0.6429,0.6429,0.0,0.0,1.0,1.0,0.6,0.6,0.4,0.4,0.6,0.6,1,1,0,0,0,0,0.2222,0.2222,0,0,26,26,0.0,0.0,0.0,0.0,0,1,,No Finding,56.0,56.0,0.0,High,0.2222,0.9,0.0,0.0,0.6429,1.0,0.6,0.4,0.2222,0,47.38,Moderate,56.0,v2+GCRF
2796,2796_IM-1228-1001.dcm.png,False,1,0.0,0.0,0.9,0.9,0.0,0.0,0.6429,0.6429,0.0,0.0,1.0,1.0,0.6,0.6,0.4,0.4,0.6,0.6,1,1,0,0,0,0,0.2222,0.2222,0,0,26,26,0.0,0.0,0.0,0.0,0,1,,No Finding,56.0,56.0,0.0,High,0.2222,0.9,0.0,0.0,0.6429,1.0,0.6,0.4,0.2222,0,47.38,Moderate,56.0,v2+GCRF
2796,2796_IM-1228-1001.dcm.png,False,1,0.0,0.0,0.9,0.9,0.0,0.0,0.6429,0.6429,0.0,0.0,1.0,1.0,0.6,0.6,0.4,0.4,0.6,0.6,1,1,0,0,0,0,0.2222,0.2222,0,0,26,26,0.0,0.0,0.0,0.0,0,1,,No Finding,56.0,56.0,0.0,High,0.2222,0.9091,0.0,0.0,0.7143,1.0,0.5,0.5,0.2222,0,47.38,Moderate,56.0,v2+GCRF
2796,2796_IM-1228-1001.dcm.png,False,1,0.0,0.0,0.9,0.9,0.0,0.0,0.6429,0.6429,0.0,0.0,1.0,1.0,0.6,0.6,0.4,0.4,0.6,0.6,1,1,0,0,0,0,0.2222,0.2222,0,0,26,26,0.0,0.0,0.0,0.0,0,1,,No Finding,56.0,56.0,0.0,High,0.2222,0.9091,0.0,0.0,0.7143,1.0,0.5,0.5,0.2222,0,47.38,Moderate,56.0,v2+GCRF
2796,2796_IM-1228-1001.dcm.png,False,1,0.0,0.0,0.9,0.9,0.0,0.0,0.6429,0.6429,0.0,0.0,1.0,1.0,0.6,0.6,0.4,0.4,0.6,0.6,1,1,0,0,0,0,0.2222,0.2222,0,0,26,26,0.0,0.0,0.0,0.0,0,1,,No Finding,56.0,56.0,0.0,High,0.2222,0.9,0.0,0.0,0.6429,1.0,0.6,0.4,0.2222,0,47.38,Moderate,56.0,v2+GCRF
2796,2796_IM-1228-1001.dcm.png,False,1,0.0,0.0,0.9,0.9,0.0,0.0,0.6429,0.6429,0.0,0.0,1.0,1.0,0.6,0.6,0.4,0.4,0.6,0.6,1,1,0,0,0,0,0.2222,0.2222,0,0,26,26,0.0,0.0,0.0,0.0,0,1,,No Finding,56.0,56.0,0.0,High,0.2222,0.9,0.0,0.0,0.6429,1.0,0.6,0.4,0.2222,0,47.38,Moderate,56.0,v2+GCRF
2796,2796_IM-1228-1001.dcm.png,False,1,0.0,0.0,0.9,0.9,0.0,0.0,0.6429,0.6429,0.0,0.0,1.0,1.0,0.6,0.6,0.4,0.4,0.6,0.6,1,1,0,0,0,0,0.2222,0.2222,0,0,26,26,0.0,0.0,0.0,0.0,0,1,,No Finding,56.0,56.0,0.0,High,0.2222,0.9091,0.0,0.0,0.7143,1.0,0.5,0.5,0.2222,0,47.38,Moderate,56.0,v2+GCRF
2796,2796_IM-1228-1001.dcm.png,False,1,0.0,0.0,0.9,0.9,0.0,0.0,0.6429,0.6429,0.0,0.0,1.0,1.0,0.6,0.6,0.4,0.4,0.6,0.6,1,1,0,0,0,0,0.2222,0.2222,0,0,26,26,0.0,0.0,0.0,0.0,0,1,,No Finding,56.0,56.0,0.0,High,0.2222,0.9091,0.0,0.0,0.7143,1.0,0.5,0.5,0.2222,0,47.38,Moderate,56.0,v2+GCRF
2796,2796_IM-1228-12012.dcm.png,False,1,0.0,0.0,0.9091,0.9091,0.0,0.0,0.7143,0.7143,0.0,0.0,1.0,1.0,0.5,0.5,0.5,0.5,0.5,0.5,1,1,0,0,0,0,0.2222,0.2222,0,0,18,18,0.0,0.0,0.0,0.0,0,1,,No Finding,52.5,52.5,0.0,High,0.2222,0.9,0.0,0.0,0.6429,1.0,0.6,0.4,0.2222,0,43.87,Moderate,52.5,v2+GCRF
2796,2796_IM-1228-12012.dcm.png,False,1,0.0,0.0,0.9091,0.9091,0.0,0.0,0.7143,0.7143,0.0,0.0,1.0,1.0,0.5,0.5,0.5,0.5,0.5,0.5,1,1,0,0,0,0,0.2222,0.2222,0,0,18,18,0.0,0.0,0.0,0.0,0,1,,No Finding,52.5,52.5,0.0,High,0.2222,0.9,0.0,0.0,0.6429,1.0,0.6,0.4,0.2222,0,43.87,Moderate,52.5,v2+GCRF
2796,2796_IM-1228-12012.dcm.png,False,1,0.0,0.0,0.9091,0.9091,0.0,0.0,0.7143,0.7143,0.0,0.0,1.0,1.0,0.5,0.5,0.5,0.5,0.5,0.5,1,1,0,0,0,0,0.2222,0.2222,0,0,18,18,0.0,0.0,0.0,0.0,0,1,,No Finding,52.5,52.5,0.0,High,0.2222,0.9091,0.0,0.0,0.7143,1.0,0.5,0.5,0.2222,0,43.87,Moderate,52.5,v2+GCRF
2796,2796_IM-1228-12012.dcm.png,False,1,0.0,0.0,0.9091,0.9091,0.0,0.0,0.7143,0.7143,0.0,0.0,1.0,1.0,0.5,0.5,0.5,0.5,0.5,0.5,1,1,0,0,0,0,0.2222,0.2222,0,0,18,18,0.0,0.0,0.0,0.0,0,1,,No Finding,52.5,52.5,0.0,High,0.2222,0.9091,0.0,0.0,0.7143,1.0,0.5,0.5,0.2222,0,43.87,Moderate,52.5,v2+GCRF
2796,2796_IM-1228-12012.dcm.png,False,1,0.0,0.0,0.9091,0.9091,0.0,0.0,0.7143,0.7143,0.0,0.0,1.0,1.0,0.5,0.5,0.5,0.5,0.5,0.5,1,1,0,0,0,0,0.2222,0.2222,0,0,18,18,0.0,0.0,0.0,0.0,0,1,,No Finding,52.5,52.5,0.0,High,0.2222,0.9,0.0,0.0,0.6429,1.0,0.6,0.4,0.2222,0,43.87,Moderate,52.5,v2+GCRF
2796,2796_IM-1228-12012.dcm.png,False,1,0.0,0.0,0.9091,0.9091,0.0,0.0,0.7143,0.7143,0.0,0.0,1.0,1.0,0.5,0.5,0.5,0.5,0.5,0.5,1,1,0,0,0,0,0.2222,0.2222,0,0,18,18,0.0,0.0,0.0,0.0,0,1,,No Finding,52.5,52.5,0.0,High,0.2222,0.9,0.0,0.0,0.6429,1.0,0.6,0.4,0.2222,0,43.87,Moderate,52.5,v2+GCRF
2796,2796_IM-1228-12012.dcm.png,False,1,0.0,0.0,0.9091,0.9091,0.0,0.0,0.7143,0.7143,0.0,0.0,1.0,1.0,0.5,0.5,0.5,0.5,0.5,0.5,1,1,0,0,0,0,0.2222,0.2222,0,0,18,18,0.0,0.0,0.0,0.0,0,1,,No Finding,52.5,52.5,0.0,High,0.2222,0.9091,0.0,0.0,0.7143,1.0,0.5,0.5,0.2222,0,43.87,Moderate,52.5,v2+GCRF
2796,2796_IM-1228-12012.dcm.png,False,1,0.0,0.0,0.9091,0.9091,0.0,0.0,0.7143,0.7143,0.0,0.0,1.0,1.0,0.5,0.5,0.5,0.5,0.5,0.5,1,1,0,0,0,0,0.2222,0.2222,0,0,18,18,0.0,0.0,0.0,0.0,0,1,,No Finding,52.5,52.5,0.0,High,0.2222,0.9091,0.0,0.0,0.7143,1.0,0.5,0.5,0.2222,0,43.87,Moderate,52.5,v2+GCRF
2796,2796_IM-1228-12012.dcm.png,False,1,0.0,0.0,0.9091,0.9091,0.0,0.0,0.7143,0.7143,0.0,0.0,1.0,1.0,0.5,0.5,0.5,0.5,0.5,0.5,1,1,0,0,0,0,0.2222,0.2222,0,0,18,18,0.0,0.0,0.0,0.0,0,1,,No Finding,52.5,52.5,0.0,High,0.2222,0.9,0.0,0.0,0.6429,1.0,0.6,0.4,0.2222,0,43.87,Moderate,52.5,v2+GCRF
2796,2796_IM-1228-12012.dcm.png,False,1,0.0,0.0,0.9091,0.9091,0.0,0.0,0.7143,0.7143,0.0,0.0,1.0,1.0,0.5,0.5,0.5,0.5,0.5,0.5,1,1,0,0,0,0,0.2222,0.2222,0,0,18,18,0.0,0.0,0.0,0.0,0,1,,No Finding,52.5,52.5,0.0,High,0.2222,0.9,0.0,0.0,0.6429,1.0,0.6,0.4,0.2222,0,43.87,Moderate,52.5,v2+GCRF
2796,2796_IM-1228-12012.dcm.png,False,1,0.0,0.0,0.9091,0.9091,0.0,0.0,0.7143,0.7143,0.0,0.0,1.0,1.0,0.5,0.5,0.5,0.5,0.5,0.5,1,1,0,0,0,0,0.2222,0.2222,0,0,18,18,0.0,0.0,0.0,0.0,0,1,,No Finding,52.5,52.5,0.0,High,0.2222,0.9091,0.0,0.0,0.7143,1.0,0.5,0.5,0.2222,0,43.87,Moderate,52.5,v2+GCRF
2796,2796_IM-1228-12012.dcm.png,False,1,0.0,0.0,0.9091,0.9091,0.0,0.0,0.7143,0.7143,0.0,0.0,1.0,1.0,0.5,0.5,0.5,0.5,0.5,0.5,1,1,0,0,0,0,0.2222,0.2222,0,0,18,18,0.0,0.0,0.0,0.0,0,1,,No Finding,52.5,52.5,0.0,High,0.2222,0.9091,0.0,0.0,0.7143,1.0,0.5,0.5,0.2222,0,43.87,Moderate,52.5,v2+GCRF
2796,2796_IM-1228-12012.dcm.png,False,1,0.0,0.0,0.9091,0.9091,0.0,0.0,0.7143,0.7143,0.0,0.0,1.0,1.0,0.5,0.5,0.5,0.5,0.5,0.5,1,1,0,0,0,0,0.2222,0.2222,0,0,18,18,0.0,0.0,0.0,0.0,0,1,,No Finding,52.5,52.5,0.0,High,0.2222,0.9,0.0,0.0,0.6429,1.0,0.6,0.4,0.2222,0,43.87,Moderate,52.5,v2+GCRF
2796,2796_IM-1228-12012.dcm.png,False,1,0.0,0.0,0.9091,0.9091,0.0,0.0,0.7143,0.7143,0.0,0.0,1.0,1.0,0.5,0.5,0.5,0.5,0.5,0.5,1,1,0,0,0,0,0.2222,0.2222,0,0,18,18,0.0,0.0,0.0,0.0,0,1,,No Finding,52.5,52.5,0.0,High,0.2222,0.9,0.0,0.0,0.6429,1.0,0.6,0.4,0.2222,0,43.87,Moderate,52.5,v2+GCRF
2796,2796_IM-1228-12012.dcm.png,False,1,0.0,0.0,0.9091,0.9091,0.0,0.0,0.7143,0.7143,0.0,0.0,1.0,1.0,0.5,0.5,0.5,0.5,0.5,0.5,1,1,0,0,0,0,0.2222,0.2222,0,0,18,18,0.0,0.0,0.0,0.0,0,1,,No Finding,52.5,52.5,0.0,High,0.2222,0.9091,0.0,0.0,0.7143,1.0,0.5,0.5,0.2222,0,43.87,Moderate,52.5,v2+GCRF
2796,2796_IM-1228-12012.dcm.png,False,1,0.0,0.0,0.9091,0.9091,0.0,0.0,0.7143,0.7143,0.0,0.0,1.0,1.0,0.5,0.5,0.5,0.5,0.5,0.5,1,1,0,0,0,0,0.2222,0.2222,0,0,18,18,0.0,0.0,0.0,0.0,0,1,,No Finding,52.5,52.5,0.0,High,0.2222,0.9091,0.0,0.0,0.7143,1.0,0.5,0.5,0.2222,0,43.87,Moderate,52.5,v2+GCRF
2806,2806_IM-1236-1001.dcm.png,False,1,0.4,0.4,1.0,1.0,1.0,1.0,0.7692,0.7692,0.5714,0.5714,0.6,0.6,0.3333,0.3333,0.6667,0.6667,0.3333,0.3333,1,1,0,0,0,0,0.2222,0.2222,0,0,32,32,0.0,0.0,0.0,0.0,0,1,,Pleural Effusion,32.67,32.67,0.0,Moderate,0.2222,1.0,0.4,1.0,0.7692,0.6,0.3333,0.6667,0.2222,0,27.8,Low,32.67,v2+GCRF
2807,2807_IM-1237-1001.dcm.png,True,2,0.4,0.2,1.0,0.9,1.0,0.5,0.7692,0.6923,0.5714,0.2857,0.6,0.8,0.75,0.8,0.25,0.2,0.75,0.8,1,1,0,0,0,0,0.2222,0.1111,0,0,20,34,0.0,0.0,0.0,25.0,1,1,Pleural Effusion,Support Devices,47.25,59.75,12.5,High,0.1111,0.9,0.2,0.5,0.6923,0.8,0.8,0.2,0.1111,0,50.42,High,59.75,v2+GCRF
2810,2810_IM-1238-1001.dcm.png,False,1,0.6,0.6,0.9,0.9,0.75,0.75,0.8182,0.8182,0.6667,0.6667,0.4,0.4,0.4,0.4,0.6,0.6,0.4,0.4,1,1,0,0,0,0,0.2222,0.2222,0,0,26,26,0.6667,0.6667,0.0,0.0,0,1,,Pleural Effusion,28.0,28.0,0.0,Low,0.2222,0.9,0.6,0.75,0.8182,0.4,0.4,0.6,0.2222,0,25.98,Low,28.0,v2+GCRF
2822,2822_IM-1244-2002.dcm.png,False,1,0.6,0.6,0.9,0.9,0.75,0.75,0.8182,0.8182,0.6667,0.6667,0.4,0.4,0.5714,0.5714,0.4286,0.4286,0.5714,0.5714,1,1,0,0,0,0,0.5556,0.5556,1,1,37,37,0.5,0.5,0.0,0.0,0,2,,Pleural Effusion; Support Devices,34.0,34.0,0.0,Moderate,0.5556,0.9,0.6,0.75,0.8182,0.4,0.5714,0.4286,0.5556,1,34.11,Moderate,34.0,v2+GCRF
2829,2829_IM-1247-1001.dcm.png,False,1,0.6,0.6,0.8,0.8,0.6,0.6,0.8,0.8,0.6,0.6,0.4,0.4,0.4,0.4,0.6,0.6,0.4,0.4,1,1,0,0,0,0,0.2222,0.2222,0,0,26,26,0.6667,0.6667,0.0,0.0,0,1,,No Finding,28.0,28.0,0.0,Low,0.2222,0.8,0.6,0.6,0.8,0.4,0.4,0.6,0.2222,0,27.62,Low,28.0,v2+GCRF
2829,2829_IM-1247-1001.dcm.png,False,1,0.6,0.6,0.8,0.8,0.6,0.6,0.8,0.8,0.6,0.6,0.4,0.4,0.4,0.4,0.6,0.6,0.4,0.4,1,1,0,0,0,0,0.2222,0.2222,0,0,26,26,0.6667,0.6667,0.0,0.0,0,1,,No Finding,28.0,28.0,0.0,Low,0.2222,0.8,0.6,0.6,0.8,0.4,0.4,0.6,0.2222,0,27.62,Low,28.0,v2+GCRF
2829,2829_IM-1247-1001.dcm.png,False,1,0.6,0.6,0.8,0.8,0.6,0.6,0.8,0.8,0.6,0.6,0.4,0.4,0.4,0.4,0.6,0.6,0.4,0.4,1,1,0,0,0,0,0.2222,0.2222,0,0,26,26,0.6667,0.6667,0.0,0.0,0,1,,No Finding,28.0,28.0,0.0,Low,0.2222,0.8182,0.75,0.6,0.9,0.25,0.25,0.75,0.2222,0,27.62,Low,28.0,v2+GCRF
2829,2829_IM-1247-1001.dcm.png,False,1,0.6,0.6,0.8,0.8,0.6,0.6,0.8,0.8,0.6,0.6,0.4,0.4,0.4,0.4,0.6,0.6,0.4,0.4,1,1,0,0,0,0,0.2222,0.2222,0,0,26,26,0.6667,0.6667,0.0,0.0,0,1,,No Finding,28.0,28.0,0.0,Low,0.2222,0.8182,0.75,0.6,0.9,0.25,0.25,0.75,0.2222,0,27.62,Low,28.0,v2+GCRF
2829,2829_IM-1247-1001.dcm.png,False,1,0.6,0.6,0.8,0.8,0.6,0.6,0.8,0.8,0.6,0.6,0.4,0.4,0.4,0.4,0.6,0.6,0.4,0.4,1,1,0,0,0,0,0.2222,0.2222,0,0,26,26,0.6667,0.6667,0.0,0.0,0,1,,No Finding,28.0,28.0,0.0,Low,0.2222,0.8,0.6,0.6,0.8,0.4,0.4,0.6,0.2222,0,27.62,Low,28.0,v2+GCRF
2829,2829_IM-1247-1001.dcm.png,False,1,0.6,0.6,0.8,0.8,0.6,0.6,0.8,0.8,0.6,0.6,0.4,0.4,0.4,0.4,0.6,0.6,0.4,0.4,1,1,0,0,0,0,0.2222,0.2222,0,0,26,26,0.6667,0.6667,0.0,0.0,0,1,,No Finding,28.0,28.0,0.0,Low,0.2222,0.8,0.6,0.6,0.8,0.4,0.4,0.6,0.2222,0,27.62,Low,28.0,v2+GCRF
2829,2829_IM-1247-1001.dcm.png,False,1,0.6,0.6,0.8,0.8,0.6,0.6,0.8,0.8,0.6,0.6,0.4,0.4,0.4,0.4,0.6,0.6,0.4,0.4,1,1,0,0,0,0,0.2222,0.2222,0,0,26,26,0.6667,0.6667,0.0,0.0,0,1,,No Finding,28.0,28.0,0.0,Low,0.2222,0.8182,0.75,0.6,0.9,0.25,0.25,0.75,0.2222,0,27.62,Low,28.0,v2+GCRF
2829,2829_IM-1247-1001.dcm.png,False,1,0.6,0.6,0.8,0.8,0.6,0.6,0.8,0.8,0.6,0.6,0.4,0.4,0.4,0.4,0.6,0.6,0.4,0.4,1,1,0,0,0,0,0.2222,0.2222,0,0,26,26,0.6667,0.6667,0.0,0.0,0,1,,No Finding,28.0,28.0,0.0,Low,0.2222,0.8182,0.75,0.6,0.9,0.25,0.25,0.75,0.2222,0,27.62,Low,28.0,v2+GCRF
2829,2829_IM-1247-1001.dcm.png,False,1,0.6,0.6,0.8,0.8,0.6,0.6,0.8,0.8,0.6,0.6,0.4,0.4,0.4,0.4,0.6,0.6,0.4,0.4,1,1,0,0,0,0,0.2222,0.2222,0,0,26,26,0.6667,0.6667,0.0,0.0,0,1,,No Finding,28.0,28.0,0.0,Low,0.2222,0.8,0.6,0.6,0.8,0.4,0.4,0.6,0.2222,0,27.62,Low,28.0,v2+GCRF
2829,2829_IM-1247-1001.dcm.png,False,1,0.6,0.6,0.8,0.8,0.6,0.6,0.8,0.8,0.6,0.6,0.4,0.4,0.4,0.4,0.6,0.6,0.4,0.4,1,1,0,0,0,0,0.2222,0.2222,0,0,26,26,0.6667,0.6667,0.0,0.0,0,1,,No Finding,28.0,28.0,0.0,Low,0.2222,0.8,0.6,0.6,0.8,0.4,0.4,0.6,0.2222,0,27.62,Low,28.0,v2+GCRF
2829,2829_IM-1247-1001.dcm.png,False,1,0.6,0.6,0.8,0.8,0.6,0.6,0.8,0.8,0.6,0.6,0.4,0.4,0.4,0.4,0.6,0.6,0.4,0.4,1,1,0,0,0,0,0.2222,0.2222,0,0,26,26,0.6667,0.6667,0.0,0.0,0,1,,No Finding,28.0,28.0,0.0,Low,0.2222,0.8182,0.75,0.6,0.9,0.25,0.25,0.75,0.2222,0,27.62,Low,28.0,v2+GCRF
2829,2829_IM-1247-1001.dcm.png,False,1,0.6,0.6,0.8,0.8,0.6,0.6,0.8,0.8,0.6,0.6,0.4,0.4,0.4,0.4,0.6,0.6,0.4,0.4,1,1,0,0,0,0,0.2222,0.2222,0,0,26,26,0.6667,0.6667,0.0,0.0,0,1,,No Finding,28.0,28.0,0.0,Low,0.2222,0.8182,0.75,0.6,0.9,0.25,0.25,0.75,0.2222,0,27.62,Low,28.0,v2+GCRF
2829,2829_IM-1247-1001.dcm.png,False,1,0.6,0.6,0.8,0.8,0.6,0.6,0.8,0.8,0.6,0.6,0.4,0.4,0.4,0.4,0.6,0.6,0.4,0.4,1,1,0,0,0,0,0.2222,0.2222,0,0,26,26,0.6667,0.6667,0.0,0.0,0,1,,No Finding,28.0,28.0,0.0,Low,0.2222,0.8,0.6,0.6,0.8,0.4,0.4,0.6,0.2222,0,27.62,Low,28.0,v2+GCRF
2829,2829_IM-1247-1001.dcm.png,False,1,0.6,0.6,0.8,0.8,0.6,0.6,0.8,0.8,0.6,0.6,0.4,0.4,0.4,0.4,0.6,0.6,0.4,0.4,1,1,0,0,0,0,0.2222,0.2222,0,0,26,26,0.6667,0.6667,0.0,0.0,0,1,,No Finding,28.0,28.0,0.0,Low,0.2222,0.8,0.6,0.6,0.8,0.4,0.4,0.6,0.2222,0,27.62,Low,28.0,v2+GCRF
2829,2829_IM-1247-1001.dcm.png,False,1,0.6,0.6,0.8,0.8,0.6,0.6,0.8,0.8,0.6,0.6,0.4,0.4,0.4,0.4,0.6,0.6,0.4,0.4,1,1,0,0,0,0,0.2222,0.2222,0,0,26,26,0.6667,0.6667,0.0,0.0,0,1,,No Finding,28.0,28.0,0.0,Low,0.2222,0.8182,0.75,0.6,0.9,0.25,0.25,0.75,0.2222,0,27.62,Low,28.0,v2+GCRF
2829,2829_IM-1247-1001.dcm.png,False,1,0.6,0.6,0.8,0.8,0.6,0.6,0.8,0.8,0.6,0.6,0.4,0.4,0.4,0.4,0.6,0.6,0.4,0.4,1,1,0,0,0,0,0.2222,0.2222,0,0,26,26,0.6667,0.6667,0.0,0.0,0,1,,No Finding,28.0,28.0,0.0,Low,0.2222,0.8182,0.75,0.6,0.9,0.25,0.25,0.75,0.2222,0,27.62,Low,28.0,v2+GCRF
2829,2829_IM-1247-3001.dcm.png,False,1,0.75,0.75,0.8182,0.8182,0.6,0.6,0.9,0.9,0.6667,0.6667,0.25,0.25,0.25,0.25,0.75,0.75,0.25,0.25,1,1,0,0,0,0,0.2222,0.2222,0,0,18,18,0.6667,0.6667,0.0,0.0,0,1,,No Finding,17.5,17.5,0.0,Low,0.2222,0.8,0.6,0.6,0.8,0.4,0.4,0.6,0.2222,0,18.75,Low,17.5,v2+GCRF
2829,2829_IM-1247-3001.dcm.png,False,1,0.75,0.75,0.8182,0.8182,0.6,0.6,0.9,0.9,0.6667,0.6667,0.25,0.25,0.25,0.25,0.75,0.75,0.25,0.25,1,1,0,0,0,0,0.2222,0.2222,0,0,18,18,0.6667,0.6667,0.0,0.0,0,1,,No Finding,17.5,17.5,0.0,Low,0.2222,0.8,0.6,0.6,0.8,0.4,0.4,0.6,0.2222,0,18.75,Low,17.5,v2+GCRF
2829,2829_IM-1247-3001.dcm.png,False,1,0.75,0.75,0.8182,0.8182,0.6,0.6,0.9,0.9,0.6667,0.6667,0.25,0.25,0.25,0.25,0.75,0.75,0.25,0.25,1,1,0,0,0,0,0.2222,0.2222,0,0,18,18,0.6667,0.6667,0.0,0.0,0,1,,No Finding,17.5,17.5,0.0,Low,0.2222,0.8182,0.75,0.6,0.9,0.25,0.25,0.75,0.2222,0,18.75,Low,17.5,v2+GCRF
2829,2829_IM-1247-3001.dcm.png,False,1,0.75,0.75,0.8182,0.8182,0.6,0.6,0.9,0.9,0.6667,0.6667,0.25,0.25,0.25,0.25,0.75,0.75,0.25,0.25,1,1,0,0,0,0,0.2222,0.2222,0,0,18,18,0.6667,0.6667,0.0,0.0,0,1,,No Finding,17.5,17.5,0.0,Low,0.2222,0.8182,0.75,0.6,0.9,0.25,0.25,0.75,0.2222,0,18.75,Low,17.5,v2+GCRF
2829,2829_IM-1247-3001.dcm.png,False,1,0.75,0.75,0.8182,0.8182,0.6,0.6,0.9,0.9,0.6667,0.6667,0.25,0.25,0.25,0.25,0.75,0.75,0.25,0.25,1,1,0,0,0,0,0.2222,0.2222,0,0,18,18,0.6667,0.6667,0.0,0.0,0,1,,No Finding,17.5,17.5,0.0,Low,0.2222,0.8,0.6,0.6,0.8,0.4,0.4,0.6,0.2222,0,18.75,Low,17.5,v2+GCRF
2829,2829_IM-1247-3001.dcm.png,False,1,0.75,0.75,0.8182,0.8182,0.6,0.6,0.9,0.9,0.6667,0.6667,0.25,0.25,0.25,0.25,0.75,0.75,0.25,0.25,1,1,0,0,0,0,0.2222,0.2222,0,0,18,18,0.6667,0.6667,0.0,0.0,0,1,,No Finding,17.5,17.5,0.0,Low,0.2222,0.8,0.6,0.6,0.8,0.4,0.4,0.6,0.2222,0,18.75,Low,17.5,v2+GCRF
2829,2829_IM-1247-3001.dcm.png,False,1,0.75,0.75,0.8182,0.8182,0.6,0.6,0.9,0.9,0.6667,0.6667,0.25,0.25,0.25,0.25,0.75,0.75,0.25,0.25,1,1,0,0,0,0,0.2222,0.2222,0,0,18,18,0.6667,0.6667,0.0,0.0,0,1,,No Finding,17.5,17.5,0.0,Low,0.2222,0.8182,0.75,0.6,0.9,0.25,0.25,0.75,0.2222,0,18.75,Low,17.5,v2+GCRF
2829,2829_IM-1247-3001.dcm.png,False,1,0.75,0.75,0.8182,0.8182,0.6,0.6,0.9,0.9,0.6667,0.6667,0.25,0.25,0.25,0.25,0.75,0.75,0.25,0.25,1,1,0,0,0,0,0.2222,0.2222,0,0,18,18,0.6667,0.6667,0.0,0.0,0,1,,No Finding,17.5,17.5,0.0,Low,0.2222,0.8182,0.75,0.6,0.9,0.25,0.25,0.75,0.2222,0,18.75,Low,17.5,v2+GCRF
2829,2829_IM-1247-3001.dcm.png,False,1,0.75,0.75,0.8182,0.8182,0.6,0.6,0.9,0.9,0.6667,0.6667,0.25,0.25,0.25,0.25,0.75,0.75,0.25,0.25,1,1,0,0,0,0,0.2222,0.2222,0,0,18,18,0.6667,0.6667,0.0,0.0,0,1,,No Finding,17.5,17.5,0.0,Low,0.2222,0.8,0.6,0.6,0.8,0.4,0.4,0.6,0.2222,0,18.75,Low,17.5,v2+GCRF
2829,2829_IM-1247-3001.dcm.png,False,1,0.75,0.75,0.8182,0.8182,0.6,0.6,0.9,0.9,0.6667,0.6667,0.25,0.25,0.25,0.25,0.75,0.75,0.25,0.25,1,1,0,0,0,0,0.2222,0.2222,0,0,18,18,0.6667,0.6667,0.0,0.0,0,1,,No Finding,17.5,17.5,0.0,Low,0.2222,0.8,0.6,0.6,0.8,0.4,0.4,0.6,0.2222,0,18.75,Low,17.5,v2+GCRF
2829,2829_IM-1247-3001.dcm.png,False,1,0.75,0.75,0.8182,0.8182,0.6,0.6,0.9,0.9,0.6667,0.6667,0.25,0.25,0.25,0.25,0.75,0.75,0.25,0.25,1,1,0,0,0,0,0.2222,0.2222,0,0,18,18,0.6667,0.6667,0.0,0.0,0,1,,No Finding,17.5,17.5,0.0,Low,0.2222,0.8182,0.75,0.6,0.9,0.25,0.25,0.75,0.2222,0,18.75,Low,17.5,v2+GCRF
2829,2829_IM-1247-3001.dcm.png,False,1,0.75,0.75,0.8182,0.8182,0.6,0.6,0.9,0.9,0.6667,0.6667,0.25,0.25,0.25,0.25,0.75,0.75,0.25,0.25,1,1,0,0,0,0,0.2222,0.2222,0,0,18,18,0.6667,0.6667,0.0,0.0,0,1,,No Finding,17.5,17.5,0.0,Low,0.2222,0.8182,0.75,0.6,0.9,0.25,0.25,0.75,0.2222,0,18.75,Low,17.5,v2+GCRF
2829,2829_IM-1247-3001.dcm.png,False,1,0.75,0.75,0.8182,0.8182,0.6,0.6,0.9,0.9,0.6667,0.6667,0.25,0.25,0.25,0.25,0.75,0.75,0.25,0.25,1,1,0,0,0,0,0.2222,0.2222,0,0,18,18,0.6667,0.6667,0.0,0.0,0,1,,No Finding,17.5,17.5,0.0,Low,0.2222,0.8,0.6,0.6,0.8,0.4,0.4,0.6,0.2222,0,18.75,Low,17.5,v2+GCRF
2829,2829_IM-1247-3001.dcm.png,False,1,0.75,0.75,0.8182,0.8182,0.6,0.6,0.9,0.9,0.6667,0.6667,0.25,0.25,0.25,0.25,0.75,0.75,0.25,0.25,1,1,0,0,0,0,0.2222,0.2222,0,0,18,18,0.6667,0.6667,0.0,0.0,0,1,,No Finding,17.5,17.5,0.0,Low,0.2222,0.8,0.6,0.6,0.8,0.4,0.4,0.6,0.2222,0,18.75,Low,17.5,v2+GCRF
2829,2829_IM-1247-3001.dcm.png,False,1,0.75,0.75,0.8182,0.8182,0.6,0.6,0.9,0.9,0.6667,0.6667,0.25,0.25,0.25,0.25,0.75,0.75,0.25,0.25,1,1,0,0,0,0,0.2222,0.2222,0,0,18,18,0.6667,0.6667,0.0,0.0,0,1,,No Finding,17.5,17.5,0.0,Low,0.2222,0.8182,0.75,0.6,0.9,0.25,0.25,0.75,0.2222,0,18.75,Low,17.5,v2+GCRF
2829,2829_IM-1247-3001.dcm.png,False,1,0.75,0.75,0.8182,0.8182,0.6,0.6,0.9,0.9,0.6667,0.6667,0.25,0.25,0.25,0.25,0.75,0.75,0.25,0.25,1,1,0,0,0,0,0.2222,0.2222,0,0,18,18,0.6667,0.6667,0.0,0.0,0,1,,No Finding,17.5,17.5,0.0,Low,0.2222,0.8182,0.75,0.6,0.9,0.25,0.25,0.75,0.2222,0,18.75,Low,17.5,v2+GCRF
2833,2833_IM-1249-1001.dcm.png,False,1,0.75,0.75,0.7273,0.7273,0.5,0.5,0.8889,0.8889,0.6,0.6,0.25,0.25,0.25,0.25,0.75,0.75,0.25,0.25,1,1,0,0,0,0,0.2222,0.2222,0,0,18,18,0.4,0.4,0.0,0.0,0,3,,Lung Opacity; Pneumonia; No Finding,17.5,17.5,0.0,Low,0.2222,0.7273,0.75,0.5,0.8889,0.25,0.25,0.75,0.2222,0,20.2,Low,17.5,v2+GCRF
2837,2837_IM-1252-1001.dcm.png,True,2,0.8,1.0,1.0,1.0,1.0,1.0,0.9091,1.0,0.8889,1.0,0.2,0.0,0.2,0.0,0.8,1.0,0.2,0.0,1,0,0,0,0,0,0.2222,0.2222,0,0,28,26,0.5,1.0,50.0,0.0,0,0,,,21.5,0.0,-21.5,Hallucination-Free,0.2222,1.0,1.0,1.0,1.0,0.0,0.0,1.0,0.2222,0,2.22,Hallucination-Free,0.0,v2+GCRF
2839,2839_IM-1252-1001.dcm.png,False,1,0.4,0.4,0.9,0.9,0.6667,0.6667,0.75,0.75,0.5,0.5,0.6,0.6,0.4,0.4,0.6,0.6,0.4,0.4,1,1,0,0,0,0,0.2222,0.2222,0,0,26,26,0.3333,0.3333,50.0,50.0,1,3,Consolidation,Pleural Effusion; Support Devices; No Finding,42.5,42.5,0.0,Moderate,0.2222,0.9,0.4,0.6667,0.75,0.6,0.4,0.6,0.2222,0,38.82,Moderate,42.5,v2+GCRF
2843,2843_IM-1254-1001-0002.dcm.png,True,2,0.6,0.6667,0.8,0.75,0.6,0.4,0.8,0.9,0.6,0.5,0.4,0.3333,0.5,0.25,0.5,0.75,0.5,0.25,1,1,0,0,0,0,0.2222,0.2222,0,0,20,26,0.0,0.0,0.0,0.0,0,1,,Lung Lesion,31.5,20.42,-11.08,Low,0.2222,0.75,0.6667,0.4,0.9,0.3333,0.25,0.75,0.2222,0,21.77,Low,20.42,v2+GCRF
2858,2858_IM-1265-1001.dcm.png,False,1,0.0,0.0,1.0,1.0,0.0,0.0,0.6667,0.6667,0.0,0.0,1.0,1.0,0.6,0.6,0.4,0.4,0.6,0.6,1,1,0,0,0,0,0.2222,0.2222,0,0,26,26,0.0,0.0,0.0,0.0,0,0,,,56.0,56.0,0.0,High,0.2222,1.0,0.0,0.0,0.6667,1.0,0.6,0.4,0.2222,0,45.69,Moderate,56.0,v2+GCRF
2858,2858_IM-1265-1001.dcm.png,False,1,0.0,0.0,1.0,1.0,0.0,0.0,0.6667,0.6667,0.0,0.0,1.0,1.0,0.6,0.6,0.4,0.4,0.6,0.6,1,1,0,0,0,0,0.2222,0.2222,0,0,26,26,0.0,0.0,0.0,0.0,0,0,,,56.0,56.0,0.0,High,0.2222,1.0,0.0,0.0,0.6667,1.0,0.6,0.4,0.2222,0,45.69,Moderate,56.0,v2+GCRF
2858,2858_IM-1265-1001.dcm.png,False,1,0.0,0.0,1.0,1.0,0.0,0.0,0.6667,0.6667,0.0,0.0,1.0,1.0,0.6,0.6,0.4,0.4,0.6,0.6,1,1,0,0,0,0,0.2222,0.2222,0,0,26,26,0.0,0.0,0.0,0.0,0,0,,,56.0,56.0,0.0,High,0.2222,1.0,0.0,0.0,0.6667,1.0,0.8,0.2,0.1111,0,45.69,Moderate,56.0,v2+GCRF
2858,2858_IM-1265-1001.dcm.png,False,1,0.0,0.0,1.0,1.0,0.0,0.0,0.6667,0.6667,0.0,0.0,1.0,1.0,0.6,0.6,0.4,0.4,0.6,0.6,1,1,0,0,0,0,0.2222,0.2222,0,0,26,26,0.0,0.0,0.0,0.0,0,0,,,56.0,56.0,0.0,High,0.2222,1.0,0.0,0.0,0.6667,1.0,0.8,0.2,0.1111,0,45.69,Moderate,56.0,v2+GCRF
2858,2858_IM-1265-1001.dcm.png,False,1,0.0,0.0,1.0,1.0,0.0,0.0,0.6667,0.6667,0.0,0.0,1.0,1.0,0.6,0.6,0.4,0.4,0.6,0.6,1,1,0,0,0,0,0.2222,0.2222,0,0,26,26,0.0,0.0,0.0,0.0,0,0,,,56.0,56.0,0.0,High,0.2222,1.0,0.0,0.0,0.6667,1.0,0.6,0.4,0.2222,0,45.69,Moderate,56.0,v2+GCRF
2858,2858_IM-1265-1001.dcm.png,False,1,0.0,0.0,1.0,1.0,0.0,0.0,0.6667,0.6667,0.0,0.0,1.0,1.0,0.6,0.6,0.4,0.4,0.6,0.6,1,1,0,0,0,0,0.2222,0.2222,0,0,26,26,0.0,0.0,0.0,0.0,0,0,,,56.0,56.0,0.0,High,0.2222,1.0,0.0,0.0,0.6667,1.0,0.6,0.4,0.2222,0,45.69,Moderate,56.0,v2+GCRF
2858,2858_IM-1265-1001.dcm.png,False,1,0.0,0.0,1.0,1.0,0.0,0.0,0.6667,0.6667,0.0,0.0,1.0,1.0,0.6,0.6,0.4,0.4,0.6,0.6,1,1,0,0,0,0,0.2222,0.2222,0,0,26,26,0.0,0.0,0.0,0.0,0,0,,,56.0,56.0,0.0,High,0.2222,1.0,0.0,0.0,0.6667,1.0,0.8,0.2,0.1111,0,45.69,Moderate,56.0,v2+GCRF
2858,2858_IM-1265-1001.dcm.png,False,1,0.0,0.0,1.0,1.0,0.0,0.0,0.6667,0.6667,0.0,0.0,1.0,1.0,0.6,0.6,0.4,0.4,0.6,0.6,1,1,0,0,0,0,0.2222,0.2222,0,0,26,26,0.0,0.0,0.0,0.0,0,0,,,56.0,56.0,0.0,High,0.2222,1.0,0.0,0.0,0.6667,1.0,0.8,0.2,0.1111,0,45.69,Moderate,56.0,v2+GCRF
2858,2858_IM-1265-1001.dcm.png,False,1,0.0,0.0,1.0,1.0,0.0,0.0,0.6667,0.6667,0.0,0.0,1.0,1.0,0.6,0.6,0.4,0.4,0.6,0.6,1,1,0,0,0,0,0.2222,0.2222,0,0,26,26,0.0,0.0,0.0,0.0,0,0,,,56.0,56.0,0.0,High,0.2222,1.0,0.0,0.0,0.6667,1.0,0.6,0.4,0.2222,0,45.69,Moderate,56.0,v2+GCRF
2858,2858_IM-1265-1001.dcm.png,False,1,0.0,0.0,1.0,1.0,0.0,0.0,0.6667,0.6667,0.0,0.0,1.0,1.0,0.6,0.6,0.4,0.4,0.6,0.6,1,1,0,0,0,0,0.2222,0.2222,0,0,26,26,0.0,0.0,0.0,0.0,0,0,,,56.0,56.0,0.0,High,0.2222,1.0,0.0,0.0,0.6667,1.0,0.6,0.4,0.2222,0,45.69,Moderate,56.0,v2+GCRF
2858,2858_IM-1265-1001.dcm.png,False,1,0.0,0.0,1.0,1.0,0.0,0.0,0.6667,0.6667,0.0,0.0,1.0,1.0,0.6,0.6,0.4,0.4,0.6,0.6,1,1,0,0,0,0,0.2222,0.2222,0,0,26,26,0.0,0.0,0.0,0.0,0,0,,,56.0,56.0,0.0,High,0.2222,1.0,0.0,0.0,0.6667,1.0,0.8,0.2,0.1111,0,45.69,Moderate,56.0,v2+GCRF
2858,2858_IM-1265-1001.dcm.png,False,1,0.0,0.0,1.0,1.0,0.0,0.0,0.6667,0.6667,0.0,0.0,1.0,1.0,0.6,0.6,0.4,0.4,0.6,0.6,1,1,0,0,0,0,0.2222,0.2222,0,0,26,26,0.0,0.0,0.0,0.0,0,0,,,56.0,56.0,0.0,High,0.2222,1.0,0.0,0.0,0.6667,1.0,0.8,0.2,0.1111,0,45.69,Moderate,56.0,v2+GCRF
2858,2858_IM-1265-1001.dcm.png,False,1,0.0,0.0,1.0,1.0,0.0,0.0,0.6667,0.6667,0.0,0.0,1.0,1.0,0.6,0.6,0.4,0.4,0.6,0.6,1,1,0,0,0,0,0.2222,0.2222,0,0,26,26,0.0,0.0,0.0,0.0,0,0,,,56.0,56.0,0.0,High,0.2222,1.0,0.0,0.0,0.6667,1.0,0.6,0.4,0.2222,0,45.69,Moderate,56.0,v2+GCRF
2858,2858_IM-1265-1001.dcm.png,False,1,0.0,0.0,1.0,1.0,0.0,0.0,0.6667,0.6667,0.0,0.0,1.0,1.0,0.6,0.6,0.4,0.4,0.6,0.6,1,1,0,0,0,0,0.2222,0.2222,0,0,26,26,0.0,0.0,0.0,0.0,0,0,,,56.0,56.0,0.0,High,0.2222,1.0,0.0,0.0,0.6667,1.0,0.6,0.4,0.2222,0,45.69,Moderate,56.0,v2+GCRF
2858,2858_IM-1265-1001.dcm.png,False,1,0.0,0.0,1.0,1.0,0.0,0.0,0.6667,0.6667,0.0,0.0,1.0,1.0,0.6,0.6,0.4,0.4,0.6,0.6,1,1,0,0,0,0,0.2222,0.2222,0,0,26,26,0.0,0.0,0.0,0.0,0,0,,,56.0,56.0,0.0,High,0.2222,1.0,0.0,0.0,0.6667,1.0,0.8,0.2,0.1111,0,45.69,Moderate,56.0,v2+GCRF
2858,2858_IM-1265-1001.dcm.png,False,1,0.0,0.0,1.0,1.0,0.0,0.0,0.6667,0.6667,0.0,0.0,1.0,1.0,0.6,0.6,0.4,0.4,0.6,0.6,1,1,0,0,0,0,0.2222,0.2222,0,0,26,26,0.0,0.0,0.0,0.0,0,0,,,56.0,56.0,0.0,High,0.2222,1.0,0.0,0.0,0.6667,1.0,0.8,0.2,0.1111,0,45.69,Moderate,56.0,v2+GCRF
2858,2858_IM-1265-3001.dcm.png,True,2,0.0,0.0,1.0,1.0,0.0,0.0,0.6667,0.6667,0.0,0.0,1.0,1.0,0.75,0.8,0.25,0.2,0.75,0.8,1,1,0,0,0,0,0.2222,0.1111,0,0,20,34,0.0,0.0,0.0,0.0,0,0,,,61.25,63.0,1.75,High,0.1111,1.0,0.0,0.0,0.6667,1.0,0.6,0.4,0.2222,0,50.18,High,63.0,v2+GCRF
2858,2858_IM-1265-3001.dcm.png,True,2,0.0,0.0,1.0,1.0,0.0,0.0,0.6667,0.6667,0.0,0.0,1.0,1.0,0.75,0.8,0.25,0.2,0.75,0.8,1,1,0,0,0,0,0.2222,0.1111,0,0,20,34,0.0,0.0,0.0,0.0,0,0,,,61.25,63.0,1.75,High,0.1111,1.0,0.0,0.0,0.6667,1.0,0.6,0.4,0.2222,0,50.18,High,63.0,v2+GCRF
2858,2858_IM-1265-3001.dcm.png,True,2,0.0,0.0,1.0,1.0,0.0,0.0,0.6667,0.6667,0.0,0.0,1.0,1.0,0.75,0.8,0.25,0.2,0.75,0.8,1,1,0,0,0,0,0.2222,0.1111,0,0,20,34,0.0,0.0,0.0,0.0,0,0,,,61.25,63.0,1.75,High,0.1111,1.0,0.0,0.0,0.6667,1.0,0.8,0.2,0.1111,0,50.18,High,63.0,v2+GCRF
2858,2858_IM-1265-3001.dcm.png,True,2,0.0,0.0,1.0,1.0,0.0,0.0,0.6667,0.6667,0.0,0.0,1.0,1.0,0.75,0.8,0.25,0.2,0.75,0.8,1,1,0,0,0,0,0.2222,0.1111,0,0,20,34,0.0,0.0,0.0,0.0,0,0,,,61.25,63.0,1.75,High,0.1111,1.0,0.0,0.0,0.6667,1.0,0.8,0.2,0.1111,0,50.18,High,63.0,v2+GCRF
2858,2858_IM-1265-3001.dcm.png,True,2,0.0,0.0,1.0,1.0,0.0,0.0,0.6667,0.6667,0.0,0.0,1.0,1.0,0.75,0.8,0.25,0.2,0.75,0.8,1,1,0,0,0,0,0.2222,0.1111,0,0,20,34,0.0,0.0,0.0,0.0,0,0,,,61.25,63.0,1.75,High,0.1111,1.0,0.0,0.0,0.6667,1.0,0.6,0.4,0.2222,0,50.18,High,63.0,v2+GCRF
2858,2858_IM-1265-3001.dcm.png,True,2,0.0,0.0,1.0,1.0,0.0,0.0,0.6667,0.6667,0.0,0.0,1.0,1.0,0.75,0.8,0.25,0.2,0.75,0.8,1,1,0,0,0,0,0.2222,0.1111,0,0,20,34,0.0,0.0,0.0,0.0,0,0,,,61.25,63.0,1.75,High,0.1111,1.0,0.0,0.0,0.6667,1.0,0.6,0.4,0.2222,0,50.18,High,63.0,v2+GCRF
2858,2858_IM-1265-3001.dcm.png,True,2,0.0,0.0,1.0,1.0,0.0,0.0,0.6667,0.6667,0.0,0.0,1.0,1.0,0.75,0.8,0.25,0.2,0.75,0.8,1,1,0,0,0,0,0.2222,0.1111,0,0,20,34,0.0,0.0,0.0,0.0,0,0,,,61.25,63.0,1.75,High,0.1111,1.0,0.0,0.0,0.6667,1.0,0.8,0.2,0.1111,0,50.18,High,63.0,v2+GCRF
2858,2858_IM-1265-3001.dcm.png,True,2,0.0,0.0,1.0,1.0,0.0,0.0,0.6667,0.6667,0.0,0.0,1.0,1.0,0.75,0.8,0.25,0.2,0.75,0.8,1,1,0,0,0,0,0.2222,0.1111,0,0,20,34,0.0,0.0,0.0,0.0,0,0,,,61.25,63.0,1.75,High,0.1111,1.0,0.0,0.0,0.6667,1.0,0.8,0.2,0.1111,0,50.18,High,63.0,v2+GCRF
2858,2858_IM-1265-3001.dcm.png,True,2,0.0,0.0,1.0,1.0,0.0,0.0,0.6667,0.6667,0.0,0.0,1.0,1.0,0.75,0.8,0.25,0.2,0.75,0.8,1,1,0,0,0,0,0.2222,0.1111,0,0,20,34,0.0,0.0,0.0,0.0,0,0,,,61.25,63.0,1.75,High,0.1111,1.0,0.0,0.0,0.6667,1.0,0.6,0.4,0.2222,0,50.18,High,63.0,v2+GCRF
2858,2858_IM-1265-3001.dcm.png,True,2,0.0,0.0,1.0,1.0,0.0,0.0,0.6667,0.6667,0.0,0.0,1.0,1.0,0.75,0.8,0.25,0.2,0.75,0.8,1,1,0,0,0,0,0.2222,0.1111,0,0,20,34,0.0,0.0,0.0,0.0,0,0,,,61.25,63.0,1.75,High,0.1111,1.0,0.0,0.0,0.6667,1.0,0.6,0.4,0.2222,0,50.18,High,63.0,v2+GCRF
2858,2858_IM-1265-3001.dcm.png,True,2,0.0,0.0,1.0,1.0,0.0,0.0,0.6667,0.6667,0.0,0.0,1.0,1.0,0.75,0.8,0.25,0.2,0.75,0.8,1,1,0,0,0,0,0.2222,0.1111,0,0,20,34,0.0,0.0,0.0,0.0,0,0,,,61.25,63.0,1.75,High,0.1111,1.0,0.0,0.0,0.6667,1.0,0.8,0.2,0.1111,0,50.18,High,63.0,v2+GCRF
2858,2858_IM-1265-3001.dcm.png,True,2,0.0,0.0,1.0,1.0,0.0,0.0,0.6667,0.6667,0.0,0.0,1.0,1.0,0.75,0.8,0.25,0.2,0.75,0.8,1,1,0,0,0,0,0.2222,0.1111,0,0,20,34,0.0,0.0,0.0,0.0,0,0,,,61.25,63.0,1.75,High,0.1111,1.0,0.0,0.0,0.6667,1.0,0.8,0.2,0.1111,0,50.18,High,63.0,v2+GCRF
2858,2858_IM-1265-3001.dcm.png,True,2,0.0,0.0,1.0,1.0,0.0,0.0,0.6667,0.6667,0.0,0.0,1.0,1.0,0.75,0.8,0.25,0.2,0.75,0.8,1,1,0,0,0,0,0.2222,0.1111,0,0,20,34,0.0,0.0,0.0,0.0,0,0,,,61.25,63.0,1.75,High,0.1111,1.0,0.0,0.0,0.6667,1.0,0.6,0.4,0.2222,0,50.18,High,63.0,v2+GCRF
2858,2858_IM-1265-3001.dcm.png,True,2,0.0,0.0,1.0,1.0,0.0,0.0,0.6667,0.6667,0.0,0.0,1.0,1.0,0.75,0.8,0.25,0.2,0.75,0.8,1,1,0,0,0,0,0.2222,0.1111,0,0,20,34,0.0,0.0,0.0,0.0,0,0,,,61.25,63.0,1.75,High,0.1111,1.0,0.0,0.0,0.6667,1.0,0.6,0.4,0.2222,0,50.18,High,63.0,v2+GCRF
2858,2858_IM-1265-3001.dcm.png,True,2,0.0,0.0,1.0,1.0,0.0,0.0,0.6667,0.6667,0.0,0.0,1.0,1.0,0.75,0.8,0.25,0.2,0.75,0.8,1,1,0,0,0,0,0.2222,0.1111,0,0,20,34,0.0,0.0,0.0,0.0,0,0,,,61.25,63.0,1.75,High,0.1111,1.0,0.0,0.0,0.6667,1.0,0.8,0.2,0.1111,0,50.18,High,63.0,v2+GCRF
2858,2858_IM-1265-3001.dcm.png,True,2,0.0,0.0,1.0,1.0,0.0,0.0,0.6667,0.6667,0.0,0.0,1.0,1.0,0.75,0.8,0.25,0.2,0.75,0.8,1,1,0,0,0,0,0.2222,0.1111,0,0,20,34,0.0,0.0,0.0,0.0,0,0,,,61.25,63.0,1.75,High,0.1111,1.0,0.0,0.0,0.6667,1.0,0.8,0.2,0.1111,0,50.18,High,63.0,v2+GCRF
2859,2859_IM-1266-1001.dcm.png,False,1,0.375,0.375,0.8571,0.8571,0.75,0.75,0.5455,0.5455,0.5,0.5,0.625,0.625,0.6,0.6,0.4,0.4,0.6,0.6,1,1,0,0,0,0,0.1111,0.1111,0,0,33,33,0.6667,0.6667,0.0,0.0,0,1,,Pneumonia,42.88,42.88,0.0,Moderate,0.1111,0.8571,0.375,0.75,0.5455,0.625,0.6,0.4,0.1111,0,38.69,Moderate,42.88,v2+GCRF
2879,2879_IM-1284-1001.dcm.png,False,1,0.0,0.0,1.0,1.0,0.0,0.0,0.6667,0.6667,0.0,0.0,1.0,1.0,0.5,0.5,0.5,0.5,0.5,0.5,1,1,0,0,0,0,0.2222,0.2222,0,0,33,33,0.0,0.0,0.0,0.0,0,0,0,0,52.5,52.5,0.0,High,0.2222,1.0,0.0,0.0,0.6667,1.0,0.5,0.5,0.2222,0,42.89,Moderate,52.5,v2+GCRF
2885,2885_IM-1287-2001.dcm.png,False,1,0.6,0.6,0.9,0.9,0.75,0.75,0.8182,0.8182,0.6667,0.6667,0.4,0.4,0.4,0.4,0.6,0.6,0.4,0.4,1,1,0,0,0,0,0.2222,0.2222,0,0,26,26,0.0,0.0,50.0,50.0,1,1,Pneumothorax,Pleural Effusion,35.5,35.5,0.0,Moderate,0.2222,0.9,0.6,0.75,0.8182,0.4,0.4,0.6,0.2222,0,33.48,Moderate,35.5,v2+GCRF
2888,2888_IM-1290-0001-0001.dcm.png,False,1,0.8,0.8,0.9,0.9,0.8,0.8,0.9,0.9,0.8,0.8,0.2,0.2,0.2,0.2,0.8,0.8,0.2,0.2,1,1,0,0,0,0,0.2222,0.2222,0,0,26,26,0.5,0.5,0.0,0.0,0,2,,Lung Opacity; No Finding,14.0,14.0,0.0,Hallucination-Free,0.2222,0.9,0.8,0.8,0.9,0.2,0.2,0.8,0.2222,0,14.92,Hallucination-Free,14.0,v2+GCRF
2890,2890_IM-1293-8001.dcm.png,False,1,0.2,0.2,0.7,0.7,0.25,0.25,0.6364,0.6364,0.2222,0.2222,0.8,0.8,0.6,0.6,0.4,0.4,0.6,0.6,1,1,0,0,0,0,0.2222,0.2222,0,0,26,26,0.3333,0.3333,0.0,0.0,0,4,,Lung Lesion; Fracture; Support Devices; No Finding,49.0,49.0,0.0,Moderate,0.2222,0.7,0.2,0.25,0.6364,0.8,0.6,0.4,0.2222,0,45.63,Moderate,49.0,v2+GCRF
2898,2898_IM-1300-0001-0001.dcm.png,False,1,0.25,0.25,0.7273,0.7273,0.25,0.25,0.7273,0.7273,0.25,0.25,0.75,0.75,0.5,0.5,0.5,0.5,0.5,0.5,1,1,0,0,0,0,0.2222,0.2222,0,0,18,18,0.0,0.0,0.0,0.0,0,4,,Edema; Consolidation; Pleural Effusion; No Finding,43.75,43.75,0.0,Moderate,0.2222,0.7273,0.25,0.25,0.7273,0.75,0.5,0.5,0.2222,0,40.49,Moderate,43.75,v2+GCRF
2898,2898_IM-1300-0001-0001.dcm.png,False,1,0.25,0.25,0.7273,0.7273,0.25,0.25,0.7273,0.7273,0.25,0.25,0.75,0.75,0.5,0.5,0.5,0.5,0.5,0.5,1,1,0,0,0,0,0.2222,0.2222,0,0,18,18,0.0,0.0,0.0,0.0,0,4,,Edema; Consolidation; Pleural Effusion; No Finding,43.75,43.75,0.0,Moderate,0.2222,0.7273,0.25,0.25,0.7273,0.75,0.5,0.5,0.2222,0,40.49,Moderate,43.75,v2+GCRF
2898,2898_IM-1300-0001-0001.dcm.png,False,1,0.25,0.25,0.7273,0.7273,0.25,0.25,0.7273,0.7273,0.25,0.25,0.75,0.75,0.5,0.5,0.5,0.5,0.5,0.5,1,1,0,0,0,0,0.2222,0.2222,0,0,18,18,0.0,0.0,0.0,0.0,0,4,,Edema; Consolidation; Pleural Effusion; No Finding,43.75,43.75,0.0,Moderate,0.2222,0.9,0.6,0.75,0.8182,0.4,0.5,0.5,0.1111,0,40.49,Moderate,43.75,v2+GCRF
2898,2898_IM-1300-0001-0001.dcm.png,False,1,0.25,0.25,0.7273,0.7273,0.25,0.25,0.7273,0.7273,0.25,0.25,0.75,0.75,0.5,0.5,0.5,0.5,0.5,0.5,1,1,0,0,0,0,0.2222,0.2222,0,0,18,18,0.0,0.0,0.0,0.0,0,4,,Edema; Consolidation; Pleural Effusion; No Finding,43.75,43.75,0.0,Moderate,0.2222,0.9,0.6,0.75,0.8182,0.4,0.5,0.5,0.1111,0,40.49,Moderate,43.75,v2+GCRF
2898,2898_IM-1300-0001-0001.dcm.png,False,1,0.25,0.25,0.7273,0.7273,0.25,0.25,0.7273,0.7273,0.25,0.25,0.75,0.75,0.5,0.5,0.5,0.5,0.5,0.5,1,1,0,0,0,0,0.2222,0.2222,0,0,18,18,0.0,0.0,0.0,0.0,0,4,,Edema; Consolidation; Pleural Effusion; No Finding,43.75,43.75,0.0,Moderate,0.2222,0.7273,0.25,0.25,0.7273,0.75,0.5,0.5,0.2222,0,40.49,Moderate,43.75,v2+GCRF
2898,2898_IM-1300-0001-0001.dcm.png,False,1,0.25,0.25,0.7273,0.7273,0.25,0.25,0.7273,0.7273,0.25,0.25,0.75,0.75,0.5,0.5,0.5,0.5,0.5,0.5,1,1,0,0,0,0,0.2222,0.2222,0,0,18,18,0.0,0.0,0.0,0.0,0,4,,Edema; Consolidation; Pleural Effusion; No Finding,43.75,43.75,0.0,Moderate,0.2222,0.7273,0.25,0.25,0.7273,0.75,0.5,0.5,0.2222,0,40.49,Moderate,43.75,v2+GCRF
2898,2898_IM-1300-0001-0001.dcm.png,False,1,0.25,0.25,0.7273,0.7273,0.25,0.25,0.7273,0.7273,0.25,0.25,0.75,0.75,0.5,0.5,0.5,0.5,0.5,0.5,1,1,0,0,0,0,0.2222,0.2222,0,0,18,18,0.0,0.0,0.0,0.0,0,4,,Edema; Consolidation; Pleural Effusion; No Finding,43.75,43.75,0.0,Moderate,0.2222,0.9,0.6,0.75,0.8182,0.4,0.5,0.5,0.1111,0,40.49,Moderate,43.75,v2+GCRF
2898,2898_IM-1300-0001-0001.dcm.png,False,1,0.25,0.25,0.7273,0.7273,0.25,0.25,0.7273,0.7273,0.25,0.25,0.75,0.75,0.5,0.5,0.5,0.5,0.5,0.5,1,1,0,0,0,0,0.2222,0.2222,0,0,18,18,0.0,0.0,0.0,0.0,0,4,,Edema; Consolidation; Pleural Effusion; No Finding,43.75,43.75,0.0,Moderate,0.2222,0.9,0.6,0.75,0.8182,0.4,0.5,0.5,0.1111,0,40.49,Moderate,43.75,v2+GCRF
2898,2898_IM-1300-0001-0001.dcm.png,False,1,0.25,0.25,0.7273,0.7273,0.25,0.25,0.7273,0.7273,0.25,0.25,0.75,0.75,0.5,0.5,0.5,0.5,0.5,0.5,1,1,0,0,0,0,0.2222,0.2222,0,0,18,18,0.0,0.0,0.0,0.0,0,4,,Edema; Consolidation; Pleural Effusion; No Finding,43.75,43.75,0.0,Moderate,0.2222,0.7273,0.25,0.25,0.7273,0.75,0.5,0.5,0.2222,0,40.49,Moderate,43.75,v2+GCRF
2898,2898_IM-1300-0001-0001.dcm.png,False,1,0.25,0.25,0.7273,0.7273,0.25,0.25,0.7273,0.7273,0.25,0.25,0.75,0.75,0.5,0.5,0.5,0.5,0.5,0.5,1,1,0,0,0,0,0.2222,0.2222,0,0,18,18,0.0,0.0,0.0,0.0,0,4,,Edema; Consolidation; Pleural Effusion; No Finding,43.75,43.75,0.0,Moderate,0.2222,0.7273,0.25,0.25,0.7273,0.75,0.5,0.5,0.2222,0,40.49,Moderate,43.75,v2+GCRF
2898,2898_IM-1300-0001-0001.dcm.png,False,1,0.25,0.25,0.7273,0.7273,0.25,0.25,0.7273,0.7273,0.25,0.25,0.75,0.75,0.5,0.5,0.5,0.5,0.5,0.5,1,1,0,0,0,0,0.2222,0.2222,0,0,18,18,0.0,0.0,0.0,0.0,0,4,,Edema; Consolidation; Pleural Effusion; No Finding,43.75,43.75,0.0,Moderate,0.2222,0.9,0.6,0.75,0.8182,0.4,0.5,0.5,0.1111,0,40.49,Moderate,43.75,v2+GCRF
2898,2898_IM-1300-0001-0001.dcm.png,False,1,0.25,0.25,0.7273,0.7273,0.25,0.25,0.7273,0.7273,0.25,0.25,0.75,0.75,0.5,0.5,0.5,0.5,0.5,0.5,1,1,0,0,0,0,0.2222,0.2222,0,0,18,18,0.0,0.0,0.0,0.0,0,4,,Edema; Consolidation; Pleural Effusion; No Finding,43.75,43.75,0.0,Moderate,0.2222,0.9,0.6,0.75,0.8182,0.4,0.5,0.5,0.1111,0,40.49,Moderate,43.75,v2+GCRF
2898,2898_IM-1300-0001-0001.dcm.png,False,1,0.25,0.25,0.7273,0.7273,0.25,0.25,0.7273,0.7273,0.25,0.25,0.75,0.75,0.5,0.5,0.5,0.5,0.5,0.5,1,1,0,0,0,0,0.2222,0.2222,0,0,18,18,0.0,0.0,0.0,0.0,0,4,,Edema; Consolidation; Pleural Effusion; No Finding,43.75,43.75,0.0,Moderate,0.2222,0.7273,0.25,0.25,0.7273,0.75,0.5,0.5,0.2222,0,40.49,Moderate,43.75,v2+GCRF
2898,2898_IM-1300-0001-0001.dcm.png,False,1,0.25,0.25,0.7273,0.7273,0.25,0.25,0.7273,0.7273,0.25,0.25,0.75,0.75,0.5,0.5,0.5,0.5,0.5,0.5,1,1,0,0,0,0,0.2222,0.2222,0,0,18,18,0.0,0.0,0.0,0.0,0,4,,Edema; Consolidation; Pleural Effusion; No Finding,43.75,43.75,0.0,Moderate,0.2222,0.7273,0.25,0.25,0.7273,0.75,0.5,0.5,0.2222,0,40.49,Moderate,43.75,v2+GCRF
2898,2898_IM-1300-0001-0001.dcm.png,False,1,0.25,0.25,0.7273,0.7273,0.25,0.25,0.7273,0.7273,0.25,0.25,0.75,0.75,0.5,0.5,0.5,0.5,0.5,0.5,1,1,0,0,0,0,0.2222,0.2222,0,0,18,18,0.0,0.0,0.0,0.0,0,4,,Edema; Consolidation; Pleural Effusion; No Finding,43.75,43.75,0.0,Moderate,0.2222,0.9,0.6,0.75,0.8182,0.4,0.5,0.5,0.1111,0,40.49,Moderate,43.75,v2+GCRF
2898,2898_IM-1300-0001-0001.dcm.png,False,1,0.25,0.25,0.7273,0.7273,0.25,0.25,0.7273,0.7273,0.25,0.25,0.75,0.75,0.5,0.5,0.5,0.5,0.5,0.5,1,1,0,0,0,0,0.2222,0.2222,0,0,18,18,0.0,0.0,0.0,0.0,0,4,,Edema; Consolidation; Pleural Effusion; No Finding,43.75,43.75,0.0,Moderate,0.2222,0.9,0.6,0.75,0.8182,0.4,0.5,0.5,0.1111,0,40.49,Moderate,43.75,v2+GCRF
2898,2898_IM-1300-0001-0002.dcm.png,True,2,0.4,0.6,0.8,0.9,0.5,0.75,0.7273,0.8182,0.4444,0.6667,0.6,0.4,0.5,0.5,0.5,0.5,0.5,0.5,1,1,0,0,0,0,0.2222,0.1111,0,0,20,30,0.4,0.8571,0.0,0.0,0,1,,Edema,38.5,31.5,-7.0,Moderate,0.1111,0.7273,0.25,0.25,0.7273,0.75,0.5,0.5,0.2222,0,27.67,Low,31.5,v2+GCRF
2898,2898_IM-1300-0001-0002.dcm.png,True,2,0.4,0.6,0.8,0.9,0.5,0.75,0.7273,0.8182,0.4444,0.6667,0.6,0.4,0.5,0.5,0.5,0.5,0.5,0.5,1,1,0,0,0,0,0.2222,0.1111,0,0,20,30,0.4,0.8571,0.0,0.0,0,1,,Edema,38.5,31.5,-7.0,Moderate,0.1111,0.7273,0.25,0.25,0.7273,0.75,0.5,0.5,0.2222,0,27.67,Low,31.5,v2+GCRF
2898,2898_IM-1300-0001-0002.dcm.png,True,2,0.4,0.6,0.8,0.9,0.5,0.75,0.7273,0.8182,0.4444,0.6667,0.6,0.4,0.5,0.5,0.5,0.5,0.5,0.5,1,1,0,0,0,0,0.2222,0.1111,0,0,20,30,0.4,0.8571,0.0,0.0,0,1,,Edema,38.5,31.5,-7.0,Moderate,0.1111,0.9,0.6,0.75,0.8182,0.4,0.5,0.5,0.1111,0,27.67,Low,31.5,v2+GCRF
2898,2898_IM-1300-0001-0002.dcm.png,True,2,0.4,0.6,0.8,0.9,0.5,0.75,0.7273,0.8182,0.4444,0.6667,0.6,0.4,0.5,0.5,0.5,0.5,0.5,0.5,1,1,0,0,0,0,0.2222,0.1111,0,0,20,30,0.4,0.8571,0.0,0.0,0,1,,Edema,38.5,31.5,-7.0,Moderate,0.1111,0.9,0.6,0.75,0.8182,0.4,0.5,0.5,0.1111,0,27.67,Low,31.5,v2+GCRF
2898,2898_IM-1300-0001-0002.dcm.png,True,2,0.4,0.6,0.8,0.9,0.5,0.75,0.7273,0.8182,0.4444,0.6667,0.6,0.4,0.5,0.5,0.5,0.5,0.5,0.5,1,1,0,0,0,0,0.2222,0.1111,0,0,20,30,0.4,0.8571,0.0,0.0,0,1,,Edema,38.5,31.5,-7.0,Moderate,0.1111,0.7273,0.25,0.25,0.7273,0.75,0.5,0.5,0.2222,0,27.67,Low,31.5,v2+GCRF
2898,2898_IM-1300-0001-0002.dcm.png,True,2,0.4,0.6,0.8,0.9,0.5,0.75,0.7273,0.8182,0.4444,0.6667,0.6,0.4,0.5,0.5,0.5,0.5,0.5,0.5,1,1,0,0,0,0,0.2222,0.1111,0,0,20,30,0.4,0.8571,0.0,0.0,0,1,,Edema,38.5,31.5,-7.0,Moderate,0.1111,0.7273,0.25,0.25,0.7273,0.75,0.5,0.5,0.2222,0,27.67,Low,31.5,v2+GCRF
2898,2898_IM-1300-0001-0002.dcm.png,True,2,0.4,0.6,0.8,0.9,0.5,0.75,0.7273,0.8182,0.4444,0.6667,0.6,0.4,0.5,0.5,0.5,0.5,0.5,0.5,1,1,0,0,0,0,0.2222,0.1111,0,0,20,30,0.4,0.8571,0.0,0.0,0,1,,Edema,38.5,31.5,-7.0,Moderate,0.1111,0.9,0.6,0.75,0.8182,0.4,0.5,0.5,0.1111,0,27.67,Low,31.5,v2+GCRF
2898,2898_IM-1300-0001-0002.dcm.png,True,2,0.4,0.6,0.8,0.9,0.5,0.75,0.7273,0.8182,0.4444,0.6667,0.6,0.4,0.5,0.5,0.5,0.5,0.5,0.5,1,1,0,0,0,0,0.2222,0.1111,0,0,20,30,0.4,0.8571,0.0,0.0,0,1,,Edema,38.5,31.5,-7.0,Moderate,0.1111,0.9,0.6,0.75,0.8182,0.4,0.5,0.5,0.1111,0,27.67,Low,31.5,v2+GCRF
2898,2898_IM-1300-0001-0002.dcm.png,True,2,0.4,0.6,0.8,0.9,0.5,0.75,0.7273,0.8182,0.4444,0.6667,0.6,0.4,0.5,0.5,0.5,0.5,0.5,0.5,1,1,0,0,0,0,0.2222,0.1111,0,0,20,30,0.4,0.8571,0.0,0.0,0,1,,Edema,38.5,31.5,-7.0,Moderate,0.1111,0.7273,0.25,0.25,0.7273,0.75,0.5,0.5,0.2222,0,27.67,Low,31.5,v2+GCRF
2898,2898_IM-1300-0001-0002.dcm.png,True,2,0.4,0.6,0.8,0.9,0.5,0.75,0.7273,0.8182,0.4444,0.6667,0.6,0.4,0.5,0.5,0.5,0.5,0.5,0.5,1,1,0,0,0,0,0.2222,0.1111,0,0,20,30,0.4,0.8571,0.0,0.0,0,1,,Edema,38.5,31.5,-7.0,Moderate,0.1111,0.7273,0.25,0.25,0.7273,0.75,0.5,0.5,0.2222,0,27.67,Low,31.5,v2+GCRF
2898,2898_IM-1300-0001-0002.dcm.png,True,2,0.4,0.6,0.8,0.9,0.5,0.75,0.7273,0.8182,0.4444,0.6667,0.6,0.4,0.5,0.5,0.5,0.5,0.5,0.5,1,1,0,0,0,0,0.2222,0.1111,0,0,20,30,0.4,0.8571,0.0,0.0,0,1,,Edema,38.5,31.5,-7.0,Moderate,0.1111,0.9,0.6,0.75,0.8182,0.4,0.5,0.5,0.1111,0,27.67,Low,31.5,v2+GCRF
2898,2898_IM-1300-0001-0002.dcm.png,True,2,0.4,0.6,0.8,0.9,0.5,0.75,0.7273,0.8182,0.4444,0.6667,0.6,0.4,0.5,0.5,0.5,0.5,0.5,0.5,1,1,0,0,0,0,0.2222,0.1111,0,0,20,30,0.4,0.8571,0.0,0.0,0,1,,Edema,38.5,31.5,-7.0,Moderate,0.1111,0.9,0.6,0.75,0.8182,0.4,0.5,0.5,0.1111,0,27.67,Low,31.5,v2+GCRF
2898,2898_IM-1300-0001-0002.dcm.png,True,2,0.4,0.6,0.8,0.9,0.5,0.75,0.7273,0.8182,0.4444,0.6667,0.6,0.4,0.5,0.5,0.5,0.5,0.5,0.5,1,1,0,0,0,0,0.2222,0.1111,0,0,20,30,0.4,0.8571,0.0,0.0,0,1,,Edema,38.5,31.5,-7.0,Moderate,0.1111,0.7273,0.25,0.25,0.7273,0.75,0.5,0.5,0.2222,0,27.67,Low,31.5,v2+GCRF
2898,2898_IM-1300-0001-0002.dcm.png,True,2,0.4,0.6,0.8,0.9,0.5,0.75,0.7273,0.8182,0.4444,0.6667,0.6,0.4,0.5,0.5,0.5,0.5,0.5,0.5,1,1,0,0,0,0,0.2222,0.1111,0,0,20,30,0.4,0.8571,0.0,0.0,0,1,,Edema,38.5,31.5,-7.0,Moderate,0.1111,0.7273,0.25,0.25,0.7273,0.75,0.5,0.5,0.2222,0,27.67,Low,31.5,v2+GCRF
2898,2898_IM-1300-0001-0002.dcm.png,True,2,0.4,0.6,0.8,0.9,0.5,0.75,0.7273,0.8182,0.4444,0.6667,0.6,0.4,0.5,0.5,0.5,0.5,0.5,0.5,1,1,0,0,0,0,0.2222,0.1111,0,0,20,30,0.4,0.8571,0.0,0.0,0,1,,Edema,38.5,31.5,-7.0,Moderate,0.1111,0.9,0.6,0.75,0.8182,0.4,0.5,0.5,0.1111,0,27.67,Low,31.5,v2+GCRF
2898,2898_IM-1300-0001-0002.dcm.png,True,2,0.4,0.6,0.8,0.9,0.5,0.75,0.7273,0.8182,0.4444,0.6667,0.6,0.4,0.5,0.5,0.5,0.5,0.5,0.5,1,1,0,0,0,0,0.2222,0.1111,0,0,20,30,0.4,0.8571,0.0,0.0,0,1,,Edema,38.5,31.5,-7.0,Moderate,0.1111,0.9,0.6,0.75,0.8182,0.4,0.5,0.5,0.1111,0,27.67,Low,31.5,v2+GCRF
2915,2915_IM-1317-3001.dcm.png,False,1,0.6,0.6,0.7,0.7,0.5,0.5,0.7778,0.7778,0.5455,0.5455,0.4,0.4,0.4,0.4,0.6,0.6,0.4,0.4,1,1,0,0,0,0,0.2222,0.2222,0,0,26,26,0.4,0.4,0.0,0.0,0,3,,Lung Opacity; Pleural Effusion; No Finding,28.0,28.0,0.0,Low,0.2222,0.7,0.6,0.5,0.7778,0.4,0.4,0.6,0.2222,0,29.3,Low,28.0,v2+GCRF
2916,2916_IM-1318-1001.dcm.png,False,1,0.6,0.6,0.8,0.8,0.6,0.6,0.8,0.8,0.6,0.6,0.4,0.4,0.3333,0.3333,0.6667,0.6667,0.3333,0.3333,1,1,0,0,0,0,0.2222,0.2222,0,0,32,32,0.3333,0.3333,50.0,50.0,1,3,Pneumothorax,Edema; Pleural Effusion; No Finding,33.17,33.17,0.0,Moderate,0.2222,0.8,0.6,0.6,0.8,0.4,0.3333,0.6667,0.2222,0,33.25,Moderate,33.17,v2+GCRF
2920,2920_IM-1323-1001.dcm.png,False,1,0.5,0.5,1.0,1.0,1.0,1.0,0.8462,0.8462,0.6667,0.6667,0.5,0.5,0.5,0.5,0.5,0.5,0.5,0.5,1,1,0,0,0,0,0.2222,0.2222,0,0,18,18,0.0,0.0,0.0,0.0,0,0,,,35.0,35.0,0.0,Moderate,0.2222,1.0,0.5,1.0,0.8462,0.5,0.5,0.5,0.2222,0,29.45,Low,35.0,v2+GCRF
2932,2932_IM-1335-1001.dcm.png,False,1,0.5,0.5,0.8182,0.8182,0.5,0.5,0.8182,0.8182,0.5,0.5,0.5,0.5,0.5,0.5,0.5,0.5,0.5,0.5,1,1,0,0,0,0,0.2222,0.2222,0,0,18,18,0.0,0.0,100.0,100.0,1,3,Pneumothorax,Pleural Effusion; Support Devices; No Finding,50.0,50.0,0.0,High,0.2222,0.8182,0.5,0.5,0.8182,0.5,0.5,0.5,0.2222,0,47.4,Moderate,50.0,v2+GCRF
2939,2939_IM-1339-1001.dcm.png,True,2,0.8,0.6667,0.9,0.75,0.8,0.4,0.9,0.9,0.8,0.5,0.2,0.3333,0.2,0.25,0.8,0.75,0.2,0.25,1,1,0,0,0,0,0.2222,0.2222,0,0,28,26,0.5714,0.3333,0.0,0.0,0,4,,Consolidation; Pleural Effusion; Support Devices; No Finding,14.0,20.42,6.42,Low,0.2222,0.75,0.6667,0.4,0.9,0.3333,0.25,0.75,0.2222,0,21.77,Low,20.42,v2+GCRF
2951,2951_IM-1349-1001.dcm.png,False,1,0.2,0.2,1.0,1.0,1.0,1.0,0.7143,0.7143,0.3333,0.3333,0.8,0.8,0.5,0.5,0.5,0.5,0.5,0.5,1,1,0,0,0,0,0.2222,0.2222,0,0,48,48,1.0,1.0,0.0,0.0,0,0,,,45.5,45.5,0.0,Moderate,0.2222,1.0,0.2,1.0,0.7143,0.8,0.5,0.5,0.2222,0,37.71,Moderate,45.5,v2+GCRF
2957,2957_IM-1354-1003.dcm.png,False,1,0.25,0.25,1.0,1.0,1.0,1.0,0.5385,0.5385,0.4,0.4,0.75,0.75,0.8,0.8,0.2,0.2,0.8,0.8,1,1,0,0,0,0,0.2222,0.2222,0,0,45,45,1.0,1.0,0.0,0.0,0,0,,,54.25,54.25,0.0,High,0.2222,1.0,0.25,1.0,0.5385,0.75,0.8,0.2,0.2222,0,46.31,Moderate,54.25,v2+GCRF
2961,2961_IM-1355-1001.dcm.png,False,1,0.3333,0.3333,0.7778,0.7778,0.5,0.5,0.6364,0.6364,0.4,0.4,0.6667,0.6667,0.6,0.6,0.4,0.4,0.6,0.6,1,1,0,0,0,0,0.3333,0.3333,1,1,30,30,0.5,0.5,0.0,0.0,0,2,,Lung Opacity; Pleural Effusion,44.33,44.33,0.0,Moderate,0.3333,0.7778,0.3333,0.5,0.6364,0.6667,0.6,0.4,0.3333,1,42.38,Moderate,44.33,v2+GCRF
2966,2966_IM-1359-1001.dcm.png,False,1,0.8,0.8,0.9,0.9,0.8,0.8,0.9,0.9,0.8,0.8,0.2,0.2,0.1667,0.1667,0.8333,0.8333,0.1667,0.1667,1,1,0,0,0,0,0.2222,0.2222,0,0,32,32,0.5,0.5,0.0,0.0,0,2,,Lung Opacity; No Finding,12.83,12.83,0.0,Hallucination-Free,0.2222,0.9,0.8,0.8,0.9,0.2,0.1667,0.8333,0.2222,0,13.99,Hallucination-Free,12.83,v2+GCRF
2969,2969_IM-1360-1001.dcm.png,False,1,0.5,0.5,1.0,1.0,1.0,1.0,0.75,0.75,0.6667,0.6667,0.5,0.5,0.6,0.6,0.4,0.4,0.6,0.6,1,1,0,0,0,0,0.3333,0.3333,1,1,27,27,0.0,0.0,50.0,50.0,1,3,Pneumothorax,Consolidation; Pleural Effusion; Support Devices,46.0,46.0,0.0,Moderate,0.3333,1.0,0.5,1.0,0.75,0.5,0.6,0.4,0.3333,1,41.63,Moderate,46.0,v2+GCRF
2971,2971_IM-1362-2001.dcm.png,True,2,0.6,0.6667,0.9,0.8333,0.75,0.5,0.8182,0.9091,0.6667,0.5714,0.4,0.3333,0.5,0.25,0.5,0.75,0.5,0.25,1,1,0,0,0,0,0.2222,0.2222,0,0,20,26,0.4,0.4,0.0,0.0,0,3,,Pleural Effusion; Support Devices; No Finding,31.5,20.42,-11.08,Low,0.2222,0.8333,0.6667,0.5,0.9091,0.3333,0.25,0.75,0.2222,0,20.45,Low,20.42,v2+GCRF
2976,2976_IM-1365-2002.dcm.png,False,1,0.4,0.4,1.0,1.0,1.0,1.0,0.7692,0.7692,0.5714,0.5714,0.6,0.6,0.5,0.5,0.5,0.5,0.5,0.5,1,1,0,0,0,0,0.2222,0.2222,0,0,33,33,1.0,1.0,0.0,0.0,0,0,,,38.5,38.5,0.0,Moderate,0.2222,1.0,0.4,1.0,0.7692,0.6,0.5,0.5,0.2222,0,32.47,Moderate,38.5,v2+GCRF
2978,2978_IM-1367-4001.dcm.png,False,1,0.5,0.5,0.7273,0.7273,0.4,0.4,0.8,0.8,0.4444,0.4444,0.5,0.5,0.4,0.4,0.6,0.6,0.4,0.4,1,1,0,0,0,0,0.2222,0.2222,0,0,34,34,0.3333,0.3333,0.0,0.0,0,4,,Lung Opacity; Lung Lesion; Support Devices; No Finding,31.5,31.5,0.0,Moderate,0.2222,0.7273,0.5,0.4,0.8,0.5,0.4,0.6,0.2222,0,31.11,Moderate,31.5,v2+GCRF
2993,2993_IM-1380-1001.dcm.png,True,2,0.8,1.0,0.9,1.0,0.8,1.0,0.9,1.0,0.8,1.0,0.2,0.0,0.25,0.0,0.75,1.0,0.25,0.0,1,0,0,0,0,0,0.2222,0.1111,0,0,20,30,0.6667,1.0,0.0,0.0,0,0,,,15.75,0.0,-15.75,Hallucination-Free,0.1111,1.0,1.0,1.0,1.0,0.0,0.0,1.0,0.1111,0,1.11,Hallucination-Free,0.0,v2+GCRF
3001,3001_IM-1387-3001.dcm.png,False,1,0.0,0.0,1.0,1.0,0.0,0.0,0.6667,0.6667,0.0,0.0,1.0,1.0,0.6,0.6,0.4,0.4,0.6,0.6,1,1,0,0,0,0,0.2222,0.2222,0,0,26,26,0.0,0.0,0.0,0.0,0,1,,Support Devices,56.0,56.0,0.0,High,0.2222,1.0,0.0,0.0,0.6667,1.0,0.6,0.4,0.2222,0,45.69,Moderate,56.0,v2+GCRF
3016,3016_IM-1392-1001.dcm.png,False,1,0.0,0.0,0.9091,0.9091,0.0,0.0,0.7143,0.7143,0.0,0.0,1.0,1.0,0.5,0.5,0.5,0.5,0.5,0.5,1,1,0,0,0,0,0.2222,0.2222,0,0,18,18,0.0,0.0,0.0,0.0,0,1,,No Finding,52.5,52.5,0.0,High,0.2222,0.9091,0.0,0.0,0.7143,1.0,0.5,0.5,0.2222,0,43.87,Moderate,52.5,v2+GCRF
3029,3029_IM-1404-1001.dcm.png,True,2,0.8,0.75,1.0,0.9091,1.0,0.75,0.9091,0.9091,0.8889,0.75,0.2,0.25,0.25,0.25,0.75,0.75,0.25,0.25,1,1,0,0,0,0,0.2222,0.2222,0,0,20,26,1.0,0.6667,0.0,50.0,1,0,Pleural Effusion,,15.75,25.0,9.25,Low,0.2222,0.9091,0.75,0.75,0.9091,0.25,0.25,0.75,0.2222,0,24.81,Low,25.0,v2+GCRF
3030,3030_IM-1405-3001.dcm.png,False,1,0.5,0.5,0.8182,0.8182,0.5,0.5,0.8182,0.8182,0.5,0.5,0.5,0.5,0.5,0.5,0.5,0.5,0.5,0.5,1,1,0,0,0,0,0.2222,0.2222,0,0,18,18,0.0,0.0,100.0,100.0,1,3,Pneumothorax,Pleural Effusion; Support Devices; No Finding,50.0,50.0,0.0,High,0.2222,0.8182,0.5,0.5,0.8182,0.5,0.5,0.5,0.2222,0,47.4,Moderate,50.0,v2+GCRF
3033,3033_IM-1408-1001.dcm.png,False,1,0.5,0.5,0.8182,0.8182,0.5,0.5,0.8182,0.8182,0.5,0.5,0.5,0.5,0.5,0.5,0.5,0.5,0.5,0.5,1,1,0,0,0,0,0.2222,0.2222,0,0,18,18,0.3333,0.3333,0.0,0.0,0,4,,Consolidation; Pleural Effusion; Support Devices; No Finding,35.0,35.0,0.0,Moderate,0.2222,0.8182,0.5,0.5,0.8182,0.5,0.5,0.5,0.2222,0,32.4,Moderate,35.0,v2+GCRF
3046,3046_IM-1418-1001.dcm.png,False,1,0.6667,0.6667,0.7778,0.7778,0.6667,0.6667,0.7778,0.7778,0.6667,0.6667,0.3333,0.3333,0.4,0.4,0.6,0.6,0.4,0.4,1,1,0,0,0,0,0.3333,0.3333,1,1,30,30,0.3333,0.3333,0.0,0.0,0,4,,Lung Opacity; Consolidation; Pleural Effusion; Fracture,25.67,25.67,0.0,Low,0.3333,0.7778,0.6667,0.6667,0.7778,0.3333,0.4,0.6,0.3333,1,27.64,Low,25.67,v2+GCRF
3047,3047_IM-1418-1001.dcm.png,True,2,0.8,0.8,0.9,0.9,0.8,0.8,0.9,0.9,0.8,0.8,0.2,0.2,0.2,0.2,0.8,0.8,0.2,0.2,1,1,0,0,0,0,0.2222,0.1111,0,0,28,34,0.5,0.6667,0.0,25.0,1,1,Pleural Effusion,Lung Opacity,14.0,17.75,3.75,Low,0.1111,0.9,0.8,0.8,0.9,0.2,0.2,0.8,0.1111,0,17.56,Low,17.75,v2+GCRF
3050,3050_IM-1420-1001.dcm.png,True,2,0.0,0.0,1.0,1.0,0.0,0.0,0.6667,0.8,0.0,0.0,1.0,1.0,0.75,0.25,0.25,0.75,0.75,0.25,1,1,0,0,0,0,0.2222,0.2222,0,0,20,26,0.0,0.0,0.0,0.0,0,0,,,61.25,43.75,-17.5,Moderate,0.2222,1.0,0.0,0.0,0.8,1.0,0.25,0.75,0.2222,0,34.82,Moderate,43.75,v2+GCRF
3051,3051_IM-1420-1001.dcm.png,True,2,0.4,0.6667,0.9,0.9167,0.6667,0.6667,0.75,0.9167,0.5,0.6667,0.6,0.3333,0.75,0.25,0.25,0.75,0.75,0.25,1,1,0,0,0,0,0.2222,0.2222,0,0,20,26,0.0,0.0,50.0,100.0,1,2,Pneumothorax,Pleural Effusion; No Finding,54.75,35.42,-19.33,Moderate,0.2222,0.9167,0.6667,0.6667,0.9167,0.3333,0.25,0.75,0.2222,0,34.14,Moderate,35.42,v2+GCRF
3062,3062_IM-1428-1001.dcm.png,False,1,0.5,0.5,0.8182,0.8182,0.5,0.5,0.8182,0.8182,0.5,0.5,0.5,0.5,0.25,0.25,0.75,0.75,0.25,0.25,1,1,0,0,0,0,0.2222,0.2222,0,0,18,18,0.0,0.0,100.0,100.0,1,2,Pneumothorax,Consolidation; No Finding,41.25,41.25,0.0,Moderate,0.2222,0.8182,0.5,0.5,0.8182,0.5,0.25,0.75,0.2222,0,40.4,Moderate,41.25,v2+GCRF
3063,3063_IM-1428-1001.dcm.png,False,1,0.5,0.5,0.9091,0.9091,0.6667,0.6667,0.8333,0.8333,0.5714,0.5714,0.5,0.5,0.5,0.5,0.5,0.5,0.5,0.5,1,1,0,0,0,0,0.2222,0.2222,0,0,18,18,0.0,0.0,100.0,100.0,1,3,Pneumothorax,Pleural Effusion; Support Devices; No Finding,50.0,50.0,0.0,High,0.2222,0.9091,0.5,0.6667,0.8333,0.5,0.5,0.5,0.2222,0,45.92,Moderate,50.0,v2+GCRF
3072,3072_IM-1433-1001.dcm.png,True,2,0.4286,0.6667,0.75,0.75,0.6,0.4,0.6,0.9,0.5,0.5,0.5714,0.3333,0.4,0.25,0.6,0.75,0.4,0.25,1,1,0,0,0,0,0.1111,0.1111,0,0,34,28,0.6667,0.4,0.0,0.0,0,3,,Lung Opacity; Pneumothorax; No Finding,34.0,20.42,-13.58,Low,0.1111,0.75,0.6667,0.4,0.9,0.3333,0.25,0.75,0.1111,0,20.66,Low,20.42,v2+GCRF
3084,3084_IM-1443-1001.dcm.png,False,1,0.8,0.8,1.0,1.0,1.0,1.0,0.9091,0.9091,0.8889,0.8889,0.2,0.2,0.1667,0.1667,0.8333,0.8333,0.1667,0.1667,1,1,0,0,0,0,0.3333,0.3333,1,1,36,36,0.0,0.0,50.0,50.0,1,0,Pneumothorax,,20.33,20.33,0.0,Low,0.3333,1.0,0.8,1.0,0.9091,0.2,0.1667,0.8333,0.3333,1,21.03,Low,20.33,v2+GCRF
3085,3085_IM-1444-1001.dcm.png,True,2,0.6,0.5,1.0,1.0,1.0,1.0,0.8333,0.75,0.75,0.6667,0.4,0.5,0.5,0.5,0.5,0.5,0.5,0.5,1,1,0,0,0,0,0.2222,0.1111,0,0,20,35,0.8,1.0,0.0,0.0,0,0,,,31.5,35.0,3.5,Moderate,0.1111,1.0,0.5,1.0,0.75,0.5,0.5,0.5,0.1111,0,29.11,Low,35.0,v2+GCRF
3087,3087_IM-1444-1001.dcm.png,False,1,0.1667,0.1667,0.8889,0.8889,0.5,0.5,0.6154,0.6154,0.25,0.25,0.8333,0.8333,0.6,0.6,0.4,0.4,0.6,0.6,1,1,0,0,0,0,0.3333,0.3333,1,1,27,27,0.6667,0.6667,0.0,0.0,0,1,,Cardiomegaly,50.17,50.17,0.0,High,0.3333,0.8889,0.1667,0.5,0.6154,0.8333,0.6,0.4,0.3333,1,44.88,Moderate,50.17,v2+GCRF
3091,3091_IM-1445-1001.dcm.png,True,2,0.6,0.5,0.7,0.6667,0.5,0.5,0.7778,0.6667,0.5455,0.5,0.4,0.5,0.3333,0.375,0.6667,0.625,0.3333,0.375,1,1,0,0,0,0,0.2222,0.1111,0,0,40,58,0.5714,0.5714,0.0,0.0,0,3,,Lung Opacity; Pneumonia; Support Devices,25.67,30.63,4.96,Moderate,0.1111,0.6667,0.5,0.5,0.6667,0.5,0.375,0.625,0.1111,0,31.28,Moderate,30.63,v2+GCRF
3092,3092_IM-1445-1001.dcm.png,False,1,0.75,0.75,0.8182,0.8182,0.6,0.6,0.9,0.9,0.6667,0.6667,0.25,0.25,0.25,0.25,0.75,0.75,0.25,0.25,1,1,0,0,0,0,0.2222,0.2222,0,0,18,18,0.5,0.5,0.0,0.0,0,2,,Lung Opacity; No Finding,17.5,17.5,0.0,Low,0.2222,0.8182,0.75,0.6,0.9,0.25,0.25,0.75,0.2222,0,18.75,Low,17.5,v2+GCRF
3096,3096_IM-1448-1001.dcm.png,False,1,0.7143,0.7143,0.875,0.875,0.8333,0.8333,0.7778,0.7778,0.7692,0.7692,0.2857,0.2857,0.4,0.4,0.6,0.6,0.4,0.4,1,1,0,0,0,0,0.1111,0.1111,0,0,30,30,0.8,0.8,0.0,0.0,0,1,,Lung Lesion,24.0,24.0,0.0,Low,0.1111,0.875,0.7143,0.8333,0.7778,0.2857,0.4,0.6,0.1111,0,22.82,Low,24.0,v2+GCRF
3103,3103_IM-1454-1001.dcm.png,False,1,0.1667,0.1667,0.7778,0.7778,0.3333,0.3333,0.5833,0.5833,0.2222,0.2222,0.8333,0.8333,0.6,0.6,0.4,0.4,0.6,0.6,1,1,0,0,0,0,0.3333,0.3333,1,1,30,30,0.4,0.4,0.0,0.0,0,3,,Pneumonia; Support Devices; No Finding,50.17,50.17,0.0,High,0.3333,0.7778,0.1667,0.3333,0.5833,0.8333,0.6,0.4,0.3333,1,46.8,Moderate,50.17,v2+GCRF
3110,3110_IM-1460-1001.dcm.png,False,1,0.5,0.5,0.9091,0.9091,0.6667,0.6667,0.8333,0.8333,0.5714,0.5714,0.5,0.5,0.5,0.5,0.5,0.5,0.5,0.5,1,1,0,0,0,0,0.2222,0.2222,0,0,18,18,0.5,0.5,0.0,0.0,0,2,,Pleural Effusion; No Finding,35.0,35.0,0.0,Moderate,0.2222,0.9091,0.5,0.6667,0.8333,0.5,0.5,0.5,0.2222,0,30.92,Moderate,35.0,v2+GCRF
3115,3115_IM-1463-1001.dcm.png,False,1,0.75,0.75,0.9091,0.9091,0.75,0.75,0.9091,0.9091,0.75,0.75,0.25,0.25,0.25,0.25,0.75,0.75,0.25,0.25,1,1,0,0,0,0,0.2222,0.2222,0,0,18,18,0.0,0.0,100.0,100.0,1,1,Pneumothorax,Pleural Effusion,32.5,32.5,0.0,Moderate,0.2222,0.9091,0.75,0.75,0.9091,0.25,0.25,0.75,0.2222,0,32.31,Moderate,32.5,v2+GCRF
3121,3121_IM-1466-1001.dcm.png,False,1,0.5,0.5,0.8182,0.8182,0.5,0.5,0.8182,0.8182,0.5,0.5,0.5,0.5,0.5,0.5,0.5,0.5,0.5,0.5,1,1,0,0,0,0,0.2222,0.2222,0,0,18,18,0.4,0.4,0.0,0.0,0,3,,Consolidation; Pleural Effusion; No Finding,35.0,35.0,0.0,Moderate,0.2222,0.8182,0.5,0.5,0.8182,0.5,0.5,0.5,0.2222,0,32.4,Moderate,35.0,v2+GCRF
3126,3126_IM-1470-1001.dcm.png,False,1,0.75,0.75,0.7273,0.7273,0.5,0.5,0.8889,0.8889,0.6,0.6,0.25,0.25,0.25,0.25,0.75,0.75,0.25,0.25,1,1,0,0,0,0,0.2222,0.2222,0,0,18,18,0.0,0.0,100.0,100.0,1,4,Pneumothorax,Consolidation; Fracture; Support Devices; No Finding,32.5,32.5,0.0,Moderate,0.2222,0.7273,0.75,0.5,0.8889,0.25,0.25,0.75,0.2222,0,35.2,Moderate,32.5,v2+GCRF
3132,3132_IM-1473-1001.dcm.png,False,1,0.0,0.0,1.0,1.0,0.0,0.0,0.7333,0.7333,0.0,0.0,1.0,1.0,0.5,0.5,0.5,0.5,0.5,0.5,1,1,0,0,0,0,0.2222,0.2222,0,0,18,18,0.0,0.0,0.0,0.0,0,1,,Support Devices,52.5,52.5,0.0,High,0.2222,1.0,0.0,0.0,0.7333,1.0,0.5,0.5,0.2222,0,42.36,Moderate,52.5,v2+GCRF
3135,3135_IM-1474-1001.dcm.png,False,1,0.5,0.5,0.8182,0.8182,0.5,0.5,0.8182,0.8182,0.5,0.5,0.5,0.5,0.5,0.5,0.5,0.5,0.5,0.5,1,1,0,0,0,0,0.2222,0.2222,0,0,18,18,0.3333,0.3333,0.0,0.0,0,4,,Consolidation; Pleural Effusion; Support Devices; No Finding,35.0,35.0,0.0,Moderate,0.2222,0.8182,0.5,0.5,0.8182,0.5,0.5,0.5,0.2222,0,32.4,Moderate,35.0,v2+GCRF
3136,3136_IM-1475-1001.dcm.png,True,2,0.6,0.8,0.8,0.9,0.6,0.8,0.8,0.9,0.6,0.8,0.4,0.2,0.5,0.25,0.5,0.75,0.5,0.25,1,1,0,0,0,0,0.2222,0.1111,0,0,20,30,0.3333,0.75,50.0,25.0,1,1,Consolidation,Lung Opacity,39.0,19.5,-19.5,Low,0.1111,0.9,0.8,0.8,0.9,0.2,0.25,0.75,0.1111,0,18.96,Low,19.5,v2+GCRF
3146,3146_IM-1479-1001.dcm.png,False,1,0.6,0.6,0.9,0.9,0.75,0.75,0.8182,0.8182,0.6667,0.6667,0.4,0.4,0.3333,0.3333,0.6667,0.6667,0.3333,0.3333,1,1,0,0,0,0,0.2222,0.2222,0,0,33,33,0.4,0.4,50.0,50.0,1,2,Pneumothorax,Pleural Effusion; No Finding,33.17,33.17,0.0,Moderate,0.2222,0.9,0.6,0.75,0.8182,0.4,0.3333,0.6667,0.2222,0,31.61,Moderate,33.17,v2+GCRF
3150,3150_IM-1482-3001.dcm.png,False,1,0.2,0.2,0.8,0.8,0.3333,0.3333,0.6667,0.6667,0.25,0.25,0.8,0.8,0.6,0.6,0.4,0.4,0.6,0.6,1,1,0,0,0,0,0.2222,0.2222,0,0,26,26,0.0,0.0,50.0,50.0,1,3,Pneumothorax,Atelectasis; Support Devices; No Finding,56.5,56.5,0.0,High,0.2222,0.8,0.2,0.3333,0.6667,0.8,0.6,0.4,0.2222,0,51.39,High,56.5,v2+GCRF
3152,3152_IM-1484-1001.dcm.png,False,1,0.6667,0.6667,0.8889,0.8889,0.8,0.8,0.8,0.8,0.7273,0.7273,0.3333,0.3333,0.4,0.4,0.6,0.6,0.4,0.4,1,1,0,0,0,0,0.3333,0.3333,1,1,27,27,0.0,0.0,50.0,50.0,1,3,Pneumothorax,Consolidation; Pneumonia; Pleural Effusion,33.17,33.17,0.0,Moderate,0.3333,0.8889,0.6667,0.8,0.8,0.3333,0.4,0.6,0.3333,1,33.3,Moderate,33.17,v2+GCRF
3155,3155_IM-1486-1001.dcm.png,False,1,0.5,0.5,0.9091,0.9091,0.6667,0.6667,0.8333,0.8333,0.5714,0.5714,0.5,0.5,0.5,0.5,0.5,0.5,0.5,0.5,1,1,0,0,0,0,0.2222,0.2222,0,0,18,18,0.0,0.0,100.0,100.0,1,2,Pneumothorax,Consolidation; Pleural Effusion,50.0,50.0,0.0,High,0.2222,0.9091,0.5,0.6667,0.8333,0.5,0.5,0.5,0.2222,0,45.92,Moderate,50.0,v2+GCRF
3174,3174_IM-1496-4004.dcm.png,False,1,0.75,0.75,0.8182,0.8182,0.6,0.6,0.9,0.9,0.6667,0.6667,0.25,0.25,0.25,0.25,0.75,0.75,0.25,0.25,1,1,0,0,0,0,0.2222,0.2222,0,0,18,18,0.0,0.0,100.0,100.0,1,2,Pneumothorax,Lung Opacity; Pleural Effusion,32.5,32.5,0.0,Moderate,0.2222,0.8182,0.75,0.6,0.9,0.25,0.25,0.75,0.2222,0,33.75,Moderate,32.5,v2+GCRF
3180,3180_IM-1500-3001.dcm.png,False,1,0.6,0.6,0.9,0.9,0.75,0.75,0.8182,0.8182,0.6667,0.6667,0.4,0.4,0.3333,0.3333,0.6667,0.6667,0.3333,0.3333,1,1,0,0,0,0,0.2222,0.2222,0,0,33,33,0.0,0.0,50.0,50.0,1,1,Pneumothorax,Pleural Effusion,33.17,33.17,0.0,Moderate,0.2222,0.9,0.6,0.75,0.8182,0.4,0.3333,0.6667,0.2222,0,31.61,Moderate,33.17,v2+GCRF
3181,3181_IM-1500-1001.dcm.png,True,2,0.2,0.0,0.9,0.8333,0.5,0.0,0.6923,0.7692,0.2857,0.0,0.8,1.0,0.5,0.25,0.5,0.75,0.5,0.25,1,1,0,0,0,0,0.2222,0.2222,0,0,20,26,0.0,0.0,0.0,0.0,0,1,,No Finding,45.5,43.75,-1.75,Moderate,0.2222,0.8333,0.0,0.0,0.7692,1.0,0.25,0.75,0.2222,0,37.57,Moderate,43.75,v2+GCRF
3191,3191_IM-1505-1001.dcm.png,False,1,0.1667,0.1667,0.8889,0.8889,0.5,0.5,0.6154,0.6154,0.25,0.25,0.8333,0.8333,0.6,0.6,0.4,0.4,0.6,0.6,1,1,0,0,0,0,0.2222,0.2222,0,0,32,32,0.6667,0.6667,0.0,0.0,0,1,,Cardiomegaly,50.17,50.17,0.0,High,0.2222,0.8889,0.1667,0.5,0.6154,0.8333,0.6,0.4,0.2222,0,43.76,Moderate,50.17,v2+GCRF
3192,3192_IM-1505-1001.dcm.png,False,1,0.3333,0.3333,1.0,1.0,1.0,1.0,0.6923,0.6923,0.5,0.5,0.6667,0.6667,0.6,0.6,0.4,0.4,0.6,0.6,1,1,0,0,0,0,0.3333,0.3333,1,1,27,27,0.0,0.0,50.0,50.0,1,0,Pneumothorax,,51.83,51.83,0.0,High,0.3333,1.0,0.3333,1.0,0.6923,0.6667,0.6,0.4,0.3333,1,46.1,Moderate,51.83,v2+GCRF
3195,3195_IM-1506-0001-0002.dcm.png,False,1,0.25,0.25,0.8182,0.8182,0.3333,0.3333,0.75,0.75,0.2857,0.2857,0.75,0.75,0.3333,0.3333,0.6667,0.6667,0.3333,0.3333,1,1,0,0,0,0,0.2222,0.2222,0,0,28,28,0.0,0.0,100.0,100.0,2,2,Cardiomegaly; Pneumothorax,Lung Opacity; Support Devices,52.92,52.92,0.0,High,0.2222,0.8182,0.25,0.3333,0.75,0.75,0.3333,0.6667,0.2222,0,49.28,Moderate,52.92,v2+GCRF
3205,3205_IM-1513-1001.dcm.png,False,1,0.75,0.75,0.9091,0.9091,0.75,0.75,0.9091,0.9091,0.75,0.75,0.25,0.25,0.25,0.25,0.75,0.75,0.25,0.25,1,1,0,0,0,0,0.2222,0.2222,0,0,18,18,0.0,0.0,100.0,100.0,1,2,Pneumothorax,Pleural Effusion; Fracture,32.5,32.5,0.0,Moderate,0.2222,0.9091,0.75,0.75,0.9091,0.25,0.25,0.75,0.2222,0,32.31,Moderate,32.5,v2+GCRF
3220,3220_IM-1522-1001.dcm.png,True,2,0.4,0.5,0.9,0.9091,0.6667,0.6667,0.75,0.8333,0.5,0.5714,0.6,0.5,0.75,0.5,0.25,0.5,0.75,0.5,1,1,0,0,0,0,0.2222,0.2222,0,0,20,26,0.0,0.5,50.0,50.0,1,1,Pneumothorax,No Finding,54.75,42.5,-12.25,Moderate,0.2222,0.9091,0.5,0.6667,0.8333,0.5,0.5,0.5,0.2222,0,38.42,Moderate,42.5,v2+GCRF
3223,3223_IM-1523-1001.dcm.png,False,1,0.0,0.0,0.9,0.9,0.0,0.0,0.6429,0.6429,0.0,0.0,1.0,1.0,0.6,0.6,0.4,0.4,0.6,0.6,1,1,0,0,0,0,0.2222,0.2222,0,0,26,26,0.0,0.0,0.0,0.0,0,1,,No Finding,56.0,56.0,0.0,High,0.2222,0.9,0.0,0.0,0.6429,1.0,0.6,0.4,0.2222,0,47.38,Moderate,56.0,v2+GCRF
3224,3224_IM-1524-1001.dcm.png,True,2,0.6,0.6667,1.0,0.9167,1.0,0.6667,0.8333,0.9167,0.75,0.6667,0.4,0.3333,0.5,0.25,0.5,0.75,0.5,0.25,1,1,0,0,0,0,0.2222,0.2222,0,0,20,26,0.4,0.5,50.0,0.0,0,2,,Pleural Effusion; Support Devices,39.0,20.42,-18.58,Low,0.2222,0.9167,0.6667,0.6667,0.9167,0.3333,0.25,0.75,0.2222,0,19.14,Low,20.42,v2+GCRF
3226,3226_IM-1525-1001.dcm.png,False,1,0.0,0.0,1.0,1.0,0.0,0.0,0.7333,0.7333,0.0,0.0,1.0,1.0,0.5,0.5,0.5,0.5,0.5,0.5,1,1,0,0,0,0,0.2222,0.2222,0,0,18,18,0.0,0.0,0.0,0.0,0,0,,,52.5,52.5,0.0,High,0.2222,1.0,0.0,0.0,0.7333,1.0,0.5,0.5,0.2222,0,42.36,Moderate,52.5,v2+GCRF
3246,3246_IM-1538-1001.dcm.png,False,1,0.0,0.0,1.0,1.0,0.0,0.0,0.6667,0.6667,0.0,0.0,1.0,1.0,0.5,0.5,0.5,0.5,0.5,0.5,1,1,0,0,0,0,0.2222,0.2222,0,0,33,33,0.0,0.0,0.0,0.0,0,0,,,52.5,52.5,0.0,High,0.2222,1.0,0.0,0.0,0.6667,1.0,0.5,0.5,0.2222,0,42.89,Moderate,52.5,v2+GCRF
3265,3265_IM-1551-1001.dcm.png,False,1,0.6,0.6,0.9,0.9,0.75,0.75,0.8182,0.8182,0.6667,0.6667,0.4,0.4,0.4,0.4,0.6,0.6,0.4,0.4,1,1,0,0,0,0,0.2222,0.2222,0,0,26,26,0.6667,0.6667,0.0,0.0,0,2,,Pleural Effusion; No Finding,28.0,28.0,0.0,Low,0.2222,0.9,0.6,0.75,0.8182,0.4,0.4,0.6,0.2222,0,25.98,Low,28.0,v2+GCRF
3266,3266_IM-1551-1001.dcm.png,False,1,0.5,0.5,0.9091,0.9091,0.6667,0.6667,0.8333,0.8333,0.5714,0.5714,0.5,0.5,0.5,0.5,0.5,0.5,0.5,0.5,1,1,0,0,0,0,0.2222,0.2222,0,0,18,18,0.0,0.0,100.0,100.0,1,3,Pneumothorax,Pleural Effusion; Support Devices; No Finding,50.0,50.0,0.0,High,0.2222,0.9091,0.5,0.6667,0.8333,0.5,0.5,0.5,0.2222,0,45.92,Moderate,50.0,v2+GCRF
3267,3267_IM-1551-1001.dcm.png,False,1,0.0,0.0,1.0,1.0,0.0,0.0,0.7333,0.7333,0.0,0.0,1.0,1.0,0.5,0.5,0.5,0.5,0.5,0.5,1,1,0,0,0,0,0.2222,0.2222,0,0,18,18,0.0,0.0,0.0,0.0,0,0,0,0,52.5,52.5,0.0,High,0.2222,1.0,0.0,0.0,0.7333,1.0,0.5,0.5,0.2222,0,42.36,Moderate,52.5,v2+GCRF
3269,3269_IM-1552-1001.dcm.png,False,1,0.5,0.5,0.8182,0.8182,0.5,0.5,0.8182,0.8182,0.5,0.5,0.5,0.5,0.5,0.5,0.5,0.5,0.5,0.5,1,1,0,0,0,0,0.2222,0.2222,0,0,18,18,0.0,0.0,0.0,0.0,0,2,,Support Devices; No Finding,35.0,35.0,0.0,Moderate,0.2222,0.8182,0.5,0.5,0.8182,0.5,0.5,0.5,0.2222,0,32.4,Moderate,35.0,v2+GCRF
3272,3272_IM-1553-1001.dcm.png,False,1,0.0,0.0,0.8,0.8,0.0,0.0,0.6154,0.6154,0.0,0.0,1.0,1.0,0.5,0.5,0.5,0.5,0.5,0.5,1,1,0,0,0,0,0.2222,0.2222,0,0,33,33,0.0,0.0,0.0,0.0,0,2,,Pleural Other; Fracture,52.5,52.5,0.0,High,0.2222,0.8,0.0,0.0,0.6154,1.0,0.5,0.5,0.2222,0,46.3,Moderate,52.5,v2+GCRF
3275,3275_IM-1556-1002001.dcm.png,True,2,0.0,0.2,0.9,1.0,0.0,1.0,0.6429,0.7143,0.0,0.3333,1.0,0.8,0.75,0.5,0.25,0.5,0.75,0.5,1,1,0,0,0,0,0.2222,0.1111,0,0,20,30,0.0,0.6667,0.0,0.0,0,1,,Support Devices,61.25,45.5,-15.75,Moderate,0.1111,1.0,0.2,1.0,0.7143,0.8,0.5,0.5,0.1111,0,36.6,Moderate,45.5,v2+GCRF
3275,3275_IM-1556-1002001.dcm.png,True,2,0.0,0.2,0.9,1.0,0.0,1.0,0.6429,0.7143,0.0,0.3333,1.0,0.8,0.75,0.5,0.25,0.5,0.75,0.5,1,1,0,0,0,0,0.2222,0.1111,0,0,20,30,0.0,0.6667,0.0,0.0,0,1,,Support Devices,61.25,45.5,-15.75,Moderate,0.1111,1.0,0.2,1.0,0.7143,0.8,0.5,0.5,0.1111,0,36.6,Moderate,45.5,v2+GCRF
3275,3275_IM-1556-1002001.dcm.png,True,2,0.0,0.2,0.9,1.0,0.0,1.0,0.6429,0.7143,0.0,0.3333,1.0,0.8,0.75,0.5,0.25,0.5,0.75,0.5,1,1,0,0,0,0,0.2222,0.1111,0,0,20,30,0.0,0.6667,0.0,0.0,0,1,,Support Devices,61.25,45.5,-15.75,Moderate,0.1111,0.9091,0.0,0.0,0.7143,1.0,0.5,0.5,0.2222,0,36.6,Moderate,45.5,v2+GCRF
3275,3275_IM-1556-1002001.dcm.png,True,2,0.0,0.2,0.9,1.0,0.0,1.0,0.6429,0.7143,0.0,0.3333,1.0,0.8,0.75,0.5,0.25,0.5,0.75,0.5,1,1,0,0,0,0,0.2222,0.1111,0,0,20,30,0.0,0.6667,0.0,0.0,0,1,,Support Devices,61.25,45.5,-15.75,Moderate,0.1111,0.9091,0.0,0.0,0.7143,1.0,0.5,0.5,0.2222,0,36.6,Moderate,45.5,v2+GCRF
3275,3275_IM-1556-1002001.dcm.png,True,2,0.0,0.2,0.9,1.0,0.0,1.0,0.6429,0.7143,0.0,0.3333,1.0,0.8,0.75,0.5,0.25,0.5,0.75,0.5,1,1,0,0,0,0,0.2222,0.1111,0,0,20,30,0.0,0.6667,0.0,0.0,0,1,,Support Devices,61.25,45.5,-15.75,Moderate,0.1111,1.0,0.2,1.0,0.7143,0.8,0.5,0.5,0.1111,0,36.6,Moderate,45.5,v2+GCRF
3275,3275_IM-1556-1002001.dcm.png,True,2,0.0,0.2,0.9,1.0,0.0,1.0,0.6429,0.7143,0.0,0.3333,1.0,0.8,0.75,0.5,0.25,0.5,0.75,0.5,1,1,0,0,0,0,0.2222,0.1111,0,0,20,30,0.0,0.6667,0.0,0.0,0,1,,Support Devices,61.25,45.5,-15.75,Moderate,0.1111,1.0,0.2,1.0,0.7143,0.8,0.5,0.5,0.1111,0,36.6,Moderate,45.5,v2+GCRF
3275,3275_IM-1556-1002001.dcm.png,True,2,0.0,0.2,0.9,1.0,0.0,1.0,0.6429,0.7143,0.0,0.3333,1.0,0.8,0.75,0.5,0.25,0.5,0.75,0.5,1,1,0,0,0,0,0.2222,0.1111,0,0,20,30,0.0,0.6667,0.0,0.0,0,1,,Support Devices,61.25,45.5,-15.75,Moderate,0.1111,0.9091,0.0,0.0,0.7143,1.0,0.5,0.5,0.2222,0,36.6,Moderate,45.5,v2+GCRF
3275,3275_IM-1556-1002001.dcm.png,True,2,0.0,0.2,0.9,1.0,0.0,1.0,0.6429,0.7143,0.0,0.3333,1.0,0.8,0.75,0.5,0.25,0.5,0.75,0.5,1,1,0,0,0,0,0.2222,0.1111,0,0,20,30,0.0,0.6667,0.0,0.0,0,1,,Support Devices,61.25,45.5,-15.75,Moderate,0.1111,0.9091,0.0,0.0,0.7143,1.0,0.5,0.5,0.2222,0,36.6,Moderate,45.5,v2+GCRF
3275,3275_IM-1556-1002001.dcm.png,True,2,0.0,0.2,0.9,1.0,0.0,1.0,0.6429,0.7143,0.0,0.3333,1.0,0.8,0.75,0.5,0.25,0.5,0.75,0.5,1,1,0,0,0,0,0.2222,0.1111,0,0,20,30,0.0,0.6667,0.0,0.0,0,1,,Support Devices,61.25,45.5,-15.75,Moderate,0.1111,1.0,0.2,1.0,0.7143,0.8,0.5,0.5,0.1111,0,36.6,Moderate,45.5,v2+GCRF
3275,3275_IM-1556-1002001.dcm.png,True,2,0.0,0.2,0.9,1.0,0.0,1.0,0.6429,0.7143,0.0,0.3333,1.0,0.8,0.75,0.5,0.25,0.5,0.75,0.5,1,1,0,0,0,0,0.2222,0.1111,0,0,20,30,0.0,0.6667,0.0,0.0,0,1,,Support Devices,61.25,45.5,-15.75,Moderate,0.1111,1.0,0.2,1.0,0.7143,0.8,0.5,0.5,0.1111,0,36.6,Moderate,45.5,v2+GCRF
3275,3275_IM-1556-1002001.dcm.png,True,2,0.0,0.2,0.9,1.0,0.0,1.0,0.6429,0.7143,0.0,0.3333,1.0,0.8,0.75,0.5,0.25,0.5,0.75,0.5,1,1,0,0,0,0,0.2222,0.1111,0,0,20,30,0.0,0.6667,0.0,0.0,0,1,,Support Devices,61.25,45.5,-15.75,Moderate,0.1111,0.9091,0.0,0.0,0.7143,1.0,0.5,0.5,0.2222,0,36.6,Moderate,45.5,v2+GCRF
3275,3275_IM-1556-1002001.dcm.png,True,2,0.0,0.2,0.9,1.0,0.0,1.0,0.6429,0.7143,0.0,0.3333,1.0,0.8,0.75,0.5,0.25,0.5,0.75,0.5,1,1,0,0,0,0,0.2222,0.1111,0,0,20,30,0.0,0.6667,0.0,0.0,0,1,,Support Devices,61.25,45.5,-15.75,Moderate,0.1111,0.9091,0.0,0.0,0.7143,1.0,0.5,0.5,0.2222,0,36.6,Moderate,45.5,v2+GCRF
3275,3275_IM-1556-1002001.dcm.png,True,2,0.0,0.2,0.9,1.0,0.0,1.0,0.6429,0.7143,0.0,0.3333,1.0,0.8,0.75,0.5,0.25,0.5,0.75,0.5,1,1,0,0,0,0,0.2222,0.1111,0,0,20,30,0.0,0.6667,0.0,0.0,0,1,,Support Devices,61.25,45.5,-15.75,Moderate,0.1111,1.0,0.2,1.0,0.7143,0.8,0.5,0.5,0.1111,0,36.6,Moderate,45.5,v2+GCRF
3275,3275_IM-1556-1002001.dcm.png,True,2,0.0,0.2,0.9,1.0,0.0,1.0,0.6429,0.7143,0.0,0.3333,1.0,0.8,0.75,0.5,0.25,0.5,0.75,0.5,1,1,0,0,0,0,0.2222,0.1111,0,0,20,30,0.0,0.6667,0.0,0.0,0,1,,Support Devices,61.25,45.5,-15.75,Moderate,0.1111,1.0,0.2,1.0,0.7143,0.8,0.5,0.5,0.1111,0,36.6,Moderate,45.5,v2+GCRF
3275,3275_IM-1556-1002001.dcm.png,True,2,0.0,0.2,0.9,1.0,0.0,1.0,0.6429,0.7143,0.0,0.3333,1.0,0.8,0.75,0.5,0.25,0.5,0.75,0.5,1,1,0,0,0,0,0.2222,0.1111,0,0,20,30,0.0,0.6667,0.0,0.0,0,1,,Support Devices,61.25,45.5,-15.75,Moderate,0.1111,0.9091,0.0,0.0,0.7143,1.0,0.5,0.5,0.2222,0,36.6,Moderate,45.5,v2+GCRF
3275,3275_IM-1556-1002001.dcm.png,True,2,0.0,0.2,0.9,1.0,0.0,1.0,0.6429,0.7143,0.0,0.3333,1.0,0.8,0.75,0.5,0.25,0.5,0.75,0.5,1,1,0,0,0,0,0.2222,0.1111,0,0,20,30,0.0,0.6667,0.0,0.0,0,1,,Support Devices,61.25,45.5,-15.75,Moderate,0.1111,0.9091,0.0,0.0,0.7143,1.0,0.5,0.5,0.2222,0,36.6,Moderate,45.5,v2+GCRF
3275,3275_IM-1556-1003002.dcm.png,False,1,0.0,0.0,0.9091,0.9091,0.0,0.0,0.7143,0.7143,0.0,0.0,1.0,1.0,0.5,0.5,0.5,0.5,0.5,0.5,1,1,0,0,0,0,0.2222,0.2222,0,0,18,18,0.0,0.0,0.0,0.0,0,2,,Support Devices; No Finding,52.5,52.5,0.0,High,0.2222,1.0,0.2,1.0,0.7143,0.8,0.5,0.5,0.1111,0,43.87,Moderate,52.5,v2+GCRF
3275,3275_IM-1556-1003002.dcm.png,False,1,0.0,0.0,0.9091,0.9091,0.0,0.0,0.7143,0.7143,0.0,0.0,1.0,1.0,0.5,0.5,0.5,0.5,0.5,0.5,1,1,0,0,0,0,0.2222,0.2222,0,0,18,18,0.0,0.0,0.0,0.0,0,2,,Support Devices; No Finding,52.5,52.5,0.0,High,0.2222,1.0,0.2,1.0,0.7143,0.8,0.5,0.5,0.1111,0,43.87,Moderate,52.5,v2+GCRF
3275,3275_IM-1556-1003002.dcm.png,False,1,0.0,0.0,0.9091,0.9091,0.0,0.0,0.7143,0.7143,0.0,0.0,1.0,1.0,0.5,0.5,0.5,0.5,0.5,0.5,1,1,0,0,0,0,0.2222,0.2222,0,0,18,18,0.0,0.0,0.0,0.0,0,2,,Support Devices; No Finding,52.5,52.5,0.0,High,0.2222,0.9091,0.0,0.0,0.7143,1.0,0.5,0.5,0.2222,0,43.87,Moderate,52.5,v2+GCRF
3275,3275_IM-1556-1003002.dcm.png,False,1,0.0,0.0,0.9091,0.9091,0.0,0.0,0.7143,0.7143,0.0,0.0,1.0,1.0,0.5,0.5,0.5,0.5,0.5,0.5,1,1,0,0,0,0,0.2222,0.2222,0,0,18,18,0.0,0.0,0.0,0.0,0,2,,Support Devices; No Finding,52.5,52.5,0.0,High,0.2222,0.9091,0.0,0.0,0.7143,1.0,0.5,0.5,0.2222,0,43.87,Moderate,52.5,v2+GCRF
3275,3275_IM-1556-1003002.dcm.png,False,1,0.0,0.0,0.9091,0.9091,0.0,0.0,0.7143,0.7143,0.0,0.0,1.0,1.0,0.5,0.5,0.5,0.5,0.5,0.5,1,1,0,0,0,0,0.2222,0.2222,0,0,18,18,0.0,0.0,0.0,0.0,0,2,,Support Devices; No Finding,52.5,52.5,0.0,High,0.2222,1.0,0.2,1.0,0.7143,0.8,0.5,0.5,0.1111,0,43.87,Moderate,52.5,v2+GCRF
3275,3275_IM-1556-1003002.dcm.png,False,1,0.0,0.0,0.9091,0.9091,0.0,0.0,0.7143,0.7143,0.0,0.0,1.0,1.0,0.5,0.5,0.5,0.5,0.5,0.5,1,1,0,0,0,0,0.2222,0.2222,0,0,18,18,0.0,0.0,0.0,0.0,0,2,,Support Devices; No Finding,52.5,52.5,0.0,High,0.2222,1.0,0.2,1.0,0.7143,0.8,0.5,0.5,0.1111,0,43.87,Moderate,52.5,v2+GCRF
3275,3275_IM-1556-1003002.dcm.png,False,1,0.0,0.0,0.9091,0.9091,0.0,0.0,0.7143,0.7143,0.0,0.0,1.0,1.0,0.5,0.5,0.5,0.5,0.5,0.5,1,1,0,0,0,0,0.2222,0.2222,0,0,18,18,0.0,0.0,0.0,0.0,0,2,,Support Devices; No Finding,52.5,52.5,0.0,High,0.2222,0.9091,0.0,0.0,0.7143,1.0,0.5,0.5,0.2222,0,43.87,Moderate,52.5,v2+GCRF
3275,3275_IM-1556-1003002.dcm.png,False,1,0.0,0.0,0.9091,0.9091,0.0,0.0,0.7143,0.7143,0.0,0.0,1.0,1.0,0.5,0.5,0.5,0.5,0.5,0.5,1,1,0,0,0,0,0.2222,0.2222,0,0,18,18,0.0,0.0,0.0,0.0,0,2,,Support Devices; No Finding,52.5,52.5,0.0,High,0.2222,0.9091,0.0,0.0,0.7143,1.0,0.5,0.5,0.2222,0,43.87,Moderate,52.5,v2+GCRF
3275,3275_IM-1556-1003002.dcm.png,False,1,0.0,0.0,0.9091,0.9091,0.0,0.0,0.7143,0.7143,0.0,0.0,1.0,1.0,0.5,0.5,0.5,0.5,0.5,0.5,1,1,0,0,0,0,0.2222,0.2222,0,0,18,18,0.0,0.0,0.0,0.0,0,2,,Support Devices; No Finding,52.5,52.5,0.0,High,0.2222,1.0,0.2,1.0,0.7143,0.8,0.5,0.5,0.1111,0,43.87,Moderate,52.5,v2+GCRF
3275,3275_IM-1556-1003002.dcm.png,False,1,0.0,0.0,0.9091,0.9091,0.0,0.0,0.7143,0.7143,0.0,0.0,1.0,1.0,0.5,0.5,0.5,0.5,0.5,0.5,1,1,0,0,0,0,0.2222,0.2222,0,0,18,18,0.0,0.0,0.0,0.0,0,2,,Support Devices; No Finding,52.5,52.5,0.0,High,0.2222,1.0,0.2,1.0,0.7143,0.8,0.5,0.5,0.1111,0,43.87,Moderate,52.5,v2+GCRF
3275,3275_IM-1556-1003002.dcm.png,False,1,0.0,0.0,0.9091,0.9091,0.0,0.0,0.7143,0.7143,0.0,0.0,1.0,1.0,0.5,0.5,0.5,0.5,0.5,0.5,1,1,0,0,0,0,0.2222,0.2222,0,0,18,18,0.0,0.0,0.0,0.0,0,2,,Support Devices; No Finding,52.5,52.5,0.0,High,0.2222,0.9091,0.0,0.0,0.7143,1.0,0.5,0.5,0.2222,0,43.87,Moderate,52.5,v2+GCRF
3275,3275_IM-1556-1003002.dcm.png,False,1,0.0,0.0,0.9091,0.9091,0.0,0.0,0.7143,0.7143,0.0,0.0,1.0,1.0,0.5,0.5,0.5,0.5,0.5,0.5,1,1,0,0,0,0,0.2222,0.2222,0,0,18,18,0.0,0.0,0.0,0.0,0,2,,Support Devices; No Finding,52.5,52.5,0.0,High,0.2222,0.9091,0.0,0.0,0.7143,1.0,0.5,0.5,0.2222,0,43.87,Moderate,52.5,v2+GCRF
3275,3275_IM-1556-1003002.dcm.png,False,1,0.0,0.0,0.9091,0.9091,0.0,0.0,0.7143,0.7143,0.0,0.0,1.0,1.0,0.5,0.5,0.5,0.5,0.5,0.5,1,1,0,0,0,0,0.2222,0.2222,0,0,18,18,0.0,0.0,0.0,0.0,0,2,,Support Devices; No Finding,52.5,52.5,0.0,High,0.2222,1.0,0.2,1.0,0.7143,0.8,0.5,0.5,0.1111,0,43.87,Moderate,52.5,v2+GCRF
3275,3275_IM-1556-1003002.dcm.png,False,1,0.0,0.0,0.9091,0.9091,0.0,0.0,0.7143,0.7143,0.0,0.0,1.0,1.0,0.5,0.5,0.5,0.5,0.5,0.5,1,1,0,0,0,0,0.2222,0.2222,0,0,18,18,0.0,0.0,0.0,0.0,0,2,,Support Devices; No Finding,52.5,52.5,0.0,High,0.2222,1.0,0.2,1.0,0.7143,0.8,0.5,0.5,0.1111,0,43.87,Moderate,52.5,v2+GCRF
3275,3275_IM-1556-1003002.dcm.png,False,1,0.0,0.0,0.9091,0.9091,0.0,0.0,0.7143,0.7143,0.0,0.0,1.0,1.0,0.5,0.5,0.5,0.5,0.5,0.5,1,1,0,0,0,0,0.2222,0.2222,0,0,18,18,0.0,0.0,0.0,0.0,0,2,,Support Devices; No Finding,52.5,52.5,0.0,High,0.2222,0.9091,0.0,0.0,0.7143,1.0,0.5,0.5,0.2222,0,43.87,Moderate,52.5,v2+GCRF
3275,3275_IM-1556-1003002.dcm.png,False,1,0.0,0.0,0.9091,0.9091,0.0,0.0,0.7143,0.7143,0.0,0.0,1.0,1.0,0.5,0.5,0.5,0.5,0.5,0.5,1,1,0,0,0,0,0.2222,0.2222,0,0,18,18,0.0,0.0,0.0,0.0,0,2,,Support Devices; No Finding,52.5,52.5,0.0,High,0.2222,0.9091,0.0,0.0,0.7143,1.0,0.5,0.5,0.2222,0,43.87,Moderate,52.5,v2+GCRF
3282,3282_IM-1563-2001.dcm.png,True,2,0.6,0.8,0.9,1.0,0.75,1.0,0.8182,0.9091,0.6667,0.8889,0.4,0.2,0.5,0.25,0.5,0.75,0.5,0.25,1,1,0,0,0,0,0.2222,0.1111,0,0,20,30,0.3333,0.75,50.0,25.0,1,1,Consolidation,Support Devices,39.0,19.5,-19.5,Low,0.1111,1.0,0.8,1.0,0.9091,0.2,0.25,0.75,0.1111,0,17.39,Low,19.5,v2+GCRF
3283,3283_IM-1564-1001.dcm.png,False,1,0.3333,0.3333,1.0,1.0,1.0,1.0,0.6923,0.6923,0.5,0.5,0.6667,0.6667,0.5714,0.5714,0.4286,0.4286,0.5714,0.5714,1,1,0,0,1,1,0.5556,0.5556,1,1,36,36,1.0,1.0,0.0,0.0,0,0,,,48.33,48.33,0.0,Moderate,0.5556,1.0,0.3333,1.0,0.6923,0.6667,0.5714,0.4286,0.5556,1,40.02,Moderate,48.33,v2+GCRF
3294,3294_IM-1573-1001.dcm.png,False,1,0.8,0.8,0.8,0.8,0.6667,0.6667,0.8889,0.8889,0.7273,0.7273,0.2,0.2,0.1667,0.1667,0.8333,0.8333,0.1667,0.1667,1,1,0,0,0,0,0.2222,0.2222,0,0,32,32,0.3333,0.3333,50.0,50.0,1,3,Pneumothorax,Fracture; Support Devices; No Finding,20.33,20.33,0.0,Low,0.2222,0.8,0.8,0.6667,0.8889,0.2,0.1667,0.8333,0.2222,0,23.08,Low,20.33,v2+GCRF
3298,3298_IM-1575-1001.dcm.png,True,2,0.6,0.8,0.9,1.0,0.75,1.0,0.8182,0.9091,0.6667,0.8889,0.4,0.2,0.5,0.25,0.5,0.75,0.5,0.25,1,1,0,0,0,0,0.2222,0.1111,0,0,20,30,0.4,0.8571,50.0,25.0,1,0,Pneumothorax,,39.0,19.5,-19.5,Low,0.1111,1.0,0.8,1.0,0.9091,0.2,0.25,0.75,0.1111,0,17.39,Low,19.5,v2+GCRF
3305,3305_IM-1581-4001.dcm.png,True,2,0.5,0.4,0.8182,0.8,0.5,0.5,0.8182,0.7273,0.5,0.4444,0.5,0.6,0.3333,0.6,0.6667,0.4,0.3333,0.6,1,1,0,0,0,0,0.2222,0.2222,0,0,46,39,0.4,0.4,50.0,33.33,1,2,Pneumothorax,Edema; Support Devices,36.67,47.0,10.33,Moderate,0.2222,0.8,0.4,0.5,0.7273,0.6,0.6,0.4,0.2222,0,43.6,Moderate,47.0,v2+GCRF
3310,3310_IM-1585-1001.dcm.png,False,1,0.5,0.5,0.8182,0.8182,0.5,0.5,0.8182,0.8182,0.5,0.5,0.5,0.5,0.5,0.5,0.5,0.5,0.5,0.5,1,1,0,0,0,0,0.2222,0.2222,0,0,18,18,0.0,0.0,100.0,100.0,1,3,Pneumothorax,Consolidation; Pleural Effusion; No Finding,50.0,50.0,0.0,High,0.2222,0.8182,0.5,0.5,0.8182,0.5,0.5,0.5,0.2222,0,47.4,Moderate,50.0,v2+GCRF
3313,3313_IM-1586-1001.dcm.png,False,1,0.4,0.4,1.0,1.0,1.0,1.0,0.7692,0.7692,0.5714,0.5714,0.6,0.6,0.6,0.6,0.4,0.4,0.6,0.6,1,1,0,0,0,0,0.2222,0.2222,0,0,26,26,1.0,1.0,0.0,0.0,0,0,,,42.0,42.0,0.0,Moderate,0.2222,1.0,0.4,1.0,0.7692,0.6,0.6,0.4,0.2222,0,35.27,Moderate,42.0,v2+GCRF
3327,3327_IM-1593-2001.dcm.png,False,1,0.4,0.4,0.9,0.9,0.6667,0.6667,0.75,0.75,0.5,0.5,0.6,0.6,0.5,0.5,0.5,0.5,0.5,0.5,1,1,0,0,0,0,0.3333,0.3333,1,1,40,40,0.0,0.0,100.0,100.0,1,3,Pneumothorax,Lung Opacity; Pleural Effusion; Support Devices,53.5,53.5,0.0,High,0.3333,0.9,0.4,0.6667,0.75,0.6,0.5,0.5,0.3333,1,50.23,High,53.5,v2+GCRF
3335,3335_IM-1598-1001.dcm.png,False,1,0.4,0.4,1.0,1.0,1.0,1.0,0.7692,0.7692,0.5714,0.5714,0.6,0.6,0.5,0.5,0.5,0.5,0.5,0.5,1,1,0,0,0,0,0.2222,0.2222,0,0,33,33,1.0,1.0,0.0,0.0,0,0,,,38.5,38.5,0.0,Moderate,0.2222,1.0,0.4,1.0,0.7692,0.6,0.5,0.5,0.2222,0,32.47,Moderate,38.5,v2+GCRF
3340,3340_IM-1601-1001.dcm.png,False,1,0.6,0.6,1.0,1.0,1.0,1.0,0.8333,0.8333,0.75,0.75,0.4,0.4,0.3333,0.3333,0.6667,0.6667,0.3333,0.3333,1,1,0,0,0,0,0.2222,0.2222,0,0,33,33,0.4,0.4,50.0,50.0,1,2,Consolidation,Pleural Effusion; Support Devices,33.17,33.17,0.0,Moderate,0.2222,1.0,0.6,1.0,0.8333,0.4,0.3333,0.6667,0.2222,0,29.99,Low,33.17,v2+GCRF
3341,3341_IM-1602-1001.dcm.png,False,1,0.5,0.5,0.7273,0.7273,0.4,0.4,0.8,0.8,0.4444,0.4444,0.5,0.5,0.5,0.5,0.5,0.5,0.5,0.5,1,1,0,0,0,0,0.2222,0.2222,0,0,18,18,0.4,0.4,0.0,0.0,0,3,,Lung Lesion; Edema; Pleural Effusion,35.0,35.0,0.0,Moderate,0.2222,0.7273,0.5,0.4,0.8,0.5,0.5,0.5,0.2222,0,33.91,Moderate,35.0,v2+GCRF
3343,3343_IM-1603-1001.dcm.png,True,2,0.6,0.75,0.9,0.9091,0.75,0.75,0.8182,0.9091,0.6667,0.75,0.4,0.25,0.5,0.25,0.5,0.75,0.5,0.25,1,1,0,0,0,0,0.2222,0.2222,0,0,20,26,0.3333,0.5714,0.0,0.0,0,3,,Lung Opacity; Support Devices; No Finding,31.5,17.5,-14.0,Low,0.2222,0.9091,0.75,0.75,0.9091,0.25,0.25,0.75,0.2222,0,17.31,Low,17.5,v2+GCRF
3348,3348_IM-1605-1001.dcm.png,False,1,0.75,0.75,0.9091,0.9091,0.75,0.75,0.9091,0.9091,0.75,0.75,0.25,0.25,0.3333,0.3333,0.6667,0.6667,0.3333,0.3333,1,1,0,0,0,0,0.2222,0.2222,0,0,16,16,0.5,0.5,50.0,50.0,1,1,Pneumothorax,Pleural Effusion,27.92,27.92,0.0,Low,0.2222,0.9091,0.75,0.75,0.9091,0.25,0.3333,0.6667,0.2222,0,27.15,Low,27.92,v2+GCRF
3360,3360_IM-1613-1001.dcm.png,False,1,0.6,0.6,0.8,0.8,0.6,0.6,0.8,0.8,0.6,0.6,0.4,0.4,0.3333,0.3333,0.6667,0.6667,0.3333,0.3333,1,1,0,0,0,0,0.2222,0.2222,0,0,32,32,0.5,0.5,0.0,0.0,0,4,,Atelectasis; Pleural Effusion; Support Devices; No Finding,25.67,25.67,0.0,Low,0.2222,0.8,0.6,0.6,0.8,0.4,0.3333,0.6667,0.2222,0,25.75,Low,25.67,v2+GCRF
3361,3361_IM-1614-1001.dcm.png,True,2,0.6,0.6667,0.9,0.8333,0.75,0.5,0.8182,0.9091,0.6667,0.5714,0.4,0.3333,0.5,0.25,0.5,0.75,0.5,0.25,1,1,0,0,0,0,0.2222,0.2222,0,0,20,26,0.5714,0.3333,0.0,0.0,0,4,,Consolidation; Pleural Effusion; Support Devices; No Finding,31.5,20.42,-11.08,Low,0.2222,0.8333,0.6667,0.5,0.9091,0.3333,0.25,0.75,0.2222,0,20.45,Low,20.42,v2+GCRF
3370,3370_IM-1622-2001.dcm.png,False,1,0.8,0.8,0.9,0.9,0.8,0.8,0.9,0.9,0.8,0.8,0.2,0.2,0.2,0.2,0.8,0.8,0.2,0.2,1,1,0,0,0,0,0.2222,0.2222,0,0,26,26,0.6667,0.6667,0.0,0.0,0,2,,Pleural Effusion; No Finding,14.0,14.0,0.0,Hallucination-Free,0.2222,0.9,0.8,0.8,0.9,0.2,0.2,0.8,0.2222,0,14.92,Hallucination-Free,14.0,v2+GCRF
3382,3382_IM-1629-0001-0001.dcm.png,False,1,0.6667,0.6667,1.0,1.0,1.0,1.0,0.8182,0.8182,0.8,0.8,0.3333,0.3333,0.4,0.4,0.6,0.6,0.4,0.4,1,1,0,0,0,0,0.3333,0.3333,1,1,30,30,0.0,0.0,50.0,50.0,1,3,Pneumothorax,Consolidation; Pleural Effusion; Support Devices,33.17,33.17,0.0,Moderate,0.3333,1.0,0.6667,1.0,0.8182,0.3333,0.4,0.6,0.3333,1,31.49,Moderate,33.17,v2+GCRF
3387,3387_IM-1633-1001.dcm.png,False,1,0.5,0.5,0.7273,0.7273,0.4,0.4,0.8,0.8,0.4444,0.4444,0.5,0.5,0.5,0.5,0.5,0.5,0.5,0.5,1,1,0,0,0,0,0.2222,0.2222,0,0,18,18,0.0,0.0,100.0,100.0,1,4,Pneumothorax,Lung Opacity; Pleural Effusion; Support Devices; No Finding,50.0,50.0,0.0,High,0.2222,0.7273,0.5,0.4,0.8,0.5,0.5,0.5,0.2222,0,48.91,Moderate,50.0,v2+GCRF
3390,3390_IM-1636-1001.dcm.png,False,1,0.8,0.8,1.0,1.0,1.0,1.0,0.9091,0.9091,0.8889,0.8889,0.2,0.2,0.1667,0.1667,0.8333,0.8333,0.1667,0.1667,1,1,0,0,1,1,0.4444,0.4444,1,1,35,35,0.5,0.5,0.0,0.0,0,2,,Consolidation; Support Devices,17.83,17.83,0.0,Low,0.4444,1.0,0.8,1.0,0.9091,0.2,0.1667,0.8333,0.4444,1,14.64,Hallucination-Free,17.83,v2+GCRF
3390,3390_IM-1636-1001.dcm.png,False,1,0.8,0.8,1.0,1.0,1.0,1.0,0.9091,0.9091,0.8889,0.8889,0.2,0.2,0.1667,0.1667,0.8333,0.8333,0.1667,0.1667,1,1,0,0,1,1,0.4444,0.4444,1,1,35,35,0.5,0.5,0.0,0.0,0,2,,Consolidation; Support Devices,17.83,17.83,0.0,Low,0.4444,1.0,0.8,1.0,0.9091,0.2,0.1667,0.8333,0.4444,1,14.64,Hallucination-Free,17.83,v2+GCRF
3390,3390_IM-1636-1001.dcm.png,False,1,0.8,0.8,1.0,1.0,1.0,1.0,0.9091,0.9091,0.8889,0.8889,0.2,0.2,0.1667,0.1667,0.8333,0.8333,0.1667,0.1667,1,1,0,0,1,1,0.4444,0.4444,1,1,35,35,0.5,0.5,0.0,0.0,0,2,,Consolidation; Support Devices,17.83,17.83,0.0,Low,0.4444,1.0,0.8,1.0,0.9091,0.2,0.1667,0.8333,0.4444,1,14.64,Hallucination-Free,17.83,v2+GCRF
3390,3390_IM-1636-1001.dcm.png,False,1,0.8,0.8,1.0,1.0,1.0,1.0,0.9091,0.9091,0.8889,0.8889,0.2,0.2,0.1667,0.1667,0.8333,0.8333,0.1667,0.1667,1,1,0,0,1,1,0.4444,0.4444,1,1,35,35,0.5,0.5,0.0,0.0,0,2,,Consolidation; Support Devices,17.83,17.83,0.0,Low,0.4444,1.0,0.8,1.0,0.9091,0.2,0.1667,0.8333,0.4444,1,14.64,Hallucination-Free,17.83,v2+GCRF
3390,3390_IM-1636-1001.dcm.png,False,1,0.8,0.8,1.0,1.0,1.0,1.0,0.9091,0.9091,0.8889,0.8889,0.2,0.2,0.1667,0.1667,0.8333,0.8333,0.1667,0.1667,1,1,0,0,1,1,0.4444,0.4444,1,1,35,35,0.5,0.5,0.0,0.0,0,2,,Consolidation; Support Devices,17.83,17.83,0.0,Low,0.4444,1.0,0.8,1.0,0.9091,0.2,0.1667,0.8333,0.4444,1,14.64,Hallucination-Free,17.83,v2+GCRF
3390,3390_IM-1636-1001.dcm.png,False,1,0.8,0.8,1.0,1.0,1.0,1.0,0.9091,0.9091,0.8889,0.8889,0.2,0.2,0.1667,0.1667,0.8333,0.8333,0.1667,0.1667,1,1,0,0,1,1,0.4444,0.4444,1,1,35,35,0.5,0.5,0.0,0.0,0,2,,Consolidation; Support Devices,17.83,17.83,0.0,Low,0.4444,1.0,0.8,1.0,0.9091,0.2,0.1667,0.8333,0.4444,1,14.64,Hallucination-Free,17.83,v2+GCRF
3390,3390_IM-1636-1001.dcm.png,False,1,0.8,0.8,1.0,1.0,1.0,1.0,0.9091,0.9091,0.8889,0.8889,0.2,0.2,0.1667,0.1667,0.8333,0.8333,0.1667,0.1667,1,1,0,0,1,1,0.4444,0.4444,1,1,35,35,0.5,0.5,0.0,0.0,0,2,,Consolidation; Support Devices,17.83,17.83,0.0,Low,0.4444,1.0,0.8,1.0,0.9091,0.2,0.1667,0.8333,0.4444,1,14.64,Hallucination-Free,17.83,v2+GCRF
3390,3390_IM-1636-1001.dcm.png,False,1,0.8,0.8,1.0,1.0,1.0,1.0,0.9091,0.9091,0.8889,0.8889,0.2,0.2,0.1667,0.1667,0.8333,0.8333,0.1667,0.1667,1,1,0,0,1,1,0.4444,0.4444,1,1,35,35,0.5,0.5,0.0,0.0,0,2,,Consolidation; Support Devices,17.83,17.83,0.0,Low,0.4444,1.0,0.8,1.0,0.9091,0.2,0.1667,0.8333,0.4444,1,14.64,Hallucination-Free,17.83,v2+GCRF
3390,3390_IM-1636-1001.dcm.png,False,1,0.8,0.8,1.0,1.0,1.0,1.0,0.9091,0.9091,0.8889,0.8889,0.2,0.2,0.1667,0.1667,0.8333,0.8333,0.1667,0.1667,1,1,0,0,1,1,0.4444,0.4444,1,1,35,35,0.5,0.5,0.0,0.0,0,2,,Consolidation; Support Devices,17.83,17.83,0.0,Low,0.4444,1.0,0.8,1.0,0.9091,0.2,0.1667,0.8333,0.4444,1,14.64,Hallucination-Free,17.83,v2+GCRF
3390,3390_IM-1636-1001.dcm.png,False,1,0.8,0.8,1.0,1.0,1.0,1.0,0.9091,0.9091,0.8889,0.8889,0.2,0.2,0.1667,0.1667,0.8333,0.8333,0.1667,0.1667,1,1,0,0,1,1,0.4444,0.4444,1,1,35,35,0.5,0.5,0.0,0.0,0,2,,Consolidation; Support Devices,17.83,17.83,0.0,Low,0.4444,1.0,0.8,1.0,0.9091,0.2,0.1667,0.8333,0.4444,1,14.64,Hallucination-Free,17.83,v2+GCRF
3390,3390_IM-1636-1001.dcm.png,False,1,0.8,0.8,1.0,1.0,1.0,1.0,0.9091,0.9091,0.8889,0.8889,0.2,0.2,0.1667,0.1667,0.8333,0.8333,0.1667,0.1667,1,1,0,0,1,1,0.4444,0.4444,1,1,35,35,0.5,0.5,0.0,0.0,0,2,,Consolidation; Support Devices,17.83,17.83,0.0,Low,0.4444,1.0,0.8,1.0,0.9091,0.2,0.1667,0.8333,0.4444,1,14.64,Hallucination-Free,17.83,v2+GCRF
3390,3390_IM-1636-1001.dcm.png,False,1,0.8,0.8,1.0,1.0,1.0,1.0,0.9091,0.9091,0.8889,0.8889,0.2,0.2,0.1667,0.1667,0.8333,0.8333,0.1667,0.1667,1,1,0,0,1,1,0.4444,0.4444,1,1,35,35,0.5,0.5,0.0,0.0,0,2,,Consolidation; Support Devices,17.83,17.83,0.0,Low,0.4444,1.0,0.8,1.0,0.9091,0.2,0.1667,0.8333,0.4444,1,14.64,Hallucination-Free,17.83,v2+GCRF
3390,3390_IM-1636-1001.dcm.png,False,1,0.8,0.8,1.0,1.0,1.0,1.0,0.9091,0.9091,0.8889,0.8889,0.2,0.2,0.1667,0.1667,0.8333,0.8333,0.1667,0.1667,1,1,0,0,1,1,0.4444,0.4444,1,1,35,35,0.5,0.5,0.0,0.0,0,2,,Consolidation; Support Devices,17.83,17.83,0.0,Low,0.4444,1.0,0.8,1.0,0.9091,0.2,0.1667,0.8333,0.4444,1,14.64,Hallucination-Free,17.83,v2+GCRF
3390,3390_IM-1636-1001.dcm.png,False,1,0.8,0.8,1.0,1.0,1.0,1.0,0.9091,0.9091,0.8889,0.8889,0.2,0.2,0.1667,0.1667,0.8333,0.8333,0.1667,0.1667,1,1,0,0,1,1,0.4444,0.4444,1,1,35,35,0.5,0.5,0.0,0.0,0,2,,Consolidation; Support Devices,17.83,17.83,0.0,Low,0.4444,1.0,0.8,1.0,0.9091,0.2,0.1667,0.8333,0.4444,1,14.64,Hallucination-Free,17.83,v2+GCRF
3390,3390_IM-1636-1001.dcm.png,False,1,0.8,0.8,1.0,1.0,1.0,1.0,0.9091,0.9091,0.8889,0.8889,0.2,0.2,0.1667,0.1667,0.8333,0.8333,0.1667,0.1667,1,1,0,0,1,1,0.4444,0.4444,1,1,35,35,0.5,0.5,0.0,0.0,0,2,,Consolidation; Support Devices,17.83,17.83,0.0,Low,0.4444,1.0,0.8,1.0,0.9091,0.2,0.1667,0.8333,0.4444,1,14.64,Hallucination-Free,17.83,v2+GCRF
3390,3390_IM-1636-1001.dcm.png,False,1,0.8,0.8,1.0,1.0,1.0,1.0,0.9091,0.9091,0.8889,0.8889,0.2,0.2,0.1667,0.1667,0.8333,0.8333,0.1667,0.1667,1,1,0,0,1,1,0.4444,0.4444,1,1,35,35,0.5,0.5,0.0,0.0,0,2,,Consolidation; Support Devices,17.83,17.83,0.0,Low,0.4444,1.0,0.8,1.0,0.9091,0.2,0.1667,0.8333,0.4444,1,14.64,Hallucination-Free,17.83,v2+GCRF
3390,3390_IM-1636-3001.dcm.png,False,1,0.8,0.8,1.0,1.0,1.0,1.0,0.9091,0.9091,0.8889,0.8889,0.2,0.2,0.1667,0.1667,0.8333,0.8333,0.1667,0.1667,1,1,0,0,1,1,0.4444,0.4444,1,1,35,35,0.5,0.5,0.0,0.0,0,2,,Consolidation; Support Devices,17.83,17.83,0.0,Low,0.4444,1.0,0.8,1.0,0.9091,0.2,0.1667,0.8333,0.4444,1,14.64,Hallucination-Free,17.83,v2+GCRF
3390,3390_IM-1636-3001.dcm.png,False,1,0.8,0.8,1.0,1.0,1.0,1.0,0.9091,0.9091,0.8889,0.8889,0.2,0.2,0.1667,0.1667,0.8333,0.8333,0.1667,0.1667,1,1,0,0,1,1,0.4444,0.4444,1,1,35,35,0.5,0.5,0.0,0.0,0,2,,Consolidation; Support Devices,17.83,17.83,0.0,Low,0.4444,1.0,0.8,1.0,0.9091,0.2,0.1667,0.8333,0.4444,1,14.64,Hallucination-Free,17.83,v2+GCRF
3390,3390_IM-1636-3001.dcm.png,False,1,0.8,0.8,1.0,1.0,1.0,1.0,0.9091,0.9091,0.8889,0.8889,0.2,0.2,0.1667,0.1667,0.8333,0.8333,0.1667,0.1667,1,1,0,0,1,1,0.4444,0.4444,1,1,35,35,0.5,0.5,0.0,0.0,0,2,,Consolidation; Support Devices,17.83,17.83,0.0,Low,0.4444,1.0,0.8,1.0,0.9091,0.2,0.1667,0.8333,0.4444,1,14.64,Hallucination-Free,17.83,v2+GCRF
3390,3390_IM-1636-3001.dcm.png,False,1,0.8,0.8,1.0,1.0,1.0,1.0,0.9091,0.9091,0.8889,0.8889,0.2,0.2,0.1667,0.1667,0.8333,0.8333,0.1667,0.1667,1,1,0,0,1,1,0.4444,0.4444,1,1,35,35,0.5,0.5,0.0,0.0,0,2,,Consolidation; Support Devices,17.83,17.83,0.0,Low,0.4444,1.0,0.8,1.0,0.9091,0.2,0.1667,0.8333,0.4444,1,14.64,Hallucination-Free,17.83,v2+GCRF
3390,3390_IM-1636-3001.dcm.png,False,1,0.8,0.8,1.0,1.0,1.0,1.0,0.9091,0.9091,0.8889,0.8889,0.2,0.2,0.1667,0.1667,0.8333,0.8333,0.1667,0.1667,1,1,0,0,1,1,0.4444,0.4444,1,1,35,35,0.5,0.5,0.0,0.0,0,2,,Consolidation; Support Devices,17.83,17.83,0.0,Low,0.4444,1.0,0.8,1.0,0.9091,0.2,0.1667,0.8333,0.4444,1,14.64,Hallucination-Free,17.83,v2+GCRF
3390,3390_IM-1636-3001.dcm.png,False,1,0.8,0.8,1.0,1.0,1.0,1.0,0.9091,0.9091,0.8889,0.8889,0.2,0.2,0.1667,0.1667,0.8333,0.8333,0.1667,0.1667,1,1,0,0,1,1,0.4444,0.4444,1,1,35,35,0.5,0.5,0.0,0.0,0,2,,Consolidation; Support Devices,17.83,17.83,0.0,Low,0.4444,1.0,0.8,1.0,0.9091,0.2,0.1667,0.8333,0.4444,1,14.64,Hallucination-Free,17.83,v2+GCRF
3390,3390_IM-1636-3001.dcm.png,False,1,0.8,0.8,1.0,1.0,1.0,1.0,0.9091,0.9091,0.8889,0.8889,0.2,0.2,0.1667,0.1667,0.8333,0.8333,0.1667,0.1667,1,1,0,0,1,1,0.4444,0.4444,1,1,35,35,0.5,0.5,0.0,0.0,0,2,,Consolidation; Support Devices,17.83,17.83,0.0,Low,0.4444,1.0,0.8,1.0,0.9091,0.2,0.1667,0.8333,0.4444,1,14.64,Hallucination-Free,17.83,v2+GCRF
3390,3390_IM-1636-3001.dcm.png,False,1,0.8,0.8,1.0,1.0,1.0,1.0,0.9091,0.9091,0.8889,0.8889,0.2,0.2,0.1667,0.1667,0.8333,0.8333,0.1667,0.1667,1,1,0,0,1,1,0.4444,0.4444,1,1,35,35,0.5,0.5,0.0,0.0,0,2,,Consolidation; Support Devices,17.83,17.83,0.0,Low,0.4444,1.0,0.8,1.0,0.9091,0.2,0.1667,0.8333,0.4444,1,14.64,Hallucination-Free,17.83,v2+GCRF
3390,3390_IM-1636-3001.dcm.png,False,1,0.8,0.8,1.0,1.0,1.0,1.0,0.9091,0.9091,0.8889,0.8889,0.2,0.2,0.1667,0.1667,0.8333,0.8333,0.1667,0.1667,1,1,0,0,1,1,0.4444,0.4444,1,1,35,35,0.5,0.5,0.0,0.0,0,2,,Consolidation; Support Devices,17.83,17.83,0.0,Low,0.4444,1.0,0.8,1.0,0.9091,0.2,0.1667,0.8333,0.4444,1,14.64,Hallucination-Free,17.83,v2+GCRF
3390,3390_IM-1636-3001.dcm.png,False,1,0.8,0.8,1.0,1.0,1.0,1.0,0.9091,0.9091,0.8889,0.8889,0.2,0.2,0.1667,0.1667,0.8333,0.8333,0.1667,0.1667,1,1,0,0,1,1,0.4444,0.4444,1,1,35,35,0.5,0.5,0.0,0.0,0,2,,Consolidation; Support Devices,17.83,17.83,0.0,Low,0.4444,1.0,0.8,1.0,0.9091,0.2,0.1667,0.8333,0.4444,1,14.64,Hallucination-Free,17.83,v2+GCRF
3390,3390_IM-1636-3001.dcm.png,False,1,0.8,0.8,1.0,1.0,1.0,1.0,0.9091,0.9091,0.8889,0.8889,0.2,0.2,0.1667,0.1667,0.8333,0.8333,0.1667,0.1667,1,1,0,0,1,1,0.4444,0.4444,1,1,35,35,0.5,0.5,0.0,0.0,0,2,,Consolidation; Support Devices,17.83,17.83,0.0,Low,0.4444,1.0,0.8,1.0,0.9091,0.2,0.1667,0.8333,0.4444,1,14.64,Hallucination-Free,17.83,v2+GCRF
3390,3390_IM-1636-3001.dcm.png,False,1,0.8,0.8,1.0,1.0,1.0,1.0,0.9091,0.9091,0.8889,0.8889,0.2,0.2,0.1667,0.1667,0.8333,0.8333,0.1667,0.1667,1,1,0,0,1,1,0.4444,0.4444,1,1,35,35,0.5,0.5,0.0,0.0,0,2,,Consolidation; Support Devices,17.83,17.83,0.0,Low,0.4444,1.0,0.8,1.0,0.9091,0.2,0.1667,0.8333,0.4444,1,14.64,Hallucination-Free,17.83,v2+GCRF
3390,3390_IM-1636-3001.dcm.png,False,1,0.8,0.8,1.0,1.0,1.0,1.0,0.9091,0.9091,0.8889,0.8889,0.2,0.2,0.1667,0.1667,0.8333,0.8333,0.1667,0.1667,1,1,0,0,1,1,0.4444,0.4444,1,1,35,35,0.5,0.5,0.0,0.0,0,2,,Consolidation; Support Devices,17.83,17.83,0.0,Low,0.4444,1.0,0.8,1.0,0.9091,0.2,0.1667,0.8333,0.4444,1,14.64,Hallucination-Free,17.83,v2+GCRF
3390,3390_IM-1636-3001.dcm.png,False,1,0.8,0.8,1.0,1.0,1.0,1.0,0.9091,0.9091,0.8889,0.8889,0.2,0.2,0.1667,0.1667,0.8333,0.8333,0.1667,0.1667,1,1,0,0,1,1,0.4444,0.4444,1,1,35,35,0.5,0.5,0.0,0.0,0,2,,Consolidation; Support Devices,17.83,17.83,0.0,Low,0.4444,1.0,0.8,1.0,0.9091,0.2,0.1667,0.8333,0.4444,1,14.64,Hallucination-Free,17.83,v2+GCRF
3390,3390_IM-1636-3001.dcm.png,False,1,0.8,0.8,1.0,1.0,1.0,1.0,0.9091,0.9091,0.8889,0.8889,0.2,0.2,0.1667,0.1667,0.8333,0.8333,0.1667,0.1667,1,1,0,0,1,1,0.4444,0.4444,1,1,35,35,0.5,0.5,0.0,0.0,0,2,,Consolidation; Support Devices,17.83,17.83,0.0,Low,0.4444,1.0,0.8,1.0,0.9091,0.2,0.1667,0.8333,0.4444,1,14.64,Hallucination-Free,17.83,v2+GCRF
3390,3390_IM-1636-3001.dcm.png,False,1,0.8,0.8,1.0,1.0,1.0,1.0,0.9091,0.9091,0.8889,0.8889,0.2,0.2,0.1667,0.1667,0.8333,0.8333,0.1667,0.1667,1,1,0,0,1,1,0.4444,0.4444,1,1,35,35,0.5,0.5,0.0,0.0,0,2,,Consolidation; Support Devices,17.83,17.83,0.0,Low,0.4444,1.0,0.8,1.0,0.9091,0.2,0.1667,0.8333,0.4444,1,14.64,Hallucination-Free,17.83,v2+GCRF
3394,3394_IM-1638-1001.dcm.png,False,1,0.0,0.0,1.0,1.0,0.0,0.0,0.6,0.6,0.0,0.0,1.0,1.0,0.8,0.8,0.2,0.2,0.8,0.8,1,1,0,0,0,0,0.2222,0.2222,0,0,28,28,0.0,0.0,0.0,0.0,0,0,,,63.0,63.0,0.0,High,0.2222,1.0,0.0,0.0,0.6,1.0,0.8,0.2,0.2222,0,51.82,High,63.0,v2+GCRF
3400,3400_IM-1644-1001.dcm.png,True,2,0.6,0.6667,0.9,0.8333,0.75,0.5,0.8182,0.9091,0.6667,0.5714,0.4,0.3333,0.5,0.25,0.5,0.75,0.5,0.25,1,1,0,0,0,0,0.2222,0.2222,0,0,20,26,0.4,0.5,50.0,0.0,0,2,,Pleural Effusion; No Finding,39.0,20.42,-18.58,Low,0.2222,0.8333,0.6667,0.5,0.9091,0.3333,0.25,0.75,0.2222,0,20.45,Low,20.42,v2+GCRF
3402,3402_IM-1646-1001.dcm.png,False,1,0.6,0.6,0.9,0.9,0.75,0.75,0.8182,0.8182,0.6667,0.6667,0.4,0.4,0.4,0.4,0.6,0.6,0.4,0.4,1,1,0,0,0,0,0.2222,0.2222,0,0,26,26,0.6667,0.6667,0.0,0.0,0,2,,Pleural Effusion; No Finding,28.0,28.0,0.0,Low,0.2222,0.9,0.6,0.75,0.8182,0.4,0.4,0.6,0.2222,0,25.98,Low,28.0,v2+GCRF
3405,3405_IM-1647-1001.dcm.png,False,1,1.0,1.0,0.8182,0.8182,0.6667,0.6667,1.0,1.0,0.8,0.8,0.0,0.0,0.0,0.0,1.0,1.0,0.0,0.0,0,0,0,0,0,0,0.2222,0.2222,0,0,18,18,0.5,0.5,0.0,0.0,0,2,,Lung Opacity; No Finding,0.0,0.0,0.0,Hallucination-Free,0.2222,0.8182,1.0,0.6667,1.0,0.0,0.0,1.0,0.2222,0,4.95,Hallucination-Free,0.0,v2+GCRF
3431,3431_IM-1660-1001.dcm.png,False,1,0.5,0.5,0.9091,0.9091,0.6667,0.6667,0.8333,0.8333,0.5714,0.5714,0.5,0.5,0.5,0.5,0.5,0.5,0.5,0.5,1,1,0,0,0,0,0.2222,0.2222,0,0,18,18,0.0,0.0,100.0,100.0,1,2,Pneumothorax,Lung Opacity; Pleural Effusion,50.0,50.0,0.0,High,0.2222,0.9091,0.5,0.6667,0.8333,0.5,0.5,0.5,0.2222,0,45.92,Moderate,50.0,v2+GCRF
3436,3436_IM-1663-1001.dcm.png,False,1,0.6,0.6,0.9,0.9,0.75,0.75,0.8182,0.8182,0.6667,0.6667,0.4,0.4,0.3333,0.3333,0.6667,0.6667,0.3333,0.3333,1,1,0,0,0,0,0.2222,0.2222,0,0,33,33,0.0,0.0,50.0,50.0,1,3,Pneumothorax,Lung Opacity; Pleural Effusion; No Finding,33.17,33.17,0.0,Moderate,0.2222,0.9,0.6,0.75,0.8182,0.4,0.3333,0.6667,0.2222,0,31.61,Moderate,33.17,v2+GCRF
3439,3439_IM-1664-1001.dcm.png,False,1,0.75,0.75,1.0,1.0,1.0,1.0,0.9167,0.9167,0.8571,0.8571,0.25,0.25,0.25,0.25,0.75,0.75,0.25,0.25,1,1,0,0,0,0,0.2222,0.2222,0,0,18,18,0.0,0.0,100.0,100.0,1,1,Pneumothorax,Pleural Effusion,32.5,32.5,0.0,Moderate,0.2222,1.0,0.75,1.0,0.9167,0.25,0.25,0.75,0.2222,0,30.89,Moderate,32.5,v2+GCRF
3450,3450_IM-1673-1001.dcm.png,True,2,0.0,0.0,0.9,0.9167,0.0,0.0,0.6429,0.7857,0.0,0.0,1.0,1.0,0.75,0.25,0.25,0.75,0.75,0.25,1,1,0,0,0,0,0.2222,0.2222,0,0,20,26,0.0,0.0,0.0,0.0,0,1,,No Finding,61.25,43.75,-17.5,Moderate,0.2222,0.9167,0.0,0.0,0.7857,1.0,0.25,0.75,0.2222,0,36.19,Moderate,43.75,v2+GCRF
3459,3459_IM-1679-1001.dcm.png,True,2,0.4286,0.75,0.875,0.9091,0.75,0.75,0.6364,0.9091,0.5455,0.75,0.5714,0.25,0.5714,0.2,0.4286,0.8,0.5714,0.2,1,1,0,0,0,0,0.2222,0.2222,0,0,45,33,0.0,0.3333,25.0,50.0,1,3,Pneumothorax,Lung Opacity; Lung Lesion; Support Devices,43.75,23.25,-20.5,Low,0.2222,0.9091,0.75,0.75,0.9091,0.25,0.2,0.8,0.2222,0,23.41,Low,23.25,v2+GCRF
3466,3466_IM-1683-1001.dcm.png,False,1,0.5,0.5,0.9091,0.9091,0.6667,0.6667,0.8333,0.8333,0.5714,0.5714,0.5,0.5,0.5,0.5,0.5,0.5,0.5,0.5,1,1,0,0,0,0,0.2222,0.2222,0,0,18,18,0.5,0.5,0.0,0.0,0,2,,Pleural Effusion; Support Devices,35.0,35.0,0.0,Moderate,0.2222,0.9091,0.5,0.6667,0.8333,0.5,0.5,0.5,0.2222,0,30.92,Moderate,35.0,v2+GCRF
3472,3472_IM-1688-1001.dcm.png,False,1,0.0,0.0,0.9,0.9,0.0,0.0,0.6429,0.6429,0.0,0.0,1.0,1.0,0.6,0.6,0.4,0.4,0.6,0.6,1,1,0,0,0,0,0.2222,0.2222,0,0,26,26,0.0,0.0,0.0,0.0,0,2,,Support Devices; No Finding,56.0,56.0,0.0,High,0.2222,0.9,0.0,0.0,0.6429,1.0,0.6,0.4,0.2222,0,47.38,Moderate,56.0,v2+GCRF
3475,3475_IM-1688-1001.dcm.png,False,1,0.4,0.4,0.9,0.9,0.6667,0.6667,0.75,0.75,0.5,0.5,0.6,0.6,0.6,0.6,0.4,0.4,0.6,0.6,1,1,0,0,0,0,0.2222,0.2222,0,0,26,26,0.0,0.0,50.0,50.0,1,3,Pneumothorax,Pleural Effusion; Support Devices; No Finding,49.5,49.5,0.0,Moderate,0.2222,0.9,0.4,0.6667,0.75,0.6,0.6,0.4,0.2222,0,44.42,Moderate,49.5,v2+GCRF
3478,3478_IM-1690-1001.dcm.png,False,1,0.5,0.5,1.0,1.0,1.0,1.0,0.8462,0.8462,0.6667,0.6667,0.5,0.5,0.5,0.5,0.5,0.5,0.5,0.5,1,1,0,0,0,0,0.2222,0.2222,0,0,18,18,1.0,1.0,0.0,0.0,0,0,,,35.0,35.0,0.0,Moderate,0.2222,1.0,0.5,1.0,0.8462,0.5,0.5,0.5,0.2222,0,29.45,Low,35.0,v2+GCRF
3479,3479_IM-1690-1001.dcm.png,False,1,0.1667,0.1667,1.0,1.0,1.0,1.0,0.6429,0.6429,0.2857,0.2857,0.8333,0.8333,0.6,0.6,0.4,0.4,0.6,0.6,1,1,0,0,0,0,0.3333,0.3333,1,1,37,37,0.6667,0.6667,0.0,0.0,0,1,,Consolidation,50.17,50.17,0.0,High,0.3333,1.0,0.1667,1.0,0.6429,0.8333,0.6,0.4,0.3333,1,42.99,Moderate,50.17,v2+GCRF
3481,3481_IM-1692-1001.dcm.png,False,1,0.6,0.6,0.9,0.9,0.75,0.75,0.8182,0.8182,0.6667,0.6667,0.4,0.4,0.4,0.4,0.6,0.6,0.4,0.4,1,1,0,0,0,0,0.2222,0.2222,0,0,26,26,0.5714,0.5714,0.0,0.0,0,3,,Pleural Effusion; Support Devices; No Finding,28.0,28.0,0.0,Low,0.2222,0.9,0.6,0.75,0.8182,0.4,0.4,0.6,0.2222,0,25.98,Low,28.0,v2+GCRF
3498,3498_IM-1702-1001.dcm.png,False,1,0.4,0.4,0.9,0.9,0.6667,0.6667,0.75,0.75,0.5,0.5,0.6,0.6,0.6,0.6,0.4,0.4,0.6,0.6,1,1,0,0,0,0,0.2222,0.2222,0,0,26,26,0.5,0.5,0.0,0.0,0,2,,Pleural Effusion; Fracture,42.0,42.0,0.0,Moderate,0.2222,0.9,0.4,0.6667,0.75,0.6,0.6,0.4,0.2222,0,36.92,Moderate,42.0,v2+GCRF
3501,3501_IM-1706-1001.dcm.png,True,2,0.6,0.6667,0.9,0.8333,0.75,0.5,0.8182,0.9091,0.6667,0.5714,0.4,0.3333,0.5,0.25,0.5,0.75,0.5,0.25,1,1,0,0,0,0,0.2222,0.2222,0,0,20,26,0.4,0.5,50.0,0.0,0,2,,Pleural Effusion; No Finding,39.0,20.42,-18.58,Low,0.2222,0.8333,0.6667,0.5,0.9091,0.3333,0.25,0.75,0.2222,0,20.45,Low,20.42,v2+GCRF
3506,3506_IM-1708-1001.dcm.png,True,2,0.0,0.0,1.0,1.0,0.0,0.0,0.6667,0.8,0.0,0.0,1.0,1.0,0.75,0.25,0.25,0.75,0.75,0.25,1,1,0,0,0,0,0.2222,0.2222,0,0,20,26,0.0,0.0,0.0,0.0,0,0,,,61.25,43.75,-17.5,Moderate,0.2222,1.0,0.0,0.0,0.8,1.0,0.25,0.75,0.2222,0,34.82,Moderate,43.75,v2+GCRF
3516,3516_IM-1715-1001.dcm.png,False,1,0.8,0.8,1.0,1.0,1.0,1.0,0.9091,0.9091,0.8889,0.8889,0.2,0.2,0.2,0.2,0.8,0.8,0.2,0.2,1,1,0,0,0,0,0.2222,0.2222,0,0,26,26,0.5,0.5,50.0,50.0,1,1,Pneumothorax,Pleural Effusion,21.5,21.5,0.0,Low,0.2222,1.0,0.8,1.0,0.9091,0.2,0.2,0.8,0.2222,0,20.85,Low,21.5,v2+GCRF
3518,3518_IM-1717-1001.dcm.png,False,1,0.5,0.5,0.7273,0.7273,0.4,0.4,0.8,0.8,0.4444,0.4444,0.5,0.5,0.5,0.5,0.5,0.5,0.5,0.5,1,1,0,0,0,0,0.2222,0.2222,0,0,18,18,0.4,0.4,0.0,0.0,0,3,,Pleural Effusion; Support Devices; No Finding,35.0,35.0,0.0,Moderate,0.2222,0.7273,0.5,0.4,0.8,0.5,0.5,0.5,0.2222,0,33.91,Moderate,35.0,v2+GCRF
3519,3519_IM-1717-1001.dcm.png,False,1,0.0,0.0,0.7692,0.7692,0.0,0.0,0.8333,0.8333,0.0,0.0,1.0,1.0,0.5,0.5,0.5,0.5,0.5,0.5,1,1,1,1,0,0,0.0,0.0,0,0,21,21,0.0,0.0,0.0,0.0,0,3,,Lung Opacity; Support Devices; No Finding,52.5,52.5,0.0,Severe,0.0,0.7692,0.0,0.0,0.8333,1.0,0.5,0.5,0.0,0,42.8,Moderate,52.5,v2+GCRF
3523,3523_IM-1721-1001.dcm.png,False,1,0.0,0.0,1.0,1.0,0.0,0.0,0.6,0.6,0.0,0.0,1.0,1.0,0.5714,0.5714,0.4286,0.4286,0.5714,0.5714,1,1,0,0,0,0,0.2222,0.2222,0,0,46,46,0.0,0.0,0.0,0.0,0,1,,Support Devices,55.0,55.0,0.0,High,0.2222,1.0,0.0,0.0,0.6,1.0,0.5714,0.4286,0.2222,0,45.42,Moderate,55.0,v2+GCRF
3534,3534_IM-1727-1001.dcm.png,False,1,0.5,0.5,0.8182,0.8182,0.5,0.5,0.8182,0.8182,0.5,0.5,0.5,0.5,0.25,0.25,0.75,0.75,0.25,0.25,1,1,0,0,0,0,0.2222,0.2222,0,0,18,18,0.4,0.4,0.0,0.0,0,3,,Pleural Effusion; Support Devices; No Finding,26.25,26.25,0.0,Low,0.2222,0.8182,0.5,0.5,0.8182,0.5,0.25,0.75,0.2222,0,25.4,Low,26.25,v2+GCRF
3535,3535_IM-1728-0001-0002.dcm.png,True,2,0.0,0.0,1.0,1.0,0.0,0.0,0.6667,0.8,0.0,0.0,1.0,1.0,0.75,0.25,0.25,0.75,0.75,0.25,1,1,0,0,0,0,0.2222,0.2222,0,0,20,26,0.0,0.0,0.0,0.0,0,0,,,61.25,43.75,-17.5,Moderate,0.2222,1.0,0.0,0.0,0.8,1.0,0.25,0.75,0.2222,0,34.82,Moderate,43.75,v2+GCRF
3540,3540_IM-1732-1001.dcm.png,True,2,0.6,0.6,0.8,0.8,0.6,0.6,0.8,0.8,0.6,0.6,0.4,0.4,0.5,0.5,0.5,0.5,0.5,0.5,1,1,0,0,0,0,0.2222,0.1111,0,0,20,30,0.6667,0.8,0.0,25.0,1,0,Pleural Effusion,,31.5,35.25,3.75,Moderate,0.1111,0.8,0.6,0.6,0.8,0.4,0.5,0.5,0.1111,0,33.06,Moderate,35.25,v2+GCRF
3544,3544_IM-1736-1001.dcm.png,False,1,0.5,0.5,0.8889,0.8889,0.75,0.75,0.7273,0.7273,0.6,0.6,0.5,0.5,0.6,0.6,0.4,0.4,0.6,0.6,1,1,0,0,0,0,0.3333,0.3333,1,1,30,30,0.3333,0.3333,50.0,50.0,1,3,Pneumothorax,Pleural Effusion; Support Devices; No Finding,46.0,46.0,0.0,Moderate,0.3333,0.8889,0.5,0.75,0.7273,0.5,0.6,0.4,0.3333,1,43.48,Moderate,46.0,v2+GCRF
3545,3545_IM-1737-2002.dcm.png,False,1,0.0,0.0,0.8889,0.8889,0.0,0.0,0.5714,0.5714,0.0,0.0,1.0,1.0,0.5714,0.5714,0.4286,0.4286,0.5714,0.5714,1,1,0,0,0,0,0.3333,0.3333,1,1,49,49,0.0,0.0,0.0,0.0,0,2,,Pneumonia; Support Devices,55.0,55.0,0.0,High,0.3333,0.8889,0.0,0.0,0.5714,1.0,0.5714,0.4286,0.3333,1,48.43,Moderate,55.0,v2+GCRF
3546,3546_IM-1738-4004.dcm.png,False,1,0.1667,0.1667,0.7778,0.7778,0.3333,0.3333,0.5833,0.5833,0.2222,0.2222,0.8333,0.8333,0.8,0.8,0.2,0.2,0.8,0.8,1,1,0,0,0,0,0.3333,0.3333,1,1,37,37,0.5,0.5,0.0,0.0,0,2,,Cardiomegaly; Lung Opacity,57.17,57.17,0.0,High,0.3333,0.7778,0.1667,0.3333,0.5833,0.8333,0.8,0.2,0.3333,1,52.4,High,57.17,v2+GCRF
3547,3547_IM-1739-1001.dcm.png,True,2,0.4,0.25,1.0,0.9091,1.0,0.5,0.7692,0.7692,0.5714,0.3333,0.6,0.75,0.6,0.75,0.4,0.25,0.6,0.75,1,1,0,0,0,0,0.2222,0.2222,0,0,28,28,1.0,0.6667,0.0,50.0,1,0,Pleural Effusion,,42.0,60.0,18.0,High,0.2222,0.9091,0.25,0.5,0.7692,0.75,0.75,0.25,0.2222,0,51.93,High,60.0,v2+GCRF
3552,3552_IM-1741-1001.dcm.png,False,1,0.25,0.25,0.7273,0.7273,0.25,0.25,0.7273,0.7273,0.25,0.25,0.75,0.75,0.5,0.5,0.5,0.5,0.5,0.5,1,1,0,0,0,0,0.2222,0.2222,0,0,18,18,0.0,0.0,0.0,0.0,0,4,,Edema; Consolidation; Pleural Effusion; No Finding,43.75,43.75,0.0,Moderate,0.2222,0.7273,0.25,0.25,0.7273,0.75,0.5,0.5,0.2222,0,40.49,Moderate,43.75,v2+GCRF
3556,3556_IM-1741-1001-0001.dcm.png,False,1,0.6,0.6,1.0,1.0,1.0,1.0,0.8333,0.8333,0.75,0.75,0.4,0.4,0.4,0.4,0.6,0.6,0.4,0.4,1,1,0,0,0,0,0.2222,0.2222,0,0,26,26,0.6667,0.6667,0.0,0.0,0,1,,Support Devices,28.0,28.0,0.0,Low,0.2222,1.0,0.6,1.0,0.8333,0.4,0.4,0.6,0.2222,0,24.36,Low,28.0,v2+GCRF
3557,3557_IM-1742-0001-0002.dcm.png,False,1,0.5,0.5,0.8889,0.8889,0.75,0.75,0.7273,0.7273,0.6,0.6,0.5,0.5,0.4286,0.4286,0.5714,0.5714,0.4286,0.4286,1,1,0,0,0,0,0.3333,0.3333,1,1,57,57,0.3333,0.3333,33.33,33.33,1,3,Pneumothorax,Lung Opacity; Pleural Effusion; No Finding,37.5,37.5,0.0,Moderate,0.3333,0.8889,0.5,0.75,0.7273,0.5,0.4286,0.5714,0.3333,1,36.18,Moderate,37.5,v2+GCRF
3562,3562_IM-1747-2001.dcm.png,False,1,0.0,0.0,0.8,0.8,0.0,0.0,0.6154,0.6154,0.0,0.0,1.0,1.0,0.5,0.5,0.5,0.5,0.5,0.5,1,1,0,0,0,0,0.2222,0.2222,0,0,33,33,0.0,0.0,0.0,0.0,0,3,,Atelectasis; Support Devices; No Finding,52.5,52.5,0.0,High,0.2222,0.8,0.0,0.0,0.6154,1.0,0.5,0.5,0.2222,0,46.3,Moderate,52.5,v2+GCRF
3570,3570_IM-1754-1001.dcm.png,False,1,1.0,1.0,0.8,0.8,0.7143,0.7143,1.0,1.0,0.8333,0.8333,0.0,0.0,0.0,0.0,1.0,1.0,0.0,0.0,0,0,0,0,0,0,0.2222,0.2222,0,0,19,19,0.6667,0.6667,0.0,0.0,0,2,,Lung Opacity; No Finding,0.0,0.0,0.0,Hallucination-Free,0.2222,0.8,1.0,0.7143,1.0,0.0,0.0,1.0,0.2222,0,5.22,Hallucination-Free,0.0,v2+GCRF
3570,3570_IM-1754-1001.dcm.png,False,1,1.0,1.0,0.8,0.8,0.7143,0.7143,1.0,1.0,0.8333,0.8333,0.0,0.0,0.0,0.0,1.0,1.0,0.0,0.0,0,0,0,0,0,0,0.2222,0.2222,0,0,19,19,0.6667,0.6667,0.0,0.0,0,2,,Lung Opacity; No Finding,0.0,0.0,0.0,Hallucination-Free,0.2222,0.8,1.0,0.7143,1.0,0.0,0.0,1.0,0.2222,0,5.22,Hallucination-Free,0.0,v2+GCRF
3570,3570_IM-1754-1001.dcm.png,False,1,1.0,1.0,0.8,0.8,0.7143,0.7143,1.0,1.0,0.8333,0.8333,0.0,0.0,0.0,0.0,1.0,1.0,0.0,0.0,0,0,0,0,0,0,0.2222,0.2222,0,0,19,19,0.6667,0.6667,0.0,0.0,0,2,,Lung Opacity; No Finding,0.0,0.0,0.0,Hallucination-Free,0.2222,0.8889,1.0,0.8571,1.0,0.0,0.0,1.0,0.3333,1,5.22,Hallucination-Free,0.0,v2+GCRF
3570,3570_IM-1754-1001.dcm.png,False,1,1.0,1.0,0.8,0.8,0.7143,0.7143,1.0,1.0,0.8333,0.8333,0.0,0.0,0.0,0.0,1.0,1.0,0.0,0.0,0,0,0,0,0,0,0.2222,0.2222,0,0,19,19,0.6667,0.6667,0.0,0.0,0,2,,Lung Opacity; No Finding,0.0,0.0,0.0,Hallucination-Free,0.2222,0.8889,1.0,0.8571,1.0,0.0,0.0,1.0,0.3333,1,5.22,Hallucination-Free,0.0,v2+GCRF
3570,3570_IM-1754-1001.dcm.png,False,1,1.0,1.0,0.8,0.8,0.7143,0.7143,1.0,1.0,0.8333,0.8333,0.0,0.0,0.0,0.0,1.0,1.0,0.0,0.0,0,0,0,0,0,0,0.2222,0.2222,0,0,19,19,0.6667,0.6667,0.0,0.0,0,2,,Lung Opacity; No Finding,0.0,0.0,0.0,Hallucination-Free,0.2222,0.8,1.0,0.7143,1.0,0.0,0.0,1.0,0.2222,0,5.22,Hallucination-Free,0.0,v2+GCRF
3570,3570_IM-1754-1001.dcm.png,False,1,1.0,1.0,0.8,0.8,0.7143,0.7143,1.0,1.0,0.8333,0.8333,0.0,0.0,0.0,0.0,1.0,1.0,0.0,0.0,0,0,0,0,0,0,0.2222,0.2222,0,0,19,19,0.6667,0.6667,0.0,0.0,0,2,,Lung Opacity; No Finding,0.0,0.0,0.0,Hallucination-Free,0.2222,0.8,1.0,0.7143,1.0,0.0,0.0,1.0,0.2222,0,5.22,Hallucination-Free,0.0,v2+GCRF
3570,3570_IM-1754-1001.dcm.png,False,1,1.0,1.0,0.8,0.8,0.7143,0.7143,1.0,1.0,0.8333,0.8333,0.0,0.0,0.0,0.0,1.0,1.0,0.0,0.0,0,0,0,0,0,0,0.2222,0.2222,0,0,19,19,0.6667,0.6667,0.0,0.0,0,2,,Lung Opacity; No Finding,0.0,0.0,0.0,Hallucination-Free,0.2222,0.8889,1.0,0.8571,1.0,0.0,0.0,1.0,0.3333,1,5.22,Hallucination-Free,0.0,v2+GCRF
3570,3570_IM-1754-1001.dcm.png,False,1,1.0,1.0,0.8,0.8,0.7143,0.7143,1.0,1.0,0.8333,0.8333,0.0,0.0,0.0,0.0,1.0,1.0,0.0,0.0,0,0,0,0,0,0,0.2222,0.2222,0,0,19,19,0.6667,0.6667,0.0,0.0,0,2,,Lung Opacity; No Finding,0.0,0.0,0.0,Hallucination-Free,0.2222,0.8889,1.0,0.8571,1.0,0.0,0.0,1.0,0.3333,1,5.22,Hallucination-Free,0.0,v2+GCRF
3570,3570_IM-1754-1001.dcm.png,False,1,1.0,1.0,0.8,0.8,0.7143,0.7143,1.0,1.0,0.8333,0.8333,0.0,0.0,0.0,0.0,1.0,1.0,0.0,0.0,0,0,0,0,0,0,0.2222,0.2222,0,0,19,19,0.6667,0.6667,0.0,0.0,0,2,,Lung Opacity; No Finding,0.0,0.0,0.0,Hallucination-Free,0.2222,0.8,1.0,0.7143,1.0,0.0,0.0,1.0,0.2222,0,5.22,Hallucination-Free,0.0,v2+GCRF
3570,3570_IM-1754-1001.dcm.png,False,1,1.0,1.0,0.8,0.8,0.7143,0.7143,1.0,1.0,0.8333,0.8333,0.0,0.0,0.0,0.0,1.0,1.0,0.0,0.0,0,0,0,0,0,0,0.2222,0.2222,0,0,19,19,0.6667,0.6667,0.0,0.0,0,2,,Lung Opacity; No Finding,0.0,0.0,0.0,Hallucination-Free,0.2222,0.8,1.0,0.7143,1.0,0.0,0.0,1.0,0.2222,0,5.22,Hallucination-Free,0.0,v2+GCRF
3570,3570_IM-1754-1001.dcm.png,False,1,1.0,1.0,0.8,0.8,0.7143,0.7143,1.0,1.0,0.8333,0.8333,0.0,0.0,0.0,0.0,1.0,1.0,0.0,0.0,0,0,0,0,0,0,0.2222,0.2222,0,0,19,19,0.6667,0.6667,0.0,0.0,0,2,,Lung Opacity; No Finding,0.0,0.0,0.0,Hallucination-Free,0.2222,0.8889,1.0,0.8571,1.0,0.0,0.0,1.0,0.3333,1,5.22,Hallucination-Free,0.0,v2+GCRF
3570,3570_IM-1754-1001.dcm.png,False,1,1.0,1.0,0.8,0.8,0.7143,0.7143,1.0,1.0,0.8333,0.8333,0.0,0.0,0.0,0.0,1.0,1.0,0.0,0.0,0,0,0,0,0,0,0.2222,0.2222,0,0,19,19,0.6667,0.6667,0.0,0.0,0,2,,Lung Opacity; No Finding,0.0,0.0,0.0,Hallucination-Free,0.2222,0.8889,1.0,0.8571,1.0,0.0,0.0,1.0,0.3333,1,5.22,Hallucination-Free,0.0,v2+GCRF
3570,3570_IM-1754-1001.dcm.png,False,1,1.0,1.0,0.8,0.8,0.7143,0.7143,1.0,1.0,0.8333,0.8333,0.0,0.0,0.0,0.0,1.0,1.0,0.0,0.0,0,0,0,0,0,0,0.2222,0.2222,0,0,19,19,0.6667,0.6667,0.0,0.0,0,2,,Lung Opacity; No Finding,0.0,0.0,0.0,Hallucination-Free,0.2222,0.8,1.0,0.7143,1.0,0.0,0.0,1.0,0.2222,0,5.22,Hallucination-Free,0.0,v2+GCRF
3570,3570_IM-1754-1001.dcm.png,False,1,1.0,1.0,0.8,0.8,0.7143,0.7143,1.0,1.0,0.8333,0.8333,0.0,0.0,0.0,0.0,1.0,1.0,0.0,0.0,0,0,0,0,0,0,0.2222,0.2222,0,0,19,19,0.6667,0.6667,0.0,0.0,0,2,,Lung Opacity; No Finding,0.0,0.0,0.0,Hallucination-Free,0.2222,0.8,1.0,0.7143,1.0,0.0,0.0,1.0,0.2222,0,5.22,Hallucination-Free,0.0,v2+GCRF
3570,3570_IM-1754-1001.dcm.png,False,1,1.0,1.0,0.8,0.8,0.7143,0.7143,1.0,1.0,0.8333,0.8333,0.0,0.0,0.0,0.0,1.0,1.0,0.0,0.0,0,0,0,0,0,0,0.2222,0.2222,0,0,19,19,0.6667,0.6667,0.0,0.0,0,2,,Lung Opacity; No Finding,0.0,0.0,0.0,Hallucination-Free,0.2222,0.8889,1.0,0.8571,1.0,0.0,0.0,1.0,0.3333,1,5.22,Hallucination-Free,0.0,v2+GCRF
3570,3570_IM-1754-1001.dcm.png,False,1,1.0,1.0,0.8,0.8,0.7143,0.7143,1.0,1.0,0.8333,0.8333,0.0,0.0,0.0,0.0,1.0,1.0,0.0,0.0,0,0,0,0,0,0,0.2222,0.2222,0,0,19,19,0.6667,0.6667,0.0,0.0,0,2,,Lung Opacity; No Finding,0.0,0.0,0.0,Hallucination-Free,0.2222,0.8889,1.0,0.8571,1.0,0.0,0.0,1.0,0.3333,1,5.22,Hallucination-Free,0.0,v2+GCRF
3570,3570_IM-1754-3001.dcm.png,False,1,1.0,1.0,0.8889,0.8889,0.8571,0.8571,1.0,1.0,0.9231,0.9231,0.0,0.0,0.0,0.0,1.0,1.0,0.0,0.0,0,0,0,0,0,0,0.3333,0.3333,1,1,30,30,0.6667,0.6667,0.0,0.0,0,2,,Lung Opacity; No Finding,0.0,0.0,0.0,Hallucination-Free,0.3333,0.8,1.0,0.7143,1.0,0.0,0.0,1.0,0.2222,0,5.0,Hallucination-Free,0.0,v2+GCRF
3570,3570_IM-1754-3001.dcm.png,False,1,1.0,1.0,0.8889,0.8889,0.8571,0.8571,1.0,1.0,0.9231,0.9231,0.0,0.0,0.0,0.0,1.0,1.0,0.0,0.0,0,0,0,0,0,0,0.3333,0.3333,1,1,30,30,0.6667,0.6667,0.0,0.0,0,2,,Lung Opacity; No Finding,0.0,0.0,0.0,Hallucination-Free,0.3333,0.8,1.0,0.7143,1.0,0.0,0.0,1.0,0.2222,0,5.0,Hallucination-Free,0.0,v2+GCRF
3570,3570_IM-1754-3001.dcm.png,False,1,1.0,1.0,0.8889,0.8889,0.8571,0.8571,1.0,1.0,0.9231,0.9231,0.0,0.0,0.0,0.0,1.0,1.0,0.0,0.0,0,0,0,0,0,0,0.3333,0.3333,1,1,30,30,0.6667,0.6667,0.0,0.0,0,2,,Lung Opacity; No Finding,0.0,0.0,0.0,Hallucination-Free,0.3333,0.8889,1.0,0.8571,1.0,0.0,0.0,1.0,0.3333,1,5.0,Hallucination-Free,0.0,v2+GCRF
3570,3570_IM-1754-3001.dcm.png,False,1,1.0,1.0,0.8889,0.8889,0.8571,0.8571,1.0,1.0,0.9231,0.9231,0.0,0.0,0.0,0.0,1.0,1.0,0.0,0.0,0,0,0,0,0,0,0.3333,0.3333,1,1,30,30,0.6667,0.6667,0.0,0.0,0,2,,Lung Opacity; No Finding,0.0,0.0,0.0,Hallucination-Free,0.3333,0.8889,1.0,0.8571,1.0,0.0,0.0,1.0,0.3333,1,5.0,Hallucination-Free,0.0,v2+GCRF
3570,3570_IM-1754-3001.dcm.png,False,1,1.0,1.0,0.8889,0.8889,0.8571,0.8571,1.0,1.0,0.9231,0.9231,0.0,0.0,0.0,0.0,1.0,1.0,0.0,0.0,0,0,0,0,0,0,0.3333,0.3333,1,1,30,30,0.6667,0.6667,0.0,0.0,0,2,,Lung Opacity; No Finding,0.0,0.0,0.0,Hallucination-Free,0.3333,0.8,1.0,0.7143,1.0,0.0,0.0,1.0,0.2222,0,5.0,Hallucination-Free,0.0,v2+GCRF
3570,3570_IM-1754-3001.dcm.png,False,1,1.0,1.0,0.8889,0.8889,0.8571,0.8571,1.0,1.0,0.9231,0.9231,0.0,0.0,0.0,0.0,1.0,1.0,0.0,0.0,0,0,0,0,0,0,0.3333,0.3333,1,1,30,30,0.6667,0.6667,0.0,0.0,0,2,,Lung Opacity; No Finding,0.0,0.0,0.0,Hallucination-Free,0.3333,0.8,1.0,0.7143,1.0,0.0,0.0,1.0,0.2222,0,5.0,Hallucination-Free,0.0,v2+GCRF
3570,3570_IM-1754-3001.dcm.png,False,1,1.0,1.0,0.8889,0.8889,0.8571,0.8571,1.0,1.0,0.9231,0.9231,0.0,0.0,0.0,0.0,1.0,1.0,0.0,0.0,0,0,0,0,0,0,0.3333,0.3333,1,1,30,30,0.6667,0.6667,0.0,0.0,0,2,,Lung Opacity; No Finding,0.0,0.0,0.0,Hallucination-Free,0.3333,0.8889,1.0,0.8571,1.0,0.0,0.0,1.0,0.3333,1,5.0,Hallucination-Free,0.0,v2+GCRF
3570,3570_IM-1754-3001.dcm.png,False,1,1.0,1.0,0.8889,0.8889,0.8571,0.8571,1.0,1.0,0.9231,0.9231,0.0,0.0,0.0,0.0,1.0,1.0,0.0,0.0,0,0,0,0,0,0,0.3333,0.3333,1,1,30,30,0.6667,0.6667,0.0,0.0,0,2,,Lung Opacity; No Finding,0.0,0.0,0.0,Hallucination-Free,0.3333,0.8889,1.0,0.8571,1.0,0.0,0.0,1.0,0.3333,1,5.0,Hallucination-Free,0.0,v2+GCRF
3570,3570_IM-1754-3001.dcm.png,False,1,1.0,1.0,0.8889,0.8889,0.8571,0.8571,1.0,1.0,0.9231,0.9231,0.0,0.0,0.0,0.0,1.0,1.0,0.0,0.0,0,0,0,0,0,0,0.3333,0.3333,1,1,30,30,0.6667,0.6667,0.0,0.0,0,2,,Lung Opacity; No Finding,0.0,0.0,0.0,Hallucination-Free,0.3333,0.8,1.0,0.7143,1.0,0.0,0.0,1.0,0.2222,0,5.0,Hallucination-Free,0.0,v2+GCRF
3570,3570_IM-1754-3001.dcm.png,False,1,1.0,1.0,0.8889,0.8889,0.8571,0.8571,1.0,1.0,0.9231,0.9231,0.0,0.0,0.0,0.0,1.0,1.0,0.0,0.0,0,0,0,0,0,0,0.3333,0.3333,1,1,30,30,0.6667,0.6667,0.0,0.0,0,2,,Lung Opacity; No Finding,0.0,0.0,0.0,Hallucination-Free,0.3333,0.8,1.0,0.7143,1.0,0.0,0.0,1.0,0.2222,0,5.0,Hallucination-Free,0.0,v2+GCRF
3570,3570_IM-1754-3001.dcm.png,False,1,1.0,1.0,0.8889,0.8889,0.8571,0.8571,1.0,1.0,0.9231,0.9231,0.0,0.0,0.0,0.0,1.0,1.0,0.0,0.0,0,0,0,0,0,0,0.3333,0.3333,1,1,30,30,0.6667,0.6667,0.0,0.0,0,2,,Lung Opacity; No Finding,0.0,0.0,0.0,Hallucination-Free,0.3333,0.8889,1.0,0.8571,1.0,0.0,0.0,1.0,0.3333,1,5.0,Hallucination-Free,0.0,v2+GCRF
3570,3570_IM-1754-3001.dcm.png,False,1,1.0,1.0,0.8889,0.8889,0.8571,0.8571,1.0,1.0,0.9231,0.9231,0.0,0.0,0.0,0.0,1.0,1.0,0.0,0.0,0,0,0,0,0,0,0.3333,0.3333,1,1,30,30,0.6667,0.6667,0.0,0.0,0,2,,Lung Opacity; No Finding,0.0,0.0,0.0,Hallucination-Free,0.3333,0.8889,1.0,0.8571,1.0,0.0,0.0,1.0,0.3333,1,5.0,Hallucination-Free,0.0,v2+GCRF
3570,3570_IM-1754-3001.dcm.png,False,1,1.0,1.0,0.8889,0.8889,0.8571,0.8571,1.0,1.0,0.9231,0.9231,0.0,0.0,0.0,0.0,1.0,1.0,0.0,0.0,0,0,0,0,0,0,0.3333,0.3333,1,1,30,30,0.6667,0.6667,0.0,0.0,0,2,,Lung Opacity; No Finding,0.0,0.0,0.0,Hallucination-Free,0.3333,0.8,1.0,0.7143,1.0,0.0,0.0,1.0,0.2222,0,5.0,Hallucination-Free,0.0,v2+GCRF
3570,3570_IM-1754-3001.dcm.png,False,1,1.0,1.0,0.8889,0.8889,0.8571,0.8571,1.0,1.0,0.9231,0.9231,0.0,0.0,0.0,0.0,1.0,1.0,0.0,0.0,0,0,0,0,0,0,0.3333,0.3333,1,1,30,30,0.6667,0.6667,0.0,0.0,0,2,,Lung Opacity; No Finding,0.0,0.0,0.0,Hallucination-Free,0.3333,0.8,1.0,0.7143,1.0,0.0,0.0,1.0,0.2222,0,5.0,Hallucination-Free,0.0,v2+GCRF
3570,3570_IM-1754-3001.dcm.png,False,1,1.0,1.0,0.8889,0.8889,0.8571,0.8571,1.0,1.0,0.9231,0.9231,0.0,0.0,0.0,0.0,1.0,1.0,0.0,0.0,0,0,0,0,0,0,0.3333,0.3333,1,1,30,30,0.6667,0.6667,0.0,0.0,0,2,,Lung Opacity; No Finding,0.0,0.0,0.0,Hallucination-Free,0.3333,0.8889,1.0,0.8571,1.0,0.0,0.0,1.0,0.3333,1,5.0,Hallucination-Free,0.0,v2+GCRF
3570,3570_IM-1754-3001.dcm.png,False,1,1.0,1.0,0.8889,0.8889,0.8571,0.8571,1.0,1.0,0.9231,0.9231,0.0,0.0,0.0,0.0,1.0,1.0,0.0,0.0,0,0,0,0,0,0,0.3333,0.3333,1,1,30,30,0.6667,0.6667,0.0,0.0,0,2,,Lung Opacity; No Finding,0.0,0.0,0.0,Hallucination-Free,0.3333,0.8889,1.0,0.8571,1.0,0.0,0.0,1.0,0.3333,1,5.0,Hallucination-Free,0.0,v2+GCRF
3571,3571_IM-1754-3001.dcm.png,False,1,0.0,0.0,1.0,1.0,0.0,0.0,0.6667,0.6667,0.0,0.0,1.0,1.0,0.5,0.5,0.5,0.5,0.5,0.5,1,1,0,0,0,0,0.2222,0.2222,0,0,33,33,0.0,0.0,0.0,0.0,0,0,,,52.5,52.5,0.0,High,0.2222,1.0,0.0,0.0,0.6667,1.0,0.5,0.5,0.2222,0,42.89,Moderate,52.5,v2+GCRF
3577,3577_IM-1758-1001.dcm.png,True,2,0.8,1.0,0.9,0.8333,0.8,0.6,0.9,1.0,0.8,0.75,0.2,0.0,0.25,0.0,0.75,1.0,0.25,0.0,1,0,0,0,0,0,0.2222,0.2222,0,0,20,26,0.8,0.5,0.0,0.0,0,2,,Consolidation; No Finding,15.75,0.0,-15.75,Hallucination-Free,0.2222,0.8333,1.0,0.6,1.0,0.0,0.0,1.0,0.2222,0,4.72,Hallucination-Free,0.0,v2+GCRF
3578,3578_IM-1758-2001.dcm.png,False,1,0.0,0.0,1.0,1.0,0.0,0.0,0.7333,0.7333,0.0,0.0,1.0,1.0,0.5,0.5,0.5,0.5,0.5,0.5,1,1,0,0,0,0,0.2222,0.2222,0,0,18,18,0.0,0.0,0.0,0.0,0,0,,,52.5,52.5,0.0,High,0.2222,1.0,0.0,0.0,0.7333,1.0,0.5,0.5,0.2222,0,42.36,Moderate,52.5,v2+GCRF
3583,3583_IM-1762-1001.dcm.png,False,1,0.6,0.6,0.7,0.7,0.5,0.5,0.7778,0.7778,0.5455,0.5455,0.4,0.4,0.4,0.4,0.6,0.6,0.4,0.4,1,1,0,0,0,0,0.2222,0.2222,0,0,26,26,0.4,0.4,0.0,0.0,0,3,,Lung Opacity; Pneumonia; No Finding,28.0,28.0,0.0,Low,0.2222,0.7,0.6,0.5,0.7778,0.4,0.4,0.6,0.2222,0,29.3,Low,28.0,v2+GCRF
3601,3601_IM-1777-2002.dcm.png,False,1,0.6667,0.6667,0.8889,0.8889,0.8,0.8,0.8,0.8,0.7273,0.7273,0.3333,0.3333,0.4,0.4,0.6,0.6,0.4,0.4,1,1,0,0,0,0,0.3333,0.3333,1,1,27,27,0.5,0.5,0.0,0.0,0,2,,Lung Opacity; No Finding,25.67,25.67,0.0,Low,0.3333,0.8889,0.6667,0.8,0.8,0.3333,0.4,0.6,0.3333,1,25.8,Low,25.67,v2+GCRF
3605,3605_IM-1781-1001.dcm.png,True,2,0.6,0.6667,0.9,0.8333,0.75,0.5,0.8182,0.9091,0.6667,0.5714,0.4,0.3333,0.5,0.25,0.5,0.75,0.5,0.25,1,1,0,0,0,0,0.2222,0.2222,0,0,20,26,0.0,0.0,0.0,0.0,0,2,,Lung Opacity; No Finding,31.5,20.42,-11.08,Low,0.2222,0.8333,0.6667,0.5,0.9091,0.3333,0.25,0.75,0.2222,0,20.45,Low,20.42,v2+GCRF
3609,3609_IM-1782-2001.dcm.png,False,1,0.4,0.4,0.8,0.8,0.5,0.5,0.7273,0.7273,0.4444,0.4444,0.6,0.6,0.5,0.5,0.5,0.5,0.5,0.5,1,1,0,0,0,0,0.2222,0.2222,0,0,33,33,0.5,0.5,0.0,0.0,0,2,,Cardiomegaly; No Finding,38.5,38.5,0.0,Moderate,0.2222,0.8,0.4,0.5,0.7273,0.6,0.5,0.5,0.2222,0,35.8,Moderate,38.5,v2+GCRF
3610,3610_IM-1783-1001.dcm.png,True,2,0.4,0.6667,0.7,0.75,0.4,0.4,0.7,0.9,0.4,0.5,0.6,0.3333,0.75,0.25,0.25,0.75,0.75,0.25,1,1,0,0,0,0,0.2222,0.2222,0,0,20,26,0.4,0.4,0.0,0.0,0,3,,Lung Lesion; Edema; Pleural Effusion,47.25,20.42,-26.83,Low,0.2222,0.75,0.6667,0.4,0.9,0.3333,0.25,0.75,0.2222,0,21.77,Low,20.42,v2+GCRF
3616,3616_IM-1789-2002.dcm.png,False,1,0.5,0.5,0.8889,0.8889,0.75,0.75,0.7273,0.7273,0.6,0.6,0.5,0.5,0.6,0.6,0.4,0.4,0.6,0.6,1,1,0,0,0,0,0.3333,0.3333,1,1,37,37,0.0,0.0,0.0,0.0,0,0,,,38.5,38.5,0.0,Moderate,0.3333,0.8889,0.5,0.75,0.7273,0.5,0.6,0.4,0.3333,1,35.98,Moderate,38.5,v2+GCRF
3623,3623_IM-1793-1001.dcm.png,False,1,0.6,0.6,0.9,0.9,0.75,0.75,0.8182,0.8182,0.6667,0.6667,0.4,0.4,0.3333,0.3333,0.6667,0.6667,0.3333,0.3333,1,1,0,0,0,0,0.2222,0.2222,0,0,33,33,0.6667,0.6667,0.0,0.0,0,1,,No Finding,25.67,25.67,0.0,Low,0.2222,0.9,0.6,0.75,0.8182,0.4,0.3333,0.6667,0.2222,0,24.11,Low,25.67,v2+GCRF
3633,3633_IM-1800-1001.dcm.png,True,2,0.4,0.6667,1.0,1.0,1.0,1.0,0.7692,0.9231,0.5714,0.8,0.6,0.3333,0.75,0.25,0.25,0.75,0.75,0.25,1,1,0,0,0,0,0.2222,0.2222,0,0,20,26,0.0,0.0,50.0,100.0,1,1,Pneumothorax,Pleural Effusion,54.75,35.42,-19.33,Moderate,0.2222,1.0,0.6667,1.0,0.9231,0.3333,0.25,0.75,0.2222,0,32.84,Moderate,35.42,v2+GCRF
3636,3636_IM-1803-1001.dcm.png,False,1,0.5,0.5,0.8182,0.8182,0.5,0.5,0.8182,0.8182,0.5,0.5,0.5,0.5,0.5,0.5,0.5,0.5,0.5,0.5,1,1,0,0,0,0,0.2222,0.2222,0,0,18,18,0.4,0.4,0.0,0.0,0,3,,Pleural Effusion; Support Devices; No Finding,35.0,35.0,0.0,Moderate,0.2222,0.8182,0.5,0.5,0.8182,0.5,0.5,0.5,0.2222,0,32.4,Moderate,35.0,v2+GCRF
3637,3637_IM-1804-1001.dcm.png,False,1,0.25,0.25,0.7273,0.7273,0.25,0.25,0.7273,0.7273,0.25,0.25,0.75,0.75,0.5,0.5,0.5,0.5,0.5,0.5,1,1,0,0,0,0,0.2222,0.2222,0,0,18,18,0.0,0.0,0.0,0.0,0,4,,Edema; Consolidation; Pleural Effusion; No Finding,43.75,43.75,0.0,Moderate,0.2222,0.7273,0.25,0.25,0.7273,0.75,0.5,0.5,0.2222,0,40.49,Moderate,43.75,v2+GCRF
3651,3651_IM-1813-1001.dcm.png,False,1,0.8,0.8,0.9,0.9,0.8,0.8,0.9,0.9,0.8,0.8,0.2,0.2,0.2,0.2,0.8,0.8,0.2,0.2,1,1,0,0,0,0,0.2222,0.2222,0,0,32,32,0.0,0.0,100.0,100.0,2,2,Consolidation; Pneumothorax,Support Devices; No Finding,29.0,29.0,0.0,Low,0.2222,0.9,0.8,0.8,0.9,0.2,0.2,0.8,0.2222,0,29.92,Low,29.0,v2+GCRF
3654,3654_IM-1816-1001.dcm.png,False,1,0.75,0.75,0.8182,0.8182,0.6,0.6,0.9,0.9,0.6667,0.6667,0.25,0.25,0.25,0.25,0.75,0.75,0.25,0.25,1,1,0,0,0,0,0.2222,0.2222,0,0,18,18,0.5,0.5,0.0,0.0,0,2,,Lung Opacity; No Finding,17.5,17.5,0.0,Low,0.2222,0.8182,0.75,0.6,0.9,0.25,0.25,0.75,0.2222,0,18.75,Low,17.5,v2+GCRF
3656,3656_IM-1817-1001.dcm.png,True,2,0.6,0.75,0.9,0.9091,0.75,0.75,0.8182,0.9091,0.6667,0.75,0.4,0.25,0.4,0.25,0.6,0.75,0.4,0.25,1,1,0,0,0,0,0.2222,0.2222,0,0,28,26,0.0,0.4,50.0,50.0,1,2,Pneumothorax,Lung Opacity; Support Devices,35.5,25.0,-10.5,Low,0.2222,0.9091,0.75,0.75,0.9091,0.25,0.25,0.75,0.2222,0,24.81,Low,25.0,v2+GCRF
3659,3659_IM-1819-1001.dcm.png,False,1,0.8,0.8,0.9,0.9,0.8,0.8,0.9,0.9,0.8,0.8,0.2,0.2,0.2,0.2,0.8,0.8,0.2,0.2,1,1,0,0,0,0,0.2222,0.2222,0,0,34,34,0.5,0.5,0.0,0.0,0,2,,Lung Opacity; No Finding,14.0,14.0,0.0,Hallucination-Free,0.2222,0.9,0.8,0.8,0.9,0.2,0.2,0.8,0.2222,0,14.92,Hallucination-Free,14.0,v2+GCRF
3666,3666_IM-1824-1001.dcm.png,False,1,0.6667,0.6667,0.6667,0.6667,0.3333,0.3333,0.8889,0.8889,0.4444,0.4444,0.3333,0.3333,0.2,0.2,0.8,0.8,0.2,0.2,1,1,0,0,0,0,0.0,0.0,0,0,21,21,0.3333,0.3333,0.0,0.0,0,4,,Cardiomegaly; Lung Opacity; Atelectasis; Support Devices,18.67,18.67,0.0,Low,0.0,0.6667,0.6667,0.3333,0.8889,0.3333,0.2,0.8,0.0,0,19.49,Low,18.67,v2+GCRF
3675,3675_IM-1829-0001-0001.dcm.png,True,2,0.6,1.0,0.9,0.9167,0.75,0.75,0.8182,1.0,0.6667,0.8571,0.4,0.0,0.5,0.0,0.5,1.0,0.5,0.0,1,0,0,0,0,0,0.2222,0.2222,0,0,20,26,0.5,0.5,0.0,0.0,0,2,,Support Devices; No Finding,31.5,0.0,-31.5,Hallucination-Free,0.2222,0.9167,1.0,0.75,1.0,0.0,0.0,1.0,0.2222,0,3.47,Hallucination-Free,0.0,v2+GCRF
3692,3692_IM-1843-1001.dcm.png,False,1,0.5,0.5,0.8182,0.8182,0.5,0.5,0.8182,0.8182,0.5,0.5,0.5,0.5,0.5,0.5,0.5,0.5,0.5,0.5,1,1,0,0,0,0,0.2222,0.2222,0,0,18,18,0.3333,0.3333,0.0,0.0,0,4,,Lung Opacity; Pleural Effusion; Support Devices; No Finding,35.0,35.0,0.0,Moderate,0.2222,0.8182,0.5,0.5,0.8182,0.5,0.5,0.5,0.2222,0,32.4,Moderate,35.0,v2+GCRF
3694,3694_IM-1845-1001.dcm.png,True,2,0.8,0.6,1.0,0.9,1.0,0.75,0.9091,0.8182,0.8889,0.6667,0.2,0.4,0.25,0.5,0.75,0.5,0.25,0.5,1,1,0,0,0,0,0.2222,0.1111,0,0,20,30,0.8,0.6667,0.0,25.0,1,1,Pleural Effusion,Support Devices,15.75,35.25,19.5,Moderate,0.1111,0.9,0.6,0.75,0.8182,0.4,0.5,0.5,0.1111,0,31.42,Moderate,35.25,v2+GCRF
3703,3703_IM-1850-1001.dcm.png,False,1,0.6,0.6,0.9,0.9,0.75,0.75,0.8182,0.8182,0.6667,0.6667,0.4,0.4,0.4,0.4,0.6,0.6,0.4,0.4,1,1,0,0,0,0,0.2222,0.2222,0,0,26,26,0.4,0.4,50.0,50.0,1,2,Consolidation,Pleural Effusion; No Finding,35.5,35.5,0.0,Moderate,0.2222,0.9,0.6,0.75,0.8182,0.4,0.4,0.6,0.2222,0,33.48,Moderate,35.5,v2+GCRF
3704,3704_IM-1851-1001.dcm.png,False,1,0.75,0.75,0.8182,0.8182,0.6,0.6,0.9,0.9,0.6667,0.6667,0.25,0.25,0.25,0.25,0.75,0.75,0.25,0.25,1,1,0,0,0,0,0.2222,0.2222,0,0,18,18,0.4,0.4,0.0,0.0,0,3,,Consolidation; Pleural Effusion; No Finding,17.5,17.5,0.0,Low,0.2222,0.8182,0.75,0.6,0.9,0.25,0.25,0.75,0.2222,0,18.75,Low,17.5,v2+GCRF
3708,3708_IM-1852-1001.dcm.png,True,2,0.6,0.6667,0.9,0.8333,0.75,0.5,0.8182,0.9091,0.6667,0.5714,0.4,0.3333,0.5,0.25,0.5,0.75,0.5,0.25,1,1,0,0,0,0,0.2222,0.2222,0,0,20,26,0.3333,0.3333,0.0,0.0,0,4,,Lung Opacity; Pleural Effusion; Support Devices; No Finding,31.5,20.42,-11.08,Low,0.2222,0.8333,0.6667,0.5,0.9091,0.3333,0.25,0.75,0.2222,0,20.45,Low,20.42,v2+GCRF
3725,3725_IM-1861-1001.dcm.png,True,2,0.6,0.6,0.9,0.9,0.75,0.75,0.8182,0.8182,0.6667,0.6667,0.4,0.4,0.5,0.5,0.5,0.5,0.5,0.5,1,1,0,0,0,0,0.2222,0.1111,0,0,20,30,0.0,0.6667,50.0,25.0,1,0,Pneumothorax,,39.0,35.25,-3.75,Moderate,0.1111,0.9,0.6,0.75,0.8182,0.4,0.5,0.5,0.1111,0,31.42,Moderate,35.25,v2+GCRF
3727,3727_IM-1863-1001.dcm.png,False,1,0.0,0.0,0.8889,0.8889,0.0,0.0,0.5714,0.5714,0.0,0.0,1.0,1.0,0.5,0.5,0.5,0.5,0.5,0.5,1,1,0,0,1,1,0.3333,0.3333,1,1,42,42,0.0,0.0,0.0,0.0,0,2,,Lung Opacity; Support Devices,57.5,57.5,0.0,High,0.3333,0.8889,0.0,0.0,0.5714,1.0,0.5,0.5,0.3333,1,46.43,Moderate,57.5,v2+GCRF
3742,3742_IM-1869-1002001.dcm.png,False,1,0.0,0.0,0.9,0.9,0.0,0.0,0.6429,0.6429,0.0,0.0,1.0,1.0,0.5,0.5,0.5,0.5,0.5,0.5,1,1,0,0,0,0,0.2222,0.2222,0,0,33,33,0.0,0.0,0.0,0.0,0,1,,No Finding,52.5,52.5,0.0,High,0.2222,0.9,0.0,0.0,0.6429,1.0,0.5,0.5,0.2222,0,44.58,Moderate,52.5,v2+GCRF
3745,3745_IM-1872-1001.dcm.png,False,1,0.5,0.5,0.9091,0.9091,0.6667,0.6667,0.8333,0.8333,0.5714,0.5714,0.5,0.5,0.5,0.5,0.5,0.5,0.5,0.5,1,1,0,0,0,0,0.2222,0.2222,0,0,18,18,0.0,0.0,100.0,100.0,1,3,Pneumothorax,Pleural Effusion; Support Devices; No Finding,50.0,50.0,0.0,High,0.2222,0.9091,0.5,0.6667,0.8333,0.5,0.5,0.5,0.2222,0,45.92,Moderate,50.0,v2+GCRF
3747,3747_IM-1873-1001.dcm.png,False,1,0.5,0.5,0.7273,0.7273,0.4,0.4,0.8,0.8,0.4444,0.4444,0.5,0.5,0.5,0.5,0.5,0.5,0.5,0.5,1,1,0,0,0,0,0.2222,0.2222,0,0,18,18,0.4,0.4,0.0,0.0,0,3,,Lung Lesion; Edema; Pleural Effusion,35.0,35.0,0.0,Moderate,0.2222,0.7273,0.5,0.4,0.8,0.5,0.5,0.5,0.2222,0,33.91,Moderate,35.0,v2+GCRF
3751,3751_IM-1875-1001.dcm.png,False,1,0.5,0.5,0.8182,0.8182,0.5,0.5,0.8182,0.8182,0.5,0.5,0.5,0.5,0.5,0.5,0.5,0.5,0.5,0.5,1,1,0,0,0,0,0.2222,0.2222,0,0,18,18,0.5,0.5,0.0,0.0,0,2,,Pleural Effusion; No Finding,35.0,35.0,0.0,Moderate,0.2222,0.8182,0.5,0.5,0.8182,0.5,0.5,0.5,0.2222,0,32.4,Moderate,35.0,v2+GCRF
3753,3753_IM-1877-1001.dcm.png,True,2,0.6,0.6667,0.7,0.6667,0.5,0.3333,0.7778,0.8889,0.5455,0.4444,0.4,0.3333,0.5,0.25,0.5,0.75,0.5,0.25,1,1,0,0,0,0,0.2222,0.2222,0,0,20,26,0.4444,0.25,0.0,0.0,0,6,,Lung Lesion; Consolidation; Atelectasis; Pleural Effusion; Support Devices; No Finding,31.5,20.42,-11.08,Low,0.2222,0.6667,0.6667,0.3333,0.8889,0.3333,0.25,0.75,0.2222,0,23.11,Low,20.42,v2+GCRF
3756,3756_IM-1880-1001.dcm.png,True,2,0.4,0.5,0.9,0.9091,0.6667,0.6667,0.75,0.8333,0.5,0.5714,0.6,0.5,0.6,0.5,0.4,0.5,0.6,0.5,1,1,0,0,0,0,0.2222,0.2222,0,0,28,26,0.0,0.6667,50.0,50.0,1,0,Pneumothorax,,49.5,42.5,-7.0,Moderate,0.2222,0.9091,0.5,0.6667,0.8333,0.5,0.5,0.5,0.2222,0,38.42,Moderate,42.5,v2+GCRF
3761,3761_IM-1883-1001.dcm.png,False,1,0.0,0.0,1.0,1.0,0.0,0.0,0.6,0.6,0.0,0.0,1.0,1.0,0.8,0.8,0.2,0.2,0.8,0.8,1,1,0,0,0,0,0.3333,0.3333,1,1,37,37,0.0,0.0,0.0,0.0,0,0,0,0,63.0,63.0,0.0,High,0.3333,1.0,0.0,0.0,0.6,1.0,0.8,0.2,0.3333,1,52.93,High,63.0,v2+GCRF
3770,3770_IM-1890-1001.dcm.png,False,1,0.4,0.4,1.0,1.0,1.0,1.0,0.7692,0.7692,0.5714,0.5714,0.6,0.6,0.6,0.6,0.4,0.4,0.6,0.6,1,1,0,0,0,0,0.2222,0.2222,0,0,26,26,1.0,1.0,0.0,0.0,0,0,,,42.0,42.0,0.0,Moderate,0.2222,1.0,0.4,1.0,0.7692,0.6,0.6,0.4,0.2222,0,35.27,Moderate,42.0,v2+GCRF
3778,3778_IM-1894-1001.dcm.png,False,1,0.0,0.0,0.9091,0.9091,0.0,0.0,0.7143,0.7143,0.0,0.0,1.0,1.0,0.5,0.5,0.5,0.5,0.5,0.5,1,1,0,0,0,0,0.2222,0.2222,0,0,18,18,0.0,0.0,0.0,0.0,0,1,,No Finding,52.5,52.5,0.0,High,0.2222,0.9091,0.0,0.0,0.7143,1.0,0.5,0.5,0.2222,0,43.87,Moderate,52.5,v2+GCRF
3792,3792_IM-1906-1001.dcm.png,False,1,0.5,0.5,0.8182,0.8182,0.5,0.5,0.8182,0.8182,0.5,0.5,0.5,0.5,0.5,0.5,0.5,0.5,0.5,0.5,1,1,0,0,0,0,0.2222,0.2222,0,0,18,18,0.3333,0.3333,0.0,0.0,0,4,,Consolidation; Pleural Effusion; Support Devices; No Finding,35.0,35.0,0.0,Moderate,0.2222,0.8182,0.5,0.5,0.8182,0.5,0.5,0.5,0.2222,0,32.4,Moderate,35.0,v2+GCRF
3798,3798_IM-1911-1001.dcm.png,True,2,0.8,1.0,0.9,0.9091,0.8,0.8,0.9,1.0,0.8,0.8889,0.2,0.0,0.2,0.0,0.8,1.0,0.2,0.0,1,0,0,0,0,0,0.2222,0.2222,0,0,28,26,0.0,0.4,50.0,50.0,1,2,Pneumothorax,Lung Opacity; No Finding,21.5,7.5,-14.0,Hallucination-Free,0.2222,0.9091,1.0,0.8,1.0,0.0,0.0,1.0,0.2222,0,11.09,Hallucination-Free,7.5,v2+GCRF
3804,3804_IM-1914-1001.dcm.png,False,1,0.6,0.6,0.9,0.9,0.75,0.75,0.8182,0.8182,0.6667,0.6667,0.4,0.4,0.3333,0.3333,0.6667,0.6667,0.3333,0.3333,1,1,0,0,0,0,0.2222,0.2222,0,0,33,33,0.3333,0.3333,50.0,50.0,1,3,Consolidation,Pleural Effusion; Support Devices; No Finding,33.17,33.17,0.0,Moderate,0.2222,0.9,0.6,0.75,0.8182,0.4,0.3333,0.6667,0.2222,0,31.61,Moderate,33.17,v2+GCRF
3826,3826_IM-1932-1001.dcm.png,False,1,0.5,0.5,0.9091,0.9091,0.6667,0.6667,0.8333,0.8333,0.5714,0.5714,0.5,0.5,0.5,0.5,0.5,0.5,0.5,0.5,1,1,0,0,0,0,0.2222,0.2222,0,0,18,18,0.6667,0.6667,0.0,0.0,0,1,,Pleural Effusion,35.0,35.0,0.0,Moderate,0.2222,0.9091,0.5,0.6667,0.8333,0.5,0.5,0.5,0.2222,0,30.92,Moderate,35.0,v2+GCRF
3828,3828_IM-1932-1001.dcm.png,True,2,0.6,0.75,1.0,1.0,1.0,1.0,0.8333,0.9167,0.75,0.8571,0.4,0.25,0.5,0.25,0.5,0.75,0.5,0.25,1,1,0,0,0,0,0.2222,0.2222,0,0,20,26,0.6667,1.0,0.0,0.0,0,0,,,31.5,17.5,-14.0,Low,0.2222,1.0,0.75,1.0,0.9167,0.25,0.25,0.75,0.2222,0,15.89,Low,17.5,v2+GCRF
3830,3830_IM-1933-1001.dcm.png,False,1,0.0,0.0,0.9,0.9,0.0,0.0,0.6429,0.6429,0.0,0.0,1.0,1.0,0.6,0.6,0.4,0.4,0.6,0.6,1,1,0,0,0,0,0.2222,0.2222,0,0,26,26,0.0,0.0,0.0,0.0,0,1,,No Finding,56.0,56.0,0.0,High,0.2222,0.9,0.0,0.0,0.6429,1.0,0.6,0.4,0.2222,0,47.38,Moderate,56.0,v2+GCRF
3831,3831_IM-1934-1001.dcm.png,True,2,0.6,0.5,0.7,0.6364,0.5,0.3333,0.7778,0.7778,0.5455,0.4,0.4,0.5,0.5,0.5,0.5,0.5,0.5,0.5,1,1,0,0,0,0,0.2222,0.2222,0,0,20,26,0.5,0.4,0.0,50.0,1,2,Pleural Effusion,Support Devices; No Finding,31.5,42.5,11.0,Moderate,0.2222,0.6364,0.5,0.3333,0.7778,0.5,0.5,0.5,0.2222,0,42.95,Moderate,42.5,v2+GCRF
3835,3835_IM-1938-3001.dcm.png,False,1,0.25,0.25,0.8182,0.8182,0.3333,0.3333,0.75,0.75,0.2857,0.2857,0.75,0.75,0.5,0.5,0.5,0.5,0.5,0.5,1,1,0,0,0,0,0.2222,0.2222,0,0,18,18,0.5,0.5,0.0,0.0,0,2,,Pleural Effusion; No Finding,43.75,43.75,0.0,Moderate,0.2222,0.8182,0.25,0.3333,0.75,0.75,0.5,0.5,0.2222,0,38.95,Moderate,43.75,v2+GCRF
3837,3837_IM-1939-1001.dcm.png,True,2,0.4,0.6667,0.9,0.9167,0.6667,0.6667,0.75,0.9167,0.5,0.6667,0.6,0.3333,0.75,0.25,0.25,0.75,0.75,0.25,1,1,0,0,0,0,0.2222,0.2222,0,0,20,26,0.0,0.0,50.0,100.0,1,2,Pneumothorax,Pleural Effusion; No Finding,54.75,35.42,-19.33,Moderate,0.2222,0.9167,0.6667,0.6667,0.9167,0.3333,0.25,0.75,0.2222,0,34.14,Moderate,35.42,v2+GCRF
3841,3841_IM-1942-1001.dcm.png,True,2,0.6,0.75,0.9,0.9091,0.75,0.75,0.8182,0.9091,0.6667,0.75,0.4,0.25,0.4,0.25,0.6,0.75,0.4,0.25,1,1,0,0,0,0,0.2222,0.2222,0,0,28,26,0.6667,0.6667,0.0,0.0,0,2,,Consolidation; No Finding,28.0,17.5,-10.5,Low,0.2222,0.9091,0.75,0.75,0.9091,0.25,0.25,0.75,0.2222,0,17.31,Low,17.5,v2+GCRF
3846,3846_IM-1946-1001.dcm.png,False,1,0.6667,0.6667,0.8333,0.8333,0.5,0.5,0.9091,0.9091,0.5714,0.5714,0.3333,0.3333,0.2,0.2,0.8,0.8,0.2,0.2,1,1,0,0,0,0,0.0,0.0,0,0,25,25,0.5,0.5,0.0,0.0,0,2,,Lung Lesion; Atelectasis,18.67,18.67,0.0,Low,0.0,0.8333,0.6667,0.5,0.9091,0.3333,0.2,0.8,0.0,0,16.83,Low,18.67,v2+GCRF
3847,3847_IM-1946-1001.dcm.png,True,2,0.0,0.0,0.8889,0.9,0.0,0.0,0.5714,0.6429,0.0,0.0,1.0,1.0,0.75,0.8,0.25,0.2,0.75,0.8,1,1,0,0,0,0,0.2222,0.2222,0,0,19,33,0.0,0.0,0.0,0.0,0,1,,Lung Opacity,61.25,63.0,1.75,High,0.2222,0.9,0.0,0.0,0.6429,1.0,0.8,0.2,0.2222,0,52.98,High,63.0,v2+GCRF
3849,3849_IM-1947-1001.dcm.png,False,1,0.5,0.5,0.8182,0.8182,0.5,0.5,0.8182,0.8182,0.5,0.5,0.5,0.5,0.5,0.5,0.5,0.5,0.5,0.5,1,1,0,0,0,0,0.2222,0.2222,0,0,18,18,0.3333,0.3333,0.0,0.0,0,4,,Consolidation; Pleural Effusion; Support Devices; No Finding,35.0,35.0,0.0,Moderate,0.2222,0.8182,0.5,0.5,0.8182,0.5,0.5,0.5,0.2222,0,32.4,Moderate,35.0,v2+GCRF
3866,3866_IM-1959-0001-0001.dcm.png,False,1,0.5,0.5,1.0,1.0,1.0,1.0,0.6364,0.6364,0.6667,0.6667,0.5,0.5,0.6,0.6,0.4,0.4,0.6,0.6,1,1,0,0,0,0,0.2222,0.2222,0,0,44,44,0.5,0.5,20.0,20.0,1,1,Pneumothorax,Pleural Effusion,41.5,41.5,0.0,Moderate,0.2222,1.0,0.5,1.0,0.6364,0.5,0.6,0.4,0.2222,0,36.93,Moderate,41.5,v2+GCRF
3874,3874_IM-1966-1001.dcm.png,False,1,0.75,0.75,0.8182,0.8182,0.6,0.6,0.9,0.9,0.6667,0.6667,0.25,0.25,0.25,0.25,0.75,0.75,0.25,0.25,1,1,0,0,0,0,0.2222,0.2222,0,0,18,18,0.5,0.5,0.0,0.0,0,2,,Support Devices; No Finding,17.5,17.5,0.0,Low,0.2222,0.8182,0.75,0.6,0.9,0.25,0.25,0.75,0.2222,0,18.75,Low,17.5,v2+GCRF
3878,3878_IM-1968-1001.dcm.png,False,1,0.0,0.0,0.8,0.8,0.0,0.0,0.6154,0.6154,0.0,0.0,1.0,1.0,0.5,0.5,0.5,0.5,0.5,0.5,1,1,0,0,0,0,0.2222,0.2222,0,0,48,48,0.0,0.0,0.0,0.0,0,2,,Cardiomegaly; Lung Opacity,52.5,52.5,0.0,High,0.2222,0.8,0.0,0.0,0.6154,1.0,0.5,0.5,0.2222,0,46.3,Moderate,52.5,v2+GCRF
3884,3884_IM-1971-1001.dcm.png,False,1,0.5714,0.5714,0.875,0.875,0.8,0.8,0.7,0.7,0.6667,0.6667,0.4286,0.4286,0.5,0.5,0.5,0.5,0.5,0.5,1,1,0,0,0,0,0.3333,0.3333,1,1,36,36,0.0,0.0,33.33,33.33,1,2,Pneumothorax,Edema; Consolidation,37.5,37.5,0.0,Moderate,0.3333,0.875,0.5714,0.8,0.7,0.4286,0.5,0.5,0.3333,1,36.89,Moderate,37.5,v2+GCRF
3910,3910_IM-1987-1001.dcm.png,False,1,0.5,0.5,0.8182,0.8182,0.5,0.5,0.8182,0.8182,0.5,0.5,0.5,0.5,0.5,0.5,0.5,0.5,0.5,0.5,1,1,0,0,0,0,0.2222,0.2222,0,0,18,18,0.5,0.5,0.0,0.0,0,2,,Lung Opacity; Pleural Effusion,35.0,35.0,0.0,Moderate,0.2222,0.8182,0.5,0.5,0.8182,0.5,0.5,0.5,0.2222,0,32.4,Moderate,35.0,v2+GCRF
3922,3922_IM-1996-0001-0002.dcm.png,False,1,0.5714,0.5714,1.0,1.0,1.0,1.0,0.7273,0.7273,0.7273,0.7273,0.4286,0.4286,0.4286,0.4286,0.5714,0.5714,0.4286,0.4286,1,1,0,0,0,0,0.2222,0.2222,0,0,43,43,0.5714,0.5714,0.0,0.0,0,3,,Lung Opacity; Pleural Effusion; Support Devices,30.0,30.0,0.0,Moderate,0.2222,1.0,0.5714,1.0,0.7273,0.4286,0.4286,0.5714,0.2222,0,26.69,Low,30.0,v2+GCRF
3948,3948_IM-2017-1001.dcm.png,False,1,0.5,0.5,0.8182,0.8182,0.5,0.5,0.8182,0.8182,0.5,0.5,0.5,0.5,0.5,0.5,0.5,0.5,0.5,0.5,1,1,0,0,0,0,0.2222,0.2222,0,0,18,18,0.3333,0.3333,0.0,0.0,0,4,,Lung Opacity; Pleural Effusion; Support Devices; No Finding,35.0,35.0,0.0,Moderate,0.2222,0.8182,0.5,0.5,0.8182,0.5,0.5,0.5,0.2222,0,32.4,Moderate,35.0,v2+GCRF
3952,3952_IM-2020-1001.dcm.png,False,1,0.5,0.5,0.9091,0.9091,0.6667,0.6667,0.8333,0.8333,0.5714,0.5714,0.5,0.5,0.6667,0.6667,0.3333,0.3333,0.6667,0.6667,1,1,0,0,0,0,0.2222,0.2222,0,0,16,16,0.5,0.5,0.0,0.0,0,2,,Consolidation; Pleural Effusion,40.83,40.83,0.0,Moderate,0.2222,0.9091,0.5,0.6667,0.8333,0.5,0.6667,0.3333,0.2222,0,35.59,Moderate,40.83,v2+GCRF
3956,3956_IM-2021-1001.dcm.png,True,2,0.4,0.0,0.9,0.75,0.6667,0.0,0.75,0.75,0.5,0.0,0.6,1.0,0.25,0.4,0.75,0.6,0.25,0.4,1,1,0,0,0,1,0.2222,0.1111,0,0,20,31,0.0,0.0,50.0,0.0,0,1,,No Finding,37.25,54.0,16.75,High,0.1111,0.75,0.0,0.0,0.75,1.0,0.4,0.6,0.1111,0,42.06,Moderate,54.0,v2+GCRF
3958,3958_IM-2022-1001.dcm.png,True,2,0.0,0.0,1.0,1.0,0.0,0.0,0.6667,0.7333,0.0,0.0,1.0,1.0,0.6,0.75,0.4,0.25,0.6,0.75,1,1,0,0,0,0,0.2222,0.2222,0,0,28,26,0.0,0.0,0.0,0.0,0,0,,,56.0,61.25,5.25,High,0.2222,1.0,0.0,0.0,0.7333,1.0,0.75,0.25,0.2222,0,49.36,Moderate,61.25,v2+GCRF
3959,3959_IM-2023-1001.dcm.png,False,1,0.5,0.5,1.0,1.0,1.0,1.0,0.8462,0.8462,0.6667,0.6667,0.5,0.5,0.25,0.25,0.75,0.75,0.25,0.25,1,1,0,0,0,0,0.2222,0.2222,0,0,18,18,0.0,0.0,100.0,100.0,1,1,Pneumothorax,Support Devices,41.25,41.25,0.0,Moderate,0.2222,1.0,0.5,1.0,0.8462,0.5,0.25,0.75,0.2222,0,37.45,Moderate,41.25,v2+GCRF
3962,3962_IM-2027-1001.dcm.png,True,2,0.4,0.6667,0.7,0.75,0.4,0.4,0.7,0.9,0.4,0.5,0.6,0.3333,0.75,0.25,0.25,0.75,0.75,0.25,1,1,0,0,0,0,0.2222,0.2222,0,0,20,26,0.4,0.4,0.0,0.0,0,3,,Lung Lesion; Edema; Pleural Effusion,47.25,20.42,-26.83,Low,0.2222,0.75,0.6667,0.4,0.9,0.3333,0.25,0.75,0.2222,0,21.77,Low,20.42,v2+GCRF
3966,3966_IM-2028-1001.dcm.png,False,1,0.75,0.75,0.7273,0.7273,0.5,0.5,0.8889,0.8889,0.6,0.6,0.25,0.25,0.25,0.25,0.75,0.75,0.25,0.25,1,1,0,0,0,0,0.2222,0.2222,0,0,18,18,0.4,0.4,0.0,0.0,0,3,,Lung Opacity; Pleural Effusion; Support Devices,17.5,17.5,0.0,Low,0.2222,0.7273,0.75,0.5,0.8889,0.25,0.25,0.75,0.2222,0,20.2,Low,17.5,v2+GCRF
3972,3972_IM-2032-1001.dcm.png,False,1,0.5,0.5,0.7778,0.7778,0.6,0.6,0.7,0.7,0.5455,0.5455,0.5,0.5,0.6,0.6,0.4,0.4,0.6,0.6,1,1,0,0,0,0,0.3333,0.3333,1,1,37,37,0.0,0.0,50.0,50.0,1,4,Pneumothorax,Lung Opacity; Pleural Effusion; Support Devices; No Finding,46.0,46.0,0.0,Moderate,0.3333,0.7778,0.5,0.6,0.7,0.5,0.6,0.4,0.3333,1,45.37,Moderate,46.0,v2+GCRF
3974,3974_IM-2034-2002.dcm.png,False,1,0.375,0.375,0.8571,0.8571,0.75,0.75,0.5455,0.5455,0.5,0.5,0.625,0.625,0.8,0.8,0.2,0.2,0.8,0.8,1,1,0,0,0,0,0.2222,0.2222,0,0,44,44,0.3333,0.3333,20.0,20.0,1,3,Pneumothorax,Pleural Effusion; Support Devices; No Finding,52.88,52.88,0.0,High,0.2222,0.8571,0.375,0.75,0.5455,0.625,0.8,0.2,0.2222,0,48.4,Moderate,52.88,v2+GCRF
3982,3982_IM-2039-1001.dcm.png,False,1,0.8,0.8,0.9,0.9,0.8,0.8,0.9,0.9,0.8,0.8,0.2,0.2,0.2,0.2,0.8,0.8,0.2,0.2,1,1,0,0,0,0,0.2222,0.2222,0,0,26,26,0.6667,0.6667,0.0,0.0,0,2,,Edema; Pleural Effusion,14.0,14.0,0.0,Hallucination-Free,0.2222,0.9,0.8,0.8,0.9,0.2,0.2,0.8,0.2222,0,14.92,Hallucination-Free,14.0,v2+GCRF
3985,3985_IM-2041-1001.dcm.png,True,2,0.6,0.8,0.9,1.0,0.75,1.0,0.8182,0.9091,0.6667,0.8889,0.4,0.2,0.5,0.2,0.5,0.8,0.5,0.2,1,1,0,0,0,0,0.2222,0.1111,0,0,20,34,0.4,0.8571,50.0,25.0,1,0,Pneumothorax,,39.0,17.75,-21.25,Low,0.1111,1.0,0.8,1.0,0.9091,0.2,0.2,0.8,0.1111,0,15.99,Low,17.75,v2+GCRF
3989,3989_IM-2042-1001.dcm.png,False,1,0.4,0.4,0.8,0.8,0.5,0.5,0.7273,0.7273,0.4444,0.4444,0.6,0.6,0.4,0.4,0.6,0.6,0.4,0.4,1,1,0,0,0,0,0.2222,0.2222,0,0,26,26,0.4,0.4,0.0,0.0,0,3,,Edema; Pleural Effusion; No Finding,35.0,35.0,0.0,Moderate,0.2222,0.8,0.4,0.5,0.7273,0.6,0.4,0.6,0.2222,0,33.0,Moderate,35.0,v2+GCRF
